label,feature_0,feature_1,feature_2,feature_3,feature_4,feature_5,feature_6,feature_7,feature_8,feature_9,feature_10,feature_11,feature_12,feature_13,feature_14,feature_15,feature_16,feature_17,feature_18,feature_19,feature_20,feature_21,feature_22,feature_23,feature_24,feature_25,feature_26,feature_27,feature_28,feature_29,feature_30,feature_31,feature_32,feature_33,feature_34,feature_35,feature_36,feature_37,feature_38,feature_39,feature_40,feature_41,feature_42,feature_43,feature_44,feature_45,feature_46,feature_47,feature_48,feature_49,feature_50,feature_51,feature_52,feature_53,feature_54,feature_55,feature_56,feature_57,feature_58,feature_59,feature_60,feature_61,feature_62
OPEN_PALM,0.0,0.0,0.0,0.11708907443714396,-0.10844181168595389,-0.018633836244369026,0.17700262320441718,-0.2924100675300923,-0.027514509097117074,0.20422983052477536,-0.42793726967495005,-0.040850340314064676,0.23921274933584474,-0.5442103877590857,-0.05636218673394284,0.09744845792501555,-0.49811114611252677,-0.020630090679711742,0.13199736823766875,-0.7010440451385139,-0.06497300830795515,0.15826680234356438,-0.8217596884756276,-0.09701850589767978,0.18059429822863404,-0.9223138032225844,-0.11910424071074437,0.04656870436033871,-0.4971251521576743,-0.0451033625312246,0.06821869871619064,-0.7259884288851606,-0.08812747631337842,0.08618624303090344,-0.8749133511202106,-0.12177381323071182,0.09695046883105822,-1.0,-0.14440643950375248,-0.004215689590601617,-0.45477845394354793,-0.0753239327053048,-0.005839553782210868,-0.6783764740497558,-0.12328737966396477,0.0027595197624649074,-0.8247640257079738,-0.15481562648561661,0.010306784918021296,-0.954436748660992,-0.17421361594634172,-0.054710795482562434,-0.37675625715961203,-0.10674496363645883,-0.08357546796507882,-0.5375260456039014,-0.15708051919178798,-0.09206889202316831,-0.6605813105752589,-0.18208578893112615,-0.09706121231410479,-0.7796699823829226,-0.19673770188980486
OPEN_PALM,0.0,0.0,0.0,0.11715202890679823,-0.10770301025699708,-0.022985799893829102,0.17739965154101175,-0.28874910973027224,-0.03661655407867705,0.20912049928162876,-0.424729245993761,-0.05424247250201819,0.2474245498297766,-0.5453612229687471,-0.07429154732786437,0.10313233671560149,-0.49885619638830514,-0.02938620287900012,0.13697096181825116,-0.7045295430295185,-0.07875583124020351,0.16340286569475146,-0.8282585688398229,-0.11448960951162816,0.1868270756629873,-0.9320255223100736,-0.13851553989773227,0.05322253927832703,-0.4980167343463387,-0.05344671036755855,0.07410656677482094,-0.7272623244713023,-0.09980162218418509,0.0927374979288426,-0.8758767731478706,-0.1346342514753659,0.10528381768648339,-1.0,-0.15775340089718756,0.002605369691252743,-0.45517218205034593,-0.08349839697081804,-0.000781943907103974,-0.6791775673623132,-0.13336137262813427,0.006877251658389101,-0.8247161076408503,-0.16407116255777848,0.014301934688056954,-0.9535910892501835,-0.18260287492916238,-0.047769668729852256,-0.3766434797946865,-0.11519583382145594,-0.07785528598723017,-0.5394774204993422,-0.16638663328114875,-0.0873971409248795,-0.6627254635204852,-0.19021408826109915,-0.09297937682229056,-0.7816039446542343,-0.20358522564084336
OPEN_PALM,0.0,0.0,0.0,0.11778499129029885,-0.11522338242757213,-0.017789584654878454,0.1761994766394942,-0.2988343790750215,-0.028657843425285108,0.20551690575970263,-0.43179777924592594,-0.045131517452697625,0.23921165967454822,-0.5521130410479665,-0.06461512332673001,0.10032239830792994,-0.5031834290433692,-0.024072443782210847,0.13251441802698463,-0.7096509314496172,-0.07317561576070289,0.16006313874176017,-0.8342521145225886,-0.1099668398171059,0.18431379934566125,-0.9386381025632913,-0.1352856786608915,0.0507067576583723,-0.5003437927590831,-0.05162719424180233,0.06965169481970529,-0.726458231477415,-0.09878409579794732,0.08665355377653496,-0.8759708422759377,-0.13653925036657918,0.09794188895426083,-1.0,-0.162295897022403,0.0006971778659838522,-0.4560387972802932,-0.08486871913884153,-0.002812617000904744,-0.6796131220304841,-0.13538921072908958,0.004114966548570301,-0.8271351951025792,-0.1693091588199236,0.010929450792887901,-0.9555176716408765,-0.19069301319100834,-0.04842001224907661,-0.37641668556258745,-0.11935961908939825,-0.07962251349143631,-0.538893279103924,-0.1719633890829774,-0.08917759679545273,-0.6617381083136779,-0.19804193182956792,-0.094838186885553,-0.7780986108422157,-0.21348008742699165
OPEN_PALM,0.0,0.0,0.0,0.12103270808206215,-0.11334993588436848,-0.015400745541023901,0.17640154115738013,-0.2984377104791747,-0.02501523078059964,0.20627805768625215,-0.43206582043555225,-0.04067688128507335,0.2434311570929624,-0.5508370311214807,-0.0593667190975339,0.10253181416778051,-0.5077921677432685,-0.02084865159672221,0.13439183470638413,-0.7124630320023988,-0.0694713030055829,0.1633579582243773,-0.8355124539068746,-0.10615862595703081,0.19025780555513355,-0.9397087963759514,-0.13173568304373987,0.05323179677048199,-0.5058333944451087,-0.04920855092960369,0.0715851139487724,-0.7298315621517354,-0.09535041545163651,0.09074687304125825,-0.8766080829756759,-0.1319548526661892,0.10529378041278183,-1.0,-0.15722193047168276,0.0038372979608115127,-0.46029093108151287,-0.0833062434734607,-0.002244741077272824,-0.6810295910029873,-0.13298208567153444,0.005051727311502643,-0.8267238656060455,-0.16576418322046352,0.013354180482007625,-0.956632325129517,-0.1867186034591492,-0.0437363138854214,-0.3781630643188776,-0.11863842437245842,-0.07864558068997776,-0.5391344584057443,-0.17078724309487894,-0.08898907462774854,-0.6608721431801202,-0.1965563038744384,-0.09430446160710965,-0.7787637480675347,-0.2120770082495183
OPEN_PALM,0.0,0.0,0.0,0.11732185122930999,-0.10948662415601548,-0.022080284277340156,0.1795603132634223,-0.29777322318557176,-0.03308769837828075,0.2139261073723196,-0.43552428167812784,-0.04836746718855606,0.2482413248724736,-0.5558950931889189,-0.06574332032743649,0.10593260585962382,-0.5023376002795066,-0.02671777997453517,0.13862674189633759,-0.707848771489116,-0.0753610314668233,0.16681146749749873,-0.8305122206742408,-0.1109778632812905,0.19323906055770018,-0.933194621926194,-0.13507783229805997,0.05585397440601061,-0.5029001133219495,-0.05055472533753512,0.07540335098355826,-0.7286023771208415,-0.09617221224552706,0.09418467118073015,-0.8763066593310354,-0.13088160486799807,0.10787838915119605,-1.0,-0.1540576909728537,0.0051699409457400996,-0.46066854386807676,-0.08044511229714556,0.00047016015487771434,-0.6851089212788235,-0.12901178764275828,0.007846252774000547,-0.8307966635218131,-0.1596179568965702,0.01621233193266473,-0.961330692829744,-0.17863387669339792,-0.04477344865609353,-0.38197194758280734,-0.11217874163513922,-0.07871510732406951,-0.5423304467239659,-0.16276790602155947,-0.09021643045873086,-0.6643035251997448,-0.18710088147480936,-0.09641621231170203,-0.7828844305271104,-0.2011446401543876
OPEN_PALM,0.0,0.0,0.0,0.11153250791895598,-0.11233649602174217,-0.02251487890440574,0.16891945909651448,-0.29674019277814545,-0.03291033602720233,0.19653371013005902,-0.4309160024001986,-0.04759410523203446,0.2231563255561521,-0.5572465172331507,-0.06422523267475798,0.08352727430334356,-0.5072583683898627,-0.019034989052787048,0.12001093705391608,-0.7094511692621722,-0.06423349127675189,0.14841147739023552,-0.8321797771700966,-0.09886071583238881,0.17277689244670524,-0.9348423202845243,-0.12221018457173245,0.03462096461074657,-0.5062593918028611,-0.04247721622251663,0.05474007552359537,-0.7291330393656509,-0.083479006767878,0.07170357084351978,-0.8775193764149612,-0.11654293578885178,0.08238167924806648,-1.0,-0.13907541886915092,-0.01576259151461202,-0.4628440342524072,-0.07265410391266937,-0.01864020521758613,-0.6857027987333693,-0.11752220234856808,-0.009665556033445502,-0.8310201035239014,-0.14611686382734104,-0.0010770122052332738,-0.9573263327875198,-0.1637756404158913,-0.06555831618845884,-0.3821607358758799,-0.10502039475805557,-0.1018008830695592,-0.5447356779751608,-0.15307434004684115,-0.11498337167570528,-0.6676539446150245,-0.17480497195333278,-0.12380838555065944,-0.7829954153068676,-0.18678743666609884
OPEN_PALM,0.0,0.0,0.0,0.10881665052647636,-0.10957377127010735,-0.01995904849259853,0.15655462084291608,-0.29428388862782906,-0.029691980447936722,0.18203450333144647,-0.43348502958745533,-0.043501014193496376,0.21313635039455867,-0.5507481988584294,-0.05995779828933329,0.07476695049262679,-0.4968271592702494,-0.02247437908588061,0.1050333505227153,-0.700341094964466,-0.0671333740789577,0.13303509914210176,-0.8214499648508272,-0.09997742393273944,0.15937316532310872,-0.9209879048483823,-0.1218010237138465,0.02561960777459537,-0.49588494008314304,-0.04555242804061277,0.03990944799848035,-0.7290520871326884,-0.08631900177577466,0.05756872092718695,-0.8763068132904088,-0.11763120049938668,0.07083911745102216,-1.0,-0.1385805782285683,-0.023764666960774204,-0.4523328188204251,-0.07454906827349225,-0.03389424939300882,-0.680346456609314,-0.11921371456594189,-0.03020745499005321,-0.825204718828403,-0.14711024353442423,-0.024542020326473388,-0.9522241185575563,-0.16407815174122145,-0.07403281681218712,-0.3733554797077067,-0.10517573042220774,-0.11913178212891555,-0.5371018962424065,-0.15197807969004973,-0.13748081719560534,-0.6588555056745744,-0.17337800886585636,-0.14951176529477303,-0.7756780645273407,-0.1853756783081817
OPEN_PALM,0.0,0.0,0.0,0.10791610639641094,-0.11224382217850007,-0.026574617323100725,0.15631947249496136,-0.2969909023946259,-0.038588968774039875,0.18156526142312637,-0.4354893610112857,-0.05361026335975379,0.209808708906757,-0.5554975939400226,-0.07071334862141197,0.07040448868916008,-0.49735216123592335,-0.02405788005586634,0.10799797752418423,-0.6986427868573334,-0.06861247522480249,0.13502441368146226,-0.8208520284443405,-0.10332059818029642,0.1564586135722111,-0.9250195427477594,-0.1267362200480348,0.01660848454799493,-0.4967174109959,-0.04557571586033159,0.03692905782118519,-0.7267989848179356,-0.08463144656786596,0.05242939374678884,-0.8737663243633487,-0.11608641229329521,0.060924071052784516,-1.0,-0.13787898511788746,-0.03812236436845015,-0.4539492087260081,-0.07387442573270975,-0.03652074798139613,-0.6783754995371343,-0.11729975087288791,-0.02966971822537458,-0.8228063281202573,-0.14424482635194233,-0.024010999017496665,-0.9494942789561471,-0.16075875323335603,-0.09559609526512476,-0.373802553831387,-0.1046746776607275,-0.13404330474699655,-0.5368152400215953,-0.14983360152152486,-0.14942038578133565,-0.6593504223210574,-0.16861524410235978,-0.15950985688040425,-0.7750019558932745,-0.1789079612721247
OPEN_PALM,0.0,0.0,0.0,0.1056709797863675,-0.11409823016033036,-0.02277006047587668,0.15412634783858442,-0.2988943979903409,-0.03275945675110444,0.18087559157570407,-0.43898132307727117,-0.04607522118788356,0.20733670223091188,-0.5552487526708014,-0.06145968184766386,0.07143482122878779,-0.4940574281049415,-0.026947124022807762,0.10567107859743811,-0.6951027800642934,-0.07209358722628145,0.13354647210635115,-0.8159562784727188,-0.1057516639666149,0.15878153499737435,-0.919846336927866,-0.12832907959962306,0.015102284032718915,-0.4964993460930374,-0.049441526005115935,0.03263704959629008,-0.7285373832170483,-0.09111299530152726,0.04741691310559391,-0.8747576596736261,-0.1221775099388311,0.05695801127305861,-1.0,-0.14314232889941078,-0.04106696786915952,-0.455293943913947,-0.07782333860231207,-0.041432470019362524,-0.6799433832327593,-0.12266137540024644,-0.03440053077354691,-0.8227835799912918,-0.14991529668052964,-0.028561142338977604,-0.9486688839541543,-0.16661018049526144,-0.09912608030761072,-0.3756664497928352,-0.1082868101998356,-0.1380252815040942,-0.5383500833743111,-0.15421060156875777,-0.15473966815388857,-0.6597553922065831,-0.17410491374168385,-0.16600828026890643,-0.7776603188623368,-0.18538663067494196
OPEN_PALM,0.0,0.0,0.0,0.11452568328994989,-0.10380402050662692,-0.035344141542395666,0.17705426397374088,-0.29481065149320085,-0.04580838939963905,0.20931376009241887,-0.44702359717710166,-0.0571535081196648,0.23755774777854374,-0.5684839097844429,-0.06995641830615543,0.0913196416908453,-0.5054022150769802,-0.02685238103657839,0.1410826585892728,-0.6977093509055428,-0.07098727762583687,0.1718250614434464,-0.822349996075979,-0.10758566072457415,0.19631105000907811,-0.9318131320298374,-0.13331815317259962,0.028791353299122496,-0.5133459340443922,-0.04181072600678969,0.05169628535266475,-0.7334403999179049,-0.07920376598703464,0.06686444122306108,-0.8755809122172384,-0.1106780864481663,0.07628082506061529,-1.0,-0.1334930534388923,-0.03176888388225053,-0.4759143297794028,-0.06429706537161857,-0.033705172687858914,-0.6837483125613539,-0.10424568797691228,-0.02811464844595858,-0.8247193155805849,-0.1305326950147694,-0.023717796295129833,-0.9504693065804249,-0.14814520419943872,-0.09413100423321731,-0.4005703982279696,-0.0908424281506497,-0.1290213725421708,-0.5582594358090812,-0.13249214796678047,-0.14305105080703545,-0.6770271538844179,-0.15114471758186054,-0.15226263533549014,-0.7922391389504366,-0.16237882925487068
OPEN_PALM,0.0,0.0,0.0,0.11478197777297422,-0.11453441262890558,-0.03299237058218737,0.17749533088892783,-0.30121829064930655,-0.04325499462666681,0.21060663196809135,-0.4455113031601044,-0.05562759009591444,0.23653009601298888,-0.561487387803997,-0.07009426356541226,0.0903453364325352,-0.49590577270656094,-0.026896920115524445,0.14233201211088495,-0.6863851723226655,-0.07298800633372513,0.17636474998807994,-0.809541266608569,-0.11271455757849289,0.2027054522225761,-0.9227461202981415,-0.1406792885899194,0.028898111741847258,-0.5053985858479507,-0.04364406434634737,0.04911903416088756,-0.7204536107450241,-0.08251996836839083,0.06008072427815096,-0.8682640337864614,-0.11823575666243981,0.06385720240123394,-1.0,-0.14468459861646046,-0.03167812464845344,-0.4718395961141961,-0.06752171831556787,-0.035085235767498,-0.6779923941611281,-0.10878617315845898,-0.028204910247254435,-0.8204382852837246,-0.13936408384705423,-0.024467187261434566,-0.9456484495725743,-0.1597954032289518,-0.09442006683733882,-0.4015824505283752,-0.09526348796772763,-0.1326913376206761,-0.5589533172894066,-0.13790922697163754,-0.1525500522359113,-0.6781392054939129,-0.15880486821666828,-0.16904967010166685,-0.7893286011337978,-0.17154823270000003
OPEN_PALM,0.0,0.0,0.0,0.11649740080120959,-0.10532994526298761,-0.038626614175032374,0.18111733982999334,-0.29080182949723,-0.05078859527629067,0.21663948596819976,-0.4377288283655421,-0.06357676463322784,0.24397305707528977,-0.5533781040368725,-0.07781357708963613,0.09607366670201313,-0.4923365429626072,-0.03197519177596605,0.14701291259593027,-0.6860738973874917,-0.07819761382539672,0.18002163127290063,-0.8128833662764221,-0.11738358291752976,0.2054009261404905,-0.9244658847979503,-0.14478201651566408,0.032186272733080855,-0.5030158566362849,-0.04553942375043534,0.055782549222632656,-0.7201115872176702,-0.0853861779867653,0.06918157823612567,-0.8702392759020158,-0.12169551458754167,0.07541938952268326,-1.0,-0.14806139333830481,-0.029896410828243458,-0.47013529655852393,-0.0663820614376264,-0.028129720805067638,-0.6768362255564765,-0.10811923511141985,-0.018924515819185493,-0.8209755375612444,-0.1403840049865165,-0.011882770386401974,-0.9469749966370234,-0.16200490653384644,-0.0935991140158706,-0.3993497897202184,-0.0913793724803504,-0.1281795792467749,-0.5528863547450911,-0.13460654413493392,-0.14638911248081538,-0.6714676143694459,-0.15701767397829658,-0.16021979864290486,-0.7837967279305909,-0.17086858071937244
OPEN_PALM,0.0,0.0,0.0,0.11638882199399816,-0.10021853909609729,-0.0469650971959454,0.1824196912037126,-0.27892730431586893,-0.06416179931335221,0.21690903928754693,-0.43190448214711524,-0.08058035697426165,0.24744853414942733,-0.5563449863048991,-0.09814551674175633,0.09530161071057056,-0.48952918547123486,-0.03717600376260835,0.14559193453630476,-0.6826274797580797,-0.08518936758580409,0.1775593097205025,-0.8070428835320881,-0.1253947005648905,0.20261716492112442,-0.9175079202366635,-0.15355821914615997,0.03116837787349075,-0.499671161292935,-0.04750014088363696,0.0539802696775761,-0.7189883692872652,-0.0893068901873973,0.06813167661328573,-0.8695940818030979,-0.12737262264619537,0.07522665528151146,-1.0,-0.15513525731508224,-0.030769471208320635,-0.4661958687136266,-0.06598174289431977,-0.029252934436140007,-0.6725508596526248,-0.11062321943149925,-0.018498367172676194,-0.8165596703609223,-0.14552188136792754,-0.009523464478102638,-0.9428503095990262,-0.16869568045072164,-0.09314430376389726,-0.39610309438004776,-0.08910551288671625,-0.1285764317341784,-0.5503828400515931,-0.1357166532421424,-0.14743903862688587,-0.6690956260686903,-0.16111738915697918,-0.16248127239054871,-0.7826263668165349,-0.17691431568602473
OPEN_PALM,0.0,0.0,0.0,0.11681688546543172,-0.10507686354451465,-0.04535228481381117,0.18978648598366157,-0.2802820141328378,-0.06188344910827785,0.23044905557549675,-0.42940344418411713,-0.07845353419515465,0.25520287080529847,-0.5570215667569766,-0.0954826001377352,0.0997936767674092,-0.4940934350520752,-0.030247464162878608,0.1516071968274677,-0.6875008935286341,-0.07744941122094245,0.18349757445526071,-0.8123238911841584,-0.11714672483995409,0.2087076331754523,-0.9218486267104409,-0.14449471368450909,0.03548749081428657,-0.5051653963936874,-0.0412225329329065,0.0603023170159744,-0.723574921640826,-0.08197867499494634,0.0745957628645053,-0.8725827928690414,-0.11959824466581845,0.08169904655055871,-1.0,-0.14668868209966446,-0.026673748274563334,-0.47326526466067115,-0.06067483657762832,-0.024679894412767245,-0.677645900256337,-0.10334220351573485,-0.015443234908833304,-0.8174806571072929,-0.13562102403976842,-0.007154110224544762,-0.9384451889334321,-0.15674881042065636,-0.088603518621328,-0.40513035333624586,-0.08510053255335705,-0.12118873280354835,-0.5588634669599528,-0.12931756502845504,-0.13883625205009537,-0.6761058991728662,-0.15224818737718523,-0.15249912368449275,-0.7874771250692888,-0.16593065089695125
OPEN_PALM,0.0,0.0,0.0,0.10279739174309398,-0.1148741279852419,-0.0324074224702762,0.1620208679378559,-0.2987395845449819,-0.04665330277715278,0.19376182572988748,-0.44707101301871244,-0.062328800306662414,0.21522432183140075,-0.5723421301379461,-0.0794583571417722,0.0880078754474435,-0.49084951807644367,-0.03780149572350201,0.1164287201024369,-0.7012687719279372,-0.08544659843175804,0.13883098322740622,-0.8272684870394467,-0.1207377305042757,0.1581606577062865,-0.9328043525889842,-0.14374796305339088,0.028193731089277772,-0.4914710667690831,-0.05495634409626141,0.04184004346902741,-0.7202976133817292,-0.09839668814858023,0.05349833173103568,-0.8733265802786663,-0.13323277064944397,0.05988344545254671,-1.0,-0.15668640053319008,-0.030936431157887294,-0.4515757282305956,-0.07818666645152658,-0.03650875782374777,-0.6709967283928264,-0.12449852752353142,-0.032515228231123905,-0.8116732914926975,-0.1561409125531119,-0.026902848126099367,-0.9317754018286845,-0.17555322726633454,-0.08881384285278075,-0.37735507258557244,-0.10414926729710558,-0.13306837871266325,-0.5335654063536664,-0.15328703297411292,-0.15838056741603737,-0.6494039865754704,-0.17752288155136578,-0.17705786069874904,-0.7579358877950447,-0.19069474797727637
OPEN_PALM,0.0,0.0,0.0,0.09986791658609817,-0.10707046320320056,-0.009965383034808793,0.13144909789669684,-0.2831939985546024,-0.015627142174138582,0.13904231850967685,-0.409735807672539,-0.02681856891990166,0.13776521868867,-0.5131503898103754,-0.04004525623102678,0.048890733631397065,-0.4705040892549592,-0.012356078152100722,0.03677507661564506,-0.6724023895969481,-0.048961881998007155,0.03726948129318674,-0.800337249808067,-0.07934597166962112,0.03691542095628238,-0.9042578317506627,-0.1018868989805384,0.016721953612466697,-0.46623621641280155,-0.04021785402979051,0.02470161431595028,-0.7052510482163399,-0.08139911507252538,0.0371631044206639,-0.8634200342532568,-0.11877962812851835,0.04719053194835232,-1.0,-0.14442672643830964,-0.013693749018804458,-0.4341225252762948,-0.072445481724978,0.015223343560299689,-0.6686837697519504,-0.11773094269118503,0.04689208973204335,-0.8193842429341772,-0.15521618476448423,0.069352717178537,-0.9498880252309968,-0.1798549039349775,-0.04152989668837874,-0.3727204088143559,-0.10490591407503652,-0.005302581580500518,-0.5308798685641811,-0.14693811792911246,0.021717577053349084,-0.6434379542577524,-0.17024764340310178,0.044025543343571845,-0.7456021871585361,-0.18605193411016543
OPEN_PALM,0.0,0.0,0.0,0.06974785198593884,-0.1684569266612788,0.031118450421535205,0.07234378386040707,-0.3547951275824857,0.029964063717431506,0.0664643235382575,-0.4860054888552905,0.015108047772717719,0.062134059326595464,-0.6029948581052609,-0.002583338288034979,0.002946655782203694,-0.47944365884379864,0.009151958066218747,0.04017550203435547,-0.7010464953273227,-0.027228486530432555,0.06551825755762979,-0.8465398394656704,-0.05688130435920799,0.08691691104962206,-0.9636828268326056,-0.0783030084090708,0.0020550016626717594,-0.4643672350066575,-0.03603895465119741,0.038629232978835616,-0.7040200172926226,-0.07152796727088129,0.06197610289601773,-0.8655072601939655,-0.09940607508456044,0.07922387883079626,-1.0,-0.11912361898437404,0.015439692266166725,-0.43016700207580466,-0.0811970098698803,0.04829844545156043,-0.6661805664666757,-0.1085307377284082,0.06911498088685375,-0.8134727949580224,-0.12026642487390134,0.08142648769398142,-0.9360281683044062,-0.13060287520716224,0.04489809614936511,-0.38121023060070797,-0.12513470530960183,0.06105779166874435,-0.5367880108664825,-0.14731435978957969,0.06754921555449554,-0.6453377398055118,-0.15138083623948853,0.07261662719846655,-0.7369461450111119,-0.1542622866454031
OPEN_PALM,0.0,0.0,0.0,-0.042825388152718843,-0.1863485134778366,-0.03293033670353855,-0.05276426426175072,-0.3862105849832471,-0.07638806587519915,-0.07709825922921289,-0.5570929844444069,-0.1159756552483222,-0.10654244498047903,-0.6909279047402377,-0.15971360061271894,0.08556507725253912,-0.45942511649698126,-0.1255794167401359,0.15983591574406084,-0.7138605824911165,-0.19450261003048866,0.20247645962578295,-0.8737310046591232,-0.23377738706039924,0.2366826398829136,-1.0,-0.2567918758164081,0.14896606819711386,-0.39643172256014336,-0.1432861802854328,0.2659654716517847,-0.6376288719083203,-0.20108989446186518,0.33436227997497175,-0.7960668724775952,-0.2301696837361562,0.38532756613447755,-0.920522201535768,-0.24871294455865867,0.20525608977631898,-0.2952971200204166,-0.15951171913240308,0.338271388002273,-0.4946834456808136,-0.2109756879187236,0.41931180366481985,-0.623967406063551,-0.23311622993742281,0.47938872976993396,-0.7270922570554702,-0.2457791965146302,0.25197346774602475,-0.17410699507854155,-0.17551303372455415,0.3724714121837701,-0.2943414162786404,-0.22078795947229188,0.44750058199215037,-0.37716493384837724,-0.2328429595800232,0.5134727605263358,-0.4505487034413705,-0.23634347158731372
OPEN_PALM,0.0,0.0,0.0,-0.05449839060984814,-0.18590412894042568,-0.04362613546936291,-0.074482619231406,-0.3889592825366655,-0.09240016478241025,-0.09815420043304099,-0.5646056725358699,-0.1349015973224085,-0.12787583076569128,-0.7034869582418622,-0.18056386352005493,0.07651370830582928,-0.4477668502181331,-0.13725035818874848,0.14934920218541636,-0.7104399644794585,-0.2064378069882101,0.18974177727416397,-0.8728927954795166,-0.24461705402583564,0.22051907939013035,-1.0,-0.26615369372240594,0.15097278335264888,-0.38244700408314214,-0.15023063536508044,0.26694143840991824,-0.6379903157070889,-0.21090593418271086,0.3329191241133303,-0.8076563753136536,-0.24220845169033853,0.3816354822687563,-0.9420793707789792,-0.26218571918882805,0.21273444739971145,-0.29129166191841027,-0.1622816832425561,0.34365322963858064,-0.5091585802964202,-0.21831525681974553,0.42002540406766103,-0.6499001253539691,-0.24499174520998984,0.47545690769174537,-0.7618809975853772,-0.26007351556065844,0.26065019577150744,-0.18828692942980071,-0.174407690858401,0.38099452140800677,-0.3193536422531032,-0.22124574180844647,0.4540092306104502,-0.4024614961200474,-0.23493324489929263,0.5153454867195748,-0.4757863650144168,-0.2399075451854781
OPEN_PALM,0.0,0.0,0.0,-0.057775603022944634,-0.1898976439595166,-0.035960217555746576,-0.07271744382717181,-0.39787876397065247,-0.07635296247267777,-0.08371337970980305,-0.5711197693980649,-0.11069916396141079,-0.10851982343045083,-0.7022619486883599,-0.1480758145857186,0.08176167892489897,-0.4401191262692231,-0.13194272437155752,0.15979820471154968,-0.7100137631166008,-0.19525547811324712,0.20072160065497666,-0.8735219791473243,-0.2278481639770839,0.22930032310516738,-1.0,-0.24481746779077684,0.15654319177326376,-0.3764987279543748,-0.1441105440744644,0.27312223512376044,-0.6414845995745946,-0.197696751099259,0.3406545356787745,-0.8123791012081844,-0.22362038213935054,0.3901934672879594,-0.9423825094457058,-0.24006211309897793,0.2189102725022706,-0.29273790387813864,-0.1543287483131643,0.34149790843662314,-0.5143437920799786,-0.20420989831572775,0.4150498524469578,-0.6542013899127327,-0.22942647281653253,0.4701091193863366,-0.7598609502846263,-0.2437181185967865,0.267145413795366,-0.20090548078064843,-0.16414829767668987,0.3835045023003611,-0.3336318662504526,-0.20760551765464658,0.4566537270525068,-0.41319984093120593,-0.22174844155053566,0.5199157158534049,-0.4814321716901644,-0.2269723292843074
OPEN_PALM,0.0,0.0,0.0,-0.056858379412900104,-0.19355842997808842,-0.03684376339724683,-0.07050304206697441,-0.4027415031453722,-0.0804206727768174,-0.07617602122650485,-0.579145176461633,-0.11772467150453202,-0.1022698332436209,-0.7118565036075272,-0.15812654241649965,0.0952479597218371,-0.4451512334099967,-0.138106003706945,0.17874690763969314,-0.7120014571473622,-0.20377641382868206,0.22164815328320311,-0.872797070481348,-0.2372384301291589,0.25163004768351627,-1.0,-0.2547788415014329,0.16863887212444473,-0.3802713121394512,-0.1498839137879037,0.29155773402710944,-0.6372567026060102,-0.20520768051383492,0.36270773864865896,-0.8012810391418055,-0.23055316852227334,0.416624800865589,-0.9251225798032852,-0.24691889076171308,0.22838865599904307,-0.2937992942622104,-0.1596937913983995,0.3569425459844172,-0.5059691932949473,-0.21153484000078857,0.43318190962424086,-0.6453339205419718,-0.23825693807550544,0.4897467390890654,-0.7517748381098407,-0.2540414053195939,0.2749626741916366,-0.19778981193012218,-0.1689424361969815,0.396030632717308,-0.32364156349737117,-0.21393994871594343,0.4710168496256545,-0.39750795178364623,-0.22964133681191942,0.5355184562937348,-0.462020976397475,-0.2364622544885306
OPEN_PALM,0.0,0.0,0.0,-0.05410164538025715,-0.19865044285253697,-0.03461788190292586,-0.06426952677831606,-0.4106108836789032,-0.07488752896641307,-0.07121916725960703,-0.5877483046134563,-0.10902297943492355,-0.08858341259322032,-0.7232079211134018,-0.14588832200997695,0.10162310925895786,-0.44490996336393573,-0.13038179919399273,0.1844620745320463,-0.714623023060938,-0.19219076183866776,0.23052143921180052,-0.8753699150179004,-0.22208240281427688,0.26339092773191775,-1.0,-0.23716860818522487,0.17373790825013063,-0.38016158289839996,-0.14230530501284913,0.2975767465948651,-0.6375105902952574,-0.19478824632669972,0.3694971508096706,-0.8000647546969345,-0.21762606592301093,0.4227638243409595,-0.9224826053430466,-0.23170603329082562,0.2318823115510084,-0.2924910634216497,-0.15245318879700864,0.36097100680866345,-0.505169512517254,-0.20220206559542578,0.43909440131609073,-0.6443334113272039,-0.22764540139671968,0.49756693428710563,-0.7510567969806843,-0.24230985994927579,0.27614050244569865,-0.1932661976180269,-0.16184697603797013,0.3967271216270396,-0.31705679120873853,-0.20554305565074443,0.47310847756708785,-0.3921709327970724,-0.22078231287538275,0.5388126051236037,-0.457484746135941,-0.22702107834113439
OPEN_PALM,0.0,0.0,0.0,-0.0522553566060626,-0.21284778885265396,-0.019825205258094565,-0.047857861681059224,-0.3934090183398305,-0.05625607472452332,-0.010178831497833274,-0.5392369433281671,-0.08678317707366337,0.024218327168688377,-0.6469792300964972,-0.12010300608988653,0.0728518363458695,-0.4463355401164536,-0.1468224598934628,0.17000902152780872,-0.7177628796432889,-0.21568864754856343,0.22808486037584685,-0.8765688049345397,-0.24713554639204266,0.27234638971884906,-1.0,-0.2615677097354861,0.15288698746702117,-0.3716733151408295,-0.1643505246628168,0.2975286015437813,-0.6337464731582653,-0.23163947979957064,0.3823272455152722,-0.7968915973060795,-0.2573224323225203,0.44412299310151926,-0.9173999345168994,-0.2700499003429024,0.21874701303055125,-0.2790948777807436,-0.17616870074611968,0.36410113461046595,-0.5011958016241679,-0.23268755580682954,0.4481792729708617,-0.6454059684697687,-0.25324080633646484,0.5081965117097088,-0.7510886297939997,-0.2615265363770034,0.26398386094467,-0.1822376779712788,-0.18540205168467794,0.393889918660932,-0.3244590195254655,-0.22959445653493335,0.47125978479795116,-0.4104708976169525,-0.2386749281461843,0.535739967767625,-0.47857782826473894,-0.238133366119083
OPEN_PALM,0.0,0.0,0.0,-0.022897813615264096,-0.2569912244007888,0.009746823872534172,0.04035543178913403,-0.4663362244112927,-0.0006214846478225239,0.12715111230310985,-0.6128662146846763,-0.009078196890185596,0.19872625186340875,-0.699611667432603,-0.018406320426999523,0.06819905702939495,-0.5000992141614544,-0.07594834177819264,0.1679187428060184,-0.7425459034991565,-0.11904917615114737,0.22948092309339632,-0.8888429617117368,-0.1379160762633991,0.2819271139730398,-1.0,-0.14540789133380422,0.1536234367721868,-0.4285587056591159,-0.09419321970785123,0.2854341451918564,-0.6669751419666481,-0.13066194388376096,0.36698799492731393,-0.8145326051728997,-0.14104044702376026,0.43026313938306937,-0.918721798207499,-0.14573847788525301,0.222552801700334,-0.3307364071665155,-0.10569166993617748,0.33928123875803606,-0.5263717097868962,-0.1273452879936769,0.4048168236661011,-0.647801949563047,-0.12272649795828,0.4517625330530849,-0.7330594126992727,-0.1179067331986536,0.269209239897296,-0.22252008044336413,-0.11438213976822895,0.3523871843950416,-0.36913040967841304,-0.11860922962048229,0.4016292384929557,-0.4626990720849928,-0.10199873550594783,0.43994774020569705,-0.5388013312331464,-0.08796674328367603
OPEN_PALM,0.0,0.0,0.0,-0.08174663730730035,-0.31374640887889926,0.0191738677858369,-0.04391612836395712,-0.6025728669313654,0.029472330250786778,0.05158038778281939,-0.7993664953154892,0.03788481192305681,0.13766934143861492,-0.9160347646515244,0.0512072798089558,0.026149033910477834,-0.5689481806843044,0.030409001533610716,0.11488642537337608,-0.8162622583399735,0.044134042065567196,0.16481723743250062,-0.9294329098487597,0.054653776538037796,0.19918201121219808,-1.0,0.06508859060769079,0.15465601486935726,-0.49110953846067174,0.021278353660600515,0.2716132768630327,-0.7570985342041441,0.05072772341460592,0.31642416849309085,-0.8796040198789048,0.060635937355473436,0.33845496100007594,-0.9565601909477052,0.06595504440529375,0.25712010942027713,-0.4046758935180496,0.01426186289703377,0.37358555892037876,-0.6644439285741266,0.039200327915797806,0.4097233417077609,-0.7794709449701385,0.056836510583997746,0.4238057477656207,-0.8408005135029483,0.0669646180713404,0.3302735366081481,-0.32215638971472954,0.010172460139029718,0.4191063199762045,-0.5286924125790808,0.04234011806256946,0.45452808728218475,-0.6379452097066193,0.07447487398157315,0.46767168334189724,-0.7057096984885953,0.09833097298787119
OPEN_PALM,0.0,0.0,0.0,-0.1014165873387596,-0.2770259291204246,0.014335655071516266,-0.07678811179613575,-0.555317632123107,0.025431273034827055,0.003819749053237888,-0.7444269703597949,0.035738990435615084,0.07991593918671279,-0.8484397832094545,0.04912791018630335,-0.01997992530082025,-0.5637244369165528,0.0184125641827876,0.04278266526430265,-0.7898057164420526,0.020283086750039796,0.08946813333223366,-0.9114784479135061,0.021658757184800134,0.12807944568711568,-1.0,0.024594814424316297,0.11929441353561986,-0.49906824978111575,0.004938815367099354,0.20562068426161817,-0.7373989446385982,0.020535171250864327,0.24688971662899586,-0.8735868382667117,0.019385791538667277,0.2725110751597374,-0.9822353236860759,0.016518114150181045,0.23232550356400428,-0.42140112834452315,-0.006701161193728764,0.308329524291558,-0.6502498051347764,0.001512699655400698,0.33944603148489544,-0.7847809645434279,0.007380759199432353,0.3541772202083376,-0.887264372965165,0.010386064447648035,0.31215752084265697,-0.34226233496503566,-0.015533619283959863,0.36019036961378703,-0.5353093470050803,0.00010218564227388727,0.37878109795032316,-0.6490024072565248,0.02464315317205963,0.3833759671095573,-0.736184536751791,0.0435531442307591
OPEN_PALM,0.0,0.0,0.0,-0.09707581735593117,-0.21913655033667986,-0.008811544471703247,-0.0702512990615953,-0.4691881009596737,-0.017780493401749264,0.02282529007274632,-0.6249328995652823,-0.024339128956192786,0.11078052579660874,-0.6981841486982304,-0.0283156362935883,-0.033217782835208105,-0.518305760214428,-0.03973710302728723,0.0289490245437382,-0.7518836780995747,-0.06925405270993003,0.07867809816423366,-0.8964080710645437,-0.08457196596609869,0.11656900491642029,-1.0,-0.09188779096365161,0.08898737651474913,-0.45296890686445557,-0.054426015821122255,0.1640660987588641,-0.6825234784526858,-0.07231458445989526,0.20759090328256877,-0.8262566292972839,-0.0830031362935883,0.238343282862147,-0.937781007311867,-0.0898067342731988,0.19613834353673662,-0.3688540867726038,-0.06792297912977241,0.2674268608787611,-0.5942583748253555,-0.0856965505639855,0.2983380530479182,-0.7377290476688823,-0.08103141311493316,0.3165662405054472,-0.8479997088905996,-0.07524630135797791,0.28327144907884466,-0.28055273551159515,-0.0812484052721864,0.32766901763835243,-0.47231357785582695,-0.09293814372223758,0.3446413726823728,-0.59939171675281,-0.07729431910606054,0.35296224971149986,-0.7023826683843626,-0.06083025073653551
OPEN_PALM,0.0,0.0,0.0,-0.11151832999666443,-0.1398004043425098,-0.04086444337243645,-0.1595947244932085,-0.34572795778122795,-0.06999056792403392,-0.16908183676012625,-0.53065081360187,-0.0936324467653918,-0.18972308166724378,-0.6770677217855461,-0.11636654935038487,-0.012243505212847063,-0.4796390922245649,-0.07005562174328787,0.0228049876355994,-0.7162722126111849,-0.1152753151639725,0.05179578929247945,-0.86513451473533,-0.14693397360624857,0.07549347548178016,-0.9793498850508253,-0.16559149109830001,0.07699787841734797,-0.4575695515328637,-0.0780829208308124,0.12819247597039904,-0.7038521826107316,-0.11449298566753464,0.15765087120239005,-0.869550481599481,-0.14263806714160862,0.17916806013932318,-1.0,-0.16136458753799654,0.15690578766959026,-0.4078847227432916,-0.08832857910948548,0.21633200326505153,-0.641440048042776,-0.1207536885778502,0.254196789219986,-0.7908342241702733,-0.14044724888351404,0.28273357613157096,-0.905975145047089,-0.15197399173179624,0.2236350045587636,-0.3371729664771544,-0.10107619153507842,0.27972104703290523,-0.5177200443896327,-0.12865033933757478,0.31076269001874973,-0.6373549008953486,-0.13641721097886764,0.33572255034077386,-0.7352816982998648,-0.13773274224729898
OPEN_PALM,0.0,0.0,0.0,-0.09999396968452173,-0.14407959604102058,-0.043555452846400666,-0.15373985219026728,-0.3331591585802885,-0.07633888927064006,-0.1778912141395951,-0.49819683258968034,-0.10472231502585976,-0.20437079327511587,-0.6248693302793479,-0.13397398379970077,0.0003237815541411516,-0.4944838075721177,-0.07243393786622082,0.005851673824874485,-0.7297677503882338,-0.12486774355708623,0.012988681046306122,-0.8753102906560519,-0.16381657194925464,0.02573480940337502,-0.9843738548198971,-0.18908570699069632,0.07956140536244516,-0.4875599745799009,-0.083604639861946,0.12301544636962122,-0.7345598410883019,-0.12637081257533542,0.15707002948669646,-0.8886411019087237,-0.1572332456169286,0.1922837732457065,-1.0,-0.17809500604641076,0.1458788978644952,-0.4363871297605346,-0.0990022128919012,0.2100394959893248,-0.6708134277086296,-0.1414649499232439,0.2595173582888748,-0.8137385018119294,-0.16945072920235832,0.30472555106517535,-0.9204437487533482,-0.187767348597193,0.20170343526971746,-0.3449581666191629,-0.11702195521703622,0.2700391764341456,-0.4932627975406621,-0.15556386616731602,0.3047298805224418,-0.5986540542017125,-0.17064603308129433,0.3341178241178602,-0.6853023687800774,-0.17812755428764607
OPEN_PALM,0.0,0.0,0.0,-0.10649500266796194,-0.14484728798566215,-0.038594886612948236,-0.17035158597485203,-0.33442382215241595,-0.06625506238377651,-0.20491764772620505,-0.5034764386164889,-0.08984947688135762,-0.23491427067138687,-0.6308760532245112,-0.11197306379221224,-0.0094492165410095,-0.5065001657504595,-0.05742341795640446,-0.01941684645125607,-0.7483256544484055,-0.09932894066532538,-0.022740165325003857,-0.8908781406166626,-0.1306563384296442,-0.019525869480819923,-1.0,-0.14930956664143605,0.07554232309462312,-0.5004203591200866,-0.06127139284809052,0.10484115433229156,-0.7445316751787358,-0.08947504260451712,0.11918909468339889,-0.8899590897729307,-0.10941333545898822,0.13471025135569695,-0.9991428839870874,-0.12300661125312792,0.14498822019461055,-0.4588966559180005,-0.068727670624588,0.18440325845903482,-0.6764893387886212,-0.09394219614838605,0.20302337258753309,-0.8076602195351542,-0.10749340417673557,0.21764863473030538,-0.9055904882281719,-0.1165706100981929,0.19998801189857845,-0.38873014318357885,-0.07938501800121027,0.25071119799468533,-0.5359263013183809,-0.09792570541800265,0.2760789956053969,-0.6269049115318002,-0.09903581662814055,0.2976349758287966,-0.7007301219107925,-0.09715293267872369
OPEN_PALM,0.0,0.0,0.0,-0.10051646212964123,-0.14439847324869393,-0.039932666769061126,-0.16144939136265501,-0.32981514759087194,-0.06773867443781799,-0.1991860811049789,-0.5029686958876453,-0.08970502357625719,-0.23413897802716024,-0.6287477986633557,-0.10993587004776324,-0.007152617103740983,-0.5056796097278816,-0.06256781438986753,-0.024224834761592477,-0.7482214305188154,-0.10052953093507691,-0.02951644739265951,-0.8872305434998858,-0.1275014527825602,-0.026893379779387383,-0.9931327967843906,-0.1430808026790329,0.0777708519080707,-0.4959678236425398,-0.061368556523543005,0.09509716736790139,-0.745919813319284,-0.08809523858882047,0.10618444345788539,-0.8910592804300251,-0.10515452540870876,0.11993082368675072,-1.0,-0.11653537541478777,0.1455282701362434,-0.44786274619970085,-0.06277730547813837,0.17811772361527636,-0.6645237790410646,-0.08702099321439061,0.19468255159785725,-0.7953065476409776,-0.09947584393797641,0.2055292004082144,-0.8905570717248901,-0.10703649841884781,0.19934058914768665,-0.3741708145129796,-0.066810453267499,0.24462848529617648,-0.5221137621303781,-0.08276181840707664,0.267231100742007,-0.6060662022061262,-0.08186716560576063,0.28413096479335065,-0.669709469616028,-0.07830736420040521
OPEN_PALM,0.0,0.0,0.0,-0.10285568384550406,-0.13804489452312688,-0.03836070328590395,-0.17012678477986398,-0.323241504155135,-0.06571154523402038,-0.20506896294307925,-0.4850146230025378,-0.08933736526476302,-0.23991677588789556,-0.605671313562638,-0.11162574615355836,-0.009932630446691284,-0.505151559556534,-0.05426259871048913,-0.02693555985561761,-0.7374314845403928,-0.09532684438438481,-0.03652174372979187,-0.8731094349230406,-0.12723571421003035,-0.039468943805572546,-0.9774404618582399,-0.14709809005214977,0.0721818188156552,-0.5005669726784443,-0.06013965474527708,0.08873624296363045,-0.7484625982555297,-0.08967696735368438,0.09378171678100886,-0.8940371159440795,-0.11180889431668829,0.10025216550144656,-1.0,-0.12705892968861887,0.14162440166741538,-0.45620377982587035,-0.0698958387625018,0.17471666091860272,-0.6788139746593926,-0.09609888109714299,0.1861236727712348,-0.8111040333858133,-0.1101787877609262,0.1918975018220902,-0.9060489066677502,-0.11932633114578614,0.20017255010763044,-0.3814739799029733,-0.08311950879293789,0.24543732147993993,-0.540555826763731,-0.10228952492398076,0.2635953532883514,-0.6380796954539887,-0.10389595001729113,0.2756529442008246,-0.7154475141256317,-0.10237857082911331
OPEN_PALM,0.0,0.0,0.0,-0.09910045863163405,-0.14033037618368946,-0.04024851114448669,-0.1686726398281292,-0.3283077432558431,-0.0690971486643416,-0.2049797652841266,-0.48633813561819766,-0.09470891471553171,-0.2400839266670065,-0.6035380805171303,-0.1196738741177079,-0.005758289225704774,-0.509181803542938,-0.05888577753575765,-0.018219529685320538,-0.7400441441011816,-0.10461232277220334,-0.02668391884963746,-0.8756328685203276,-0.14008511326810408,-0.029936602148916327,-0.9828053299277602,-0.16288030212018162,0.07427221622286231,-0.4999192331692234,-0.06788525881284252,0.09385472570711455,-0.7447736523798133,-0.10150607283624125,0.10280801667401811,-0.8906341214497855,-0.1263216341568605,0.11234267702893933,-1.0,-0.14394640973954861,0.14453151633052191,-0.45224213655527,-0.08157770327505244,0.17689529772601842,-0.6728705543615164,-0.1120264901471346,0.19053002900648702,-0.8087672932410243,-0.1290826723009412,0.19836055350514764,-0.9099141822380521,-0.14084273713197662,0.20802752725864726,-0.3726271660152403,-0.09922187206798867,0.25280182476114965,-0.5311598686125423,-0.12303758809155867,0.26911938096556653,-0.6306802894652856,-0.12790525224018076,0.2795458285671205,-0.712023809328044,-0.12940607957840583
OPEN_PALM,0.0,0.0,0.0,-0.09980687209568935,-0.14207298917176503,-0.043931045563105224,-0.16414458292568804,-0.3314643898704077,-0.07301490171342233,-0.19949637865726566,-0.4898995610399339,-0.0997351756821878,-0.2396373366090205,-0.6051452531412463,-0.12671132758924156,-0.003836231894583185,-0.5023810289572546,-0.05345241772960295,-0.017310962381817445,-0.7335491130018705,-0.10215010933759118,-0.025343303913706115,-0.8707822328552947,-0.14033334857964586,-0.027753123090378463,-0.979423552370706,-0.16536266726818133,0.07246770567369633,-0.49159857304260224,-0.06444464022041861,0.09609786184637124,-0.7369497307206685,-0.10569696386346554,0.10710013497684852,-0.885366553961171,-0.13748564572790978,0.11822573918239927,-1.0,-0.15909946526666452,0.1398508251640005,-0.44585182218745495,-0.0814372323802453,0.17536797012872082,-0.6717422180815028,-0.11990238395945368,0.19031709703289554,-0.8099552428805159,-0.14144587333664083,0.20031093436971206,-0.9173578048469242,-0.15493222690232247,0.20172865814752836,-0.3704891432341947,-0.10277642629560103,0.25100454522346916,-0.5363798140618694,-0.13168755328744328,0.2730376223324954,-0.6405904225574223,-0.13896920119550962,0.2881055413131868,-0.727947859097035,-0.14229390416344406
OPEN_PALM,0.0,0.0,0.0,-0.10075778366031986,-0.1393002100416346,-0.04171860005214144,-0.1665502289955696,-0.3272212677032422,-0.06897296956818075,-0.20711765641801597,-0.4835614657424977,-0.09370560646230887,-0.2521441972661485,-0.5989156480483854,-0.1186994981563208,-0.008187432526660978,-0.5052168703903229,-0.0484426336283699,-0.02160842024557893,-0.7304088390474553,-0.09310792348742737,-0.029616724738675958,-0.8658882294461927,-0.1290262142749607,-0.03189760390226817,-0.9729385860471275,-0.15310744730318018,0.07213680790106794,-0.4974740544656005,-0.05903953091592832,0.09480971851003918,-0.7393161206687588,-0.0941850609306857,0.1023312272219084,-0.8874002782758006,-0.12278116799265491,0.10812605915122678,-1.0,-0.14289938515349426,0.14248740764628434,-0.45099620280603664,-0.07539600514631847,0.17709849425669075,-0.6709056296924337,-0.10859865254386311,0.18937824152331975,-0.8062603512511198,-0.1281747304354594,0.1963151147754199,-0.9116268776408705,-0.14156923937370802,0.20376267644511742,-0.3726618585961701,-0.09597669998956676,0.2536143285341614,-0.5256618927666445,-0.1216343798437229,0.27800190286829096,-0.6223636678160048,-0.1276540394791026,0.29715658940224093,-0.7042549448413796,-0.13051009381976728
OPEN_PALM,0.0,0.0,0.0,-0.11724208364207783,-0.12470455051846056,-0.04833047540915137,-0.19208537909267553,-0.3032241925287713,-0.07866670270919271,-0.23320045053560748,-0.4632254426213772,-0.10406591441139888,-0.2788925909550498,-0.576710412001782,-0.12927499623651734,-0.023174847355461183,-0.48206961202064497,-0.06461151896860032,-0.0395679423238524,-0.7175417152135573,-0.106730697474988,-0.04988581045833613,-0.854847924699779,-0.1391175309583278,-0.053796535429731195,-0.9654684240699193,-0.1604140391818025,0.0588924765492533,-0.47793607478455785,-0.06780084650528029,0.06990919667737663,-0.7284970468654974,-0.10218707824203423,0.07401064448273163,-0.8833755681398832,-0.12920175734284373,0.08230129771053073,-1.0,-0.14829931988549303,0.12911935859087775,-0.4347311442853816,-0.07540219608907339,0.15575972494614207,-0.6699482062636057,-0.10889311526849363,0.16700079205086202,-0.8090930006115129,-0.12980493400115922,0.17713868033471789,-0.9144992465262145,-0.1435585773723409,0.18990008885981927,-0.3632509606947725,-0.08681168910536687,0.23251443431426072,-0.5259597216255836,-0.11519324715605393,0.25330001427282073,-0.6286673859349793,-0.12414245747004343,0.2723187222714183,-0.7154860383770059,-0.1281099493419999
OPEN_PALM,0.0,0.0,0.0,-0.1174315157858413,-0.12759802250984967,-0.04436111982200762,-0.19646324717343536,-0.3080544080719471,-0.07502353553127607,-0.24290104136216958,-0.47010350880445123,-0.1015354303455691,-0.29089125372704416,-0.5868080816434785,-0.12810148404922791,-0.03240457269643359,-0.4798242674602484,-0.06650784112822343,-0.0454065561755215,-0.718071333950289,-0.1116381174535254,-0.052324919826663034,-0.8605226346191962,-0.14476554243851741,-0.05449377079195144,-0.9724990838351445,-0.16619376502166025,0.05061051514844723,-0.4739538252912834,-0.07317459810426624,0.06303071612008106,-0.7304942442032075,-0.10972059688794154,0.07119777325597147,-0.8864948031707147,-0.13584614284376886,0.08162422838956043,-1.0,-0.1539023975048021,0.12479035153637638,-0.4299790529778566,-0.08396631158921476,0.14618383471673038,-0.6658217036245906,-0.118496270892958,0.15723128563952585,-0.8084717799835447,-0.13827373908385682,0.16697714079564463,-0.9130869693551767,-0.15127418076800309,0.19086159422666418,-0.35811422615083854,-0.09816618061685371,0.23150523390366082,-0.5217740659039802,-0.12664458586259264,0.25252583442298726,-0.625550518827366,-0.13458064112052337,0.2720021446100275,-0.7104227476960414,-0.1379287513255304
OPEN_PALM,0.0,0.0,0.0,-0.11880904235976411,-0.12501642902120627,-0.04235185673666926,-0.1942106225821867,-0.29931919871199364,-0.076087893876017,-0.2385650036183609,-0.46316754420653794,-0.10547761447782886,-0.2847571215921077,-0.5843660783546832,-0.13571858972187845,-0.02502127278103386,-0.46597981670345273,-0.07882195230332771,-0.03864814277958073,-0.7143876294711698,-0.12597456254766284,-0.04683800081404083,-0.8604240964761286,-0.15811768950549973,-0.04907046803010071,-0.9746518095780652,-0.17788932068861338,0.05850741348285851,-0.4580169647265842,-0.08547516367994594,0.07560964501024058,-0.7269507519756395,-0.12160052090723322,0.08258089982598613,-0.8860989153592732,-0.14513812113510682,0.09176770484585638,-1.0,-0.16146619151855185,0.13337270996795167,-0.4107904509974169,-0.09481389648008012,0.1633382325192684,-0.6560073104625935,-0.12723471727325664,0.17682586249650273,-0.8013072367940672,-0.14531230671472775,0.18625601222651733,-0.907469583718605,-0.15750479122373318,0.20040702041536326,-0.3377945566260827,-0.10693752911198401,0.24773518080598717,-0.5102102842419479,-0.13379490315796214,0.2695945628434461,-0.6170828564880717,-0.14078012896753875,0.2873001677965158,-0.7056742116057931,-0.14335998232451735
OPEN_PALM,0.0,0.0,0.0,-0.12248516251680809,-0.12657097649186258,-0.04129693823555069,-0.20168051884824037,-0.3042602703203969,-0.07583053738297499,-0.24818733481708166,-0.467705000695507,-0.10471430566176898,-0.29440203783558216,-0.5812353653730236,-0.13429942666550154,-0.03169266124171188,-0.4587765741642324,-0.09407143620264162,-0.04445767839755182,-0.7126033117726156,-0.1417442859992058,-0.051419124124820324,-0.8614690557332962,-0.17063501387628655,-0.05330887466963417,-0.9747462848333102,-0.18694840282120237,0.053785876570686696,-0.44963587309315156,-0.09839495419308998,0.06866726364352947,-0.7219904831455465,-0.13512700757615206,0.07647389530300923,-0.8847298534798534,-0.15495699957782127,0.08686288658598786,-1.0,-0.1675620863423226,0.1303261348356285,-0.40645923169657344,-0.10371460487468687,0.1529574987249038,-0.6552283291602912,-0.1368631307620379,0.1640156257244865,-0.8023866033755275,-0.1542555879883559,0.17161273589279918,-0.9086009586405156,-0.16466194883478796,0.19877808109611908,-0.3412305258033106,-0.11103438161693197,0.24725723906894792,-0.5146514350628275,-0.1394702315989647,0.27130265567765566,-0.6230409885473177,-0.14746875255980765,0.2916836196503918,-0.7137750962118051,-0.14938087162481437
OPEN_PALM,0.0,0.0,0.0,-0.10187299458064189,-0.14154977826750237,-0.04357257011597097,-0.16693631662581032,-0.3312890730294437,-0.0749161085530671,-0.2092058957813971,-0.4870827760920246,-0.10430999535376413,-0.259203356088596,-0.6023356227124728,-0.13434841939068665,0.0006300169755375636,-0.5041756301468462,-0.056535875559340726,0.0040727437282574875,-0.7283736499945455,-0.10498632384398025,0.0014444502806071943,-0.8617665410480735,-0.1420891793822133,0.0003301600641387873,-0.9673157409582607,-0.16667658031254895,0.08648361061199093,-0.4938175796381284,-0.06953396649679329,0.1169804149280834,-0.737977152000037,-0.1102519024783528,0.12956776737337466,-0.8883760280705318,-0.14148872601818818,0.13792047067434038,-1.0,-0.1628696926368123,0.16310902843474692,-0.4440488359837529,-0.08834334534421143,0.20351640670409635,-0.6710711096668212,-0.12922020602994003,0.21527172115558332,-0.8113386316712391,-0.15431392213730669,0.21981459665349298,-0.9216957875154473,-0.1704381214847211,0.23073671870535697,-0.3608164650593105,-0.11066067938250192,0.2935352408350279,-0.5185781414412641,-0.14484723525891816,0.32138210659437005,-0.6266632823336082,-0.1575021024070105,0.3402188349390156,-0.7218542874343504,-0.16443102650655955
OPEN_PALM,0.0,0.0,0.0,-0.09602341314171037,-0.16612127570667307,-0.04006623076152862,-0.14779088348689362,-0.37221720663227154,-0.06718078892515869,-0.18838246110949625,-0.5324417843910646,-0.09387785548744171,-0.2382123392030739,-0.6447723339993792,-0.12211523166375404,0.04304532876925941,-0.5185811394523402,-0.04055513432533356,0.06412435785042107,-0.7359198967856441,-0.08398128000933049,0.0732446169200806,-0.8688001040738947,-0.12095582517243524,0.08402282772605218,-0.9734297952758466,-0.14706843797602162,0.13065658605682773,-0.49474258408163063,-0.05619242576737552,0.17985211866166315,-0.736822122207261,-0.09248057851236806,0.2079509087155208,-0.8860435861703682,-0.12454192258141922,0.23188834009397433,-1.0,-0.14763750134291084,0.20588569236581394,-0.4320486615150476,-0.07839363310731472,0.27052170814764437,-0.6587305482144677,-0.11770971385982938,0.3053844302084934,-0.795558391001325,-0.14307055684095407,0.3320789196061105,-0.9081308311072922,-0.16016247624640872,0.2669048208805221,-0.3371030113769842,-0.10400476052030311,0.3441339521625969,-0.48905133334514234,-0.13664739133935944,0.38714922611011915,-0.583876183426755,-0.1457608898890328,0.4186617792977161,-0.6669448068607463,-0.1510179065283694
OPEN_PALM,0.0,0.0,0.0,-0.11979060783306601,-0.1447661500734217,-0.05680267938834576,-0.1925535837221543,-0.3387800079492905,-0.09457514190788362,-0.23870745753532718,-0.5153325328724183,-0.12626314463343366,-0.28949910895479,-0.6409156952019642,-0.156756921354072,-0.0037629131024166785,-0.5006986745927233,-0.06846423184550353,0.010610532616292948,-0.7333978348832237,-0.11364415593863027,0.021164916799362287,-0.8834084698943442,-0.147238136937226,0.03149553702933852,-0.9971914719657511,-0.16906395606127173,0.0938161490085376,-0.4841978117600266,-0.06987391104018564,0.14472811849919387,-0.7269947007495954,-0.106284752445202,0.17345689307761733,-0.8833112473609545,-0.1313572319821406,0.19901507903514312,-1.0,-0.1482271998862579,0.17276015463776379,-0.432245713288398,-0.07746551458135392,0.23422443386198605,-0.6585138035252919,-0.11387789453641858,0.2647135862889398,-0.7933343511965563,-0.13324519711866567,0.2880850258766831,-0.9008460158261136,-0.14403468557877966,0.2357622924271253,-0.35546466700798274,-0.08944925497699846,0.303892054498831,-0.5172313456511379,-0.11963292742750693,0.3385527865803585,-0.6217486115709474,-0.12724968366890316,0.3656694373014233,-0.7140628591390703,-0.12878486273676726
OPEN_PALM,0.0,0.0,0.0,-0.1207106811845779,-0.13711304726038462,-0.05974176399792957,-0.1912482561259632,-0.3344614482550334,-0.0979266141905979,-0.2396364521765551,-0.5079833857546919,-0.1292611496470071,-0.2910207428337605,-0.6295746209000588,-0.1591732880508398,0.011718001098286211,-0.4996831566545817,-0.07187671942785191,0.024555229202863245,-0.7366645500421287,-0.1175650567182586,0.032762200224703844,-0.8865758052906596,-0.1531010263070204,0.04095967635154628,-1.0,-0.1776449721928824,0.10412010808051983,-0.476603798322187,-0.07344944960816907,0.15956014963954518,-0.7126148914811542,-0.10952739235577318,0.19095157317403413,-0.8637664661639661,-0.13742487337313686,0.21541926724903757,-0.9725721098254995,-0.15724325554188015,0.17800092659769817,-0.41665251103553924,-0.08153880749573443,0.24143983189093304,-0.6321131396079935,-0.119246734315327,0.2740328148773819,-0.7641023253127918,-0.14393791610718798,0.2973215811679553,-0.8688181405041555,-0.16035561383707564,0.23694835635563558,-0.3289979816194441,-0.09419208826810381,0.31906710185368964,-0.4672508064807731,-0.12873109388205803,0.3615663819325415,-0.5566812714626899,-0.14171937861236789,0.39408444629544315,-0.6368999974246723,-0.14846672088720425
OPEN_PALM,0.0,0.0,0.0,-0.12929063621788306,-0.1647265966549757,-0.05418998257873391,-0.19360144710316984,-0.3717095307961104,-0.08648591669854261,-0.24003325423531433,-0.545984319854082,-0.11279118227595215,-0.2934848008879298,-0.6712757257261215,-0.13690950354330322,0.025568356766810366,-0.5290173035602734,-0.04506732242201871,0.0537310614637854,-0.7535781609914257,-0.07772342539369367,0.0726546814357836,-0.8947648900642968,-0.10751185826089742,0.08525261645272342,-1.0,-0.12834090092806058,0.11784035331247215,-0.49351700559484896,-0.04566263924900204,0.18068973185028742,-0.7082591415001499,-0.06832710609936014,0.218394638491382,-0.8427209814384433,-0.09111832357146796,0.24884713618924867,-0.9381202371359089,-0.10852551129543625,0.19185918204357555,-0.4261082888062525,-0.05370667235659092,0.2618998668440801,-0.6259417300876547,-0.08197322165818728,0.30010725317572196,-0.7458100933481225,-0.10349310650719058,0.327336764188941,-0.8386777811244475,-0.11783446723513197,0.2523725212379739,-0.33750460965810536,-0.06623390498264276,0.33224546600139027,-0.48197842332560087,-0.09223656252991407,0.37567365705293865,-0.5702165646731139,-0.10021677478624916,0.4099746651513202,-0.6461791775004115,-0.10366886657062235
OPEN_PALM,0.0,0.0,0.0,-0.1261349735496885,-0.14742018324840608,-0.049719680790992385,-0.19283097319323714,-0.3402887256053597,-0.08356237396839175,-0.24422477904065976,-0.5114781389998299,-0.10991945874305778,-0.3031277594601382,-0.6324405171785255,-0.13429206130383678,0.0046855126823775305,-0.5187954171696142,-0.05734762290713882,0.015377332123559006,-0.7458307342087995,-0.08777503163736185,0.024814584531631007,-0.8898329336757427,-0.11286848619791402,0.034800488500392905,-1.0,-0.12999275911814184,0.09828467907225431,-0.4901325756041446,-0.05267449615019815,0.14805217556849942,-0.7127492121614725,-0.07237149730056391,0.18036813729858472,-0.8537719035312988,-0.08884316422714304,0.20772507068268536,-0.9527793079982826,-0.10133318333577158,0.17230950104910117,-0.4252879965002957,-0.05273612514812425,0.22364416837466278,-0.6303140620063351,-0.07650176989471974,0.25320917619228933,-0.7563078727144582,-0.09581399723980516,0.2729249872406614,-0.8506377644018503,-0.10847280543656632,0.2340105234164243,-0.34138542113918613,-0.05597162064083725,0.30433736501429853,-0.49142288903831044,-0.08001664490383355,0.34194764215523454,-0.5874365071006732,-0.08981780428214996,0.37070911543353396,-0.672991518077755,-0.0937485666425061
OPEN_PALM,0.0,0.0,0.0,-0.11892953357785063,-0.1482901821617781,-0.03705947293387113,-0.18985352404239741,-0.3443705122240615,-0.06549419089597455,-0.24297625874113263,-0.5086015630353324,-0.08933108830329782,-0.299660272431216,-0.6206948907426041,-0.11272293853825802,-0.0029960581503961684,-0.5071912608509057,-0.05675803402803193,0.003918588002784179,-0.7419953044023933,-0.09137410829024246,0.010766604996375518,-0.8892193298495028,-0.11626788707421973,0.0180433387069435,-1.0,-0.13244982435084524,0.08656263862291322,-0.48529785668689884,-0.062232038738055336,0.13603898211561558,-0.7202845669194788,-0.08813952856786697,0.16654251463316996,-0.8697190755947938,-0.1074737058104476,0.19170985390271963,-0.9765468964696463,-0.12074803311740336,0.16065471489211305,-0.42767914137643764,-0.07106002483338823,0.2140012297993732,-0.6412594984870943,-0.10073041110219136,0.24352272604325576,-0.7772676454571356,-0.12305966599163563,0.26355583325218823,-0.8791895225421144,-0.1369685368663079,0.22307650001262258,-0.347232410442836,-0.08161961397761376,0.2964408848785167,-0.4953652612331894,-0.10983977353596792,0.33649826349443346,-0.5935728556951252,-0.12092663127234365,0.3684306714127546,-0.6790956646867258,-0.1253743192675543
OPEN_PALM,0.0,0.0,0.0,-0.10033871979733465,-0.15740179794767273,-0.043801763197257246,-0.17041001681891893,-0.361029588984394,-0.0745378893083669,-0.23398551398563844,-0.5199329240817053,-0.10254151928527364,-0.30666364519940376,-0.6191769896492915,-0.13054248344224498,0.0016154971143241127,-0.5266898821889744,-0.04746915368435095,0.008896818421169832,-0.7502042601378522,-0.08809074900760429,0.013871023517669034,-0.8895416844592665,-0.12139543611873228,0.02081275722859845,-1.0,-0.1452202731035874,0.08973242003809144,-0.5079367548393688,-0.05726151875149564,0.13197841048117304,-0.7297169273773751,-0.08947508218135,0.15619383869556447,-0.8704781144472418,-0.1161370679206358,0.17659029820833977,-0.9801645804570449,-0.13578282025943486,0.16376153353435696,-0.4513129792540469,-0.07330513946588053,0.220645648694176,-0.6519874716082502,-0.1055871239018311,0.24798515180253228,-0.7791406763720387,-0.12660899193488212,0.2663042979935187,-0.8835660725466515,-0.1411472891143075,0.22550122736191852,-0.3667996308745052,-0.09334223007780625,0.29503383432054975,-0.5097430039060761,-0.12121993204237125,0.3300513900495922,-0.6113973391003188,-0.131039011592976,0.3551501717258778,-0.7029864387642024,-0.13656936505879982
OPEN_PALM,0.0,0.0,0.0,-0.10884438430556266,-0.15023337517804375,-0.03088261957069611,-0.1836588936306858,-0.3450412509169092,-0.05865428273420752,-0.24819851203046742,-0.49451174858527003,-0.08542409385807978,-0.3134984803564511,-0.596181945569282,-0.11253682166691541,-0.019323337985595945,-0.5102521049488877,-0.04926214090825405,-0.01593079280258909,-0.7469682956527224,-0.08588374623160139,-0.014442687459549233,-0.8892833931125689,-0.11295060971779845,-0.013198663685476264,-1.0,-0.13185538742399908,0.06404345753501307,-0.4948757960567585,-0.06455604397701202,0.09817519035721621,-0.7349135332553781,-0.09530655858546369,0.11832855657780589,-0.8859764085166435,-0.11961116944097448,0.13494006156438856,-0.9997594645929315,-0.13734775087752618,0.1387266079693877,-0.4414179335895926,-0.08386645167547296,0.18952183100259956,-0.6643451378272409,-0.11497710920481218,0.21672443892550994,-0.802664238979321,-0.13948218195168277,0.2350416477852408,-0.9122088770844453,-0.15696744802624601,0.20642661112320831,-0.3631997124439952,-0.10518199700802222,0.2765368726141687,-0.5166416096375929,-0.1335880081749615,0.311306688227331,-0.6237133656954559,-0.1463048937001775,0.3370282076807452,-0.7177809688204847,-0.15400074407206424
OPEN_PALM,0.0,0.0,0.0,-0.12011553575657131,-0.14626313398676158,-0.0389876122009398,-0.19967989164452407,-0.33416767195137137,-0.0685291788727748,-0.2582759206087134,-0.48559979050475327,-0.09501212652376032,-0.32302049064070176,-0.5888423480144412,-0.12220908291588593,-0.030434443765322814,-0.4963885368386546,-0.06118873846951282,-0.02896582431665392,-0.7356176390201792,-0.10286185421808909,-0.030083877122644917,-0.8825359225216383,-0.13340877088023687,-0.031525860046384344,-1.0,-0.15417078395298003,0.0547158502719378,-0.4776025656082815,-0.07302473963361751,0.08753579581080356,-0.7200172871728033,-0.10805500581084428,0.10663200421388462,-0.8763363564994348,-0.13590723945036368,0.12308506547952694,-0.9996073326606305,-0.1557285778546737,0.12849473250797802,-0.4238020989309148,-0.08894673944123505,0.17557891182915128,-0.6434083252560853,-0.1254284152151862,0.20383529171967857,-0.7871970555126979,-0.15224563081680514,0.22409540045119958,-0.9034560857033936,-0.1701448816696508,0.19431896741297078,-0.3479693430629088,-0.10714365005396231,0.25967191976179455,-0.5035457915244349,-0.1399950348671374,0.2935146806083101,-0.6114100926678571,-0.1532428144300695,0.32086787111900383,-0.7085527497204868,-0.1605436236354345
OPEN_PALM,0.0,0.0,0.0,-0.12263744977540965,-0.15024806811785327,-0.019094697267615392,-0.19562773630643362,-0.33999999632777295,-0.04364181565880783,-0.2558686625547108,-0.4873877667957108,-0.06621210346164645,-0.33680977967922976,-0.564109954067172,-0.0914822125922779,-0.035688538593790425,-0.47752771475658123,-0.06660659245258517,-0.03756204763135541,-0.7312918239884437,-0.10201954570715453,-0.03797584641620324,-0.8796817452185615,-0.12257859300660182,-0.03908895963910332,-0.9934900594955866,-0.13514667533107746,0.053643158313564004,-0.4569857662643395,-0.08181750773130811,0.08659870312853547,-0.7173202241356021,-0.11016967112288889,0.10299672700523335,-0.8782878902376231,-0.12983602297769098,0.1157936426282888,-1.0,-0.14386454234982096,0.13057949762587462,-0.4056671276739704,-0.09634769922142379,0.1733658390711371,-0.6361008440063043,-0.12473105359151782,0.1989296192592151,-0.7861703194819173,-0.14662094657608912,0.21559853108469815,-0.9015448997999187,-0.16183983364770166,0.19653795898477366,-0.3361839403840868,-0.11011656918963883,0.25684088466642624,-0.49800998955924647,-0.13528397071994153,0.28965278419992485,-0.6059235225666615,-0.14326515839039025,0.31366510966279837,-0.701546295246198,-0.14702401939775925
OPEN_PALM,0.0,0.0,0.0,-0.11776720150911954,-0.14003045224427055,-0.030889118553931273,-0.19579689866750744,-0.32119088958028064,-0.06261548804587487,-0.2637727955457277,-0.46706588631260787,-0.09015268046469863,-0.3433856904484376,-0.5472396974592604,-0.11966001926046653,-0.04817741679408992,-0.4692749153268569,-0.08547829850972767,-0.05628858902354593,-0.7259556141249178,-0.12605834180577566,-0.05865342506090476,-0.8807430685193033,-0.14924961161438072,-0.06060969924202596,-1.0,-0.1637061111758686,0.04103687354328243,-0.4505965414129094,-0.09686130176654932,0.067537275172466,-0.7059382205150005,-0.13229144478621657,0.08389882112230271,-0.8674994167512334,-0.15490228822065497,0.09712296276014855,-0.9900539438659575,-0.17074641839246302,0.1178788915242788,-0.3999357480992283,-0.10789798651095922,0.15511079644023426,-0.628550412121359,-0.14343505847116997,0.17832319308929265,-0.7769024829435701,-0.16796229266743015,0.19343044591991934,-0.8907911144071297,-0.18420607908828085,0.18217485450018964,-0.33182500662714187,-0.11885022554775944,0.24034156757648725,-0.49046456086231704,-0.14999492873099612,0.27319514717296844,-0.5972795096337022,-0.16163736602634185,0.2996766963167669,-0.6920790131776132,-0.16754700365252675
OPEN_PALM,0.0,0.0,0.0,-0.11451541406702839,-0.14672350275008578,-0.031686281715648835,-0.19058368090207897,-0.34341294099362796,-0.0630868961963386,-0.26322836708342334,-0.4988313479476746,-0.08967302783684028,-0.34611307852235307,-0.5786481522571034,-0.11824225013975731,-0.04276380932087006,-0.46524139858991514,-0.09055536942222295,-0.045832302926810675,-0.7225758240727075,-0.13413524849078107,-0.04548896984435893,-0.8783842378592046,-0.15829370367274026,-0.04564335976712976,-1.0,-0.1732349240715638,0.04497502099096924,-0.44207743639418645,-0.10216112725241651,0.07803831450581052,-0.6988849616688774,-0.14102222910480233,0.09397395458130958,-0.8626560638242761,-0.16356296233719655,0.10581393643963838,-0.9873677373445715,-0.1791848986087117,0.11858309247071772,-0.3897930617882253,-0.11332356998543582,0.16793586684638911,-0.61262815732035,-0.15111143217129216,0.19247252602244835,-0.7650439026488208,-0.1751671195754399,0.20745651032833884,-0.8832712482857782,-0.190674851778568,0.17872542052804383,-0.3229316197795044,-0.12430400952997821,0.2435216835001696,-0.48255301013920016,-0.1565774048082564,0.2773992018055655,-0.588280539050045,-0.1678053740651614,0.30124992791227095,-0.6821635897831895,-0.17353724045800875
OPEN_PALM,0.0,0.0,0.0,-0.11592990550221455,-0.1488051290084973,-0.02915070202336145,-0.18614446630594322,-0.34311588451157443,-0.05664243494831788,-0.2524649948341536,-0.49368658463928733,-0.07975508873658492,-0.32857582171286537,-0.5790271253550267,-0.10463600918080763,-0.046198907653067715,-0.4782638016273157,-0.07762826668444132,-0.038531777404906695,-0.7280332161571714,-0.11800680804249172,-0.031043304064560098,-0.8818394316575684,-0.14177118271369069,-0.023535575334490515,-1.0,-0.15629529011311002,0.045423987127292766,-0.45292440577954446,-0.08816467871353595,0.08903182506417447,-0.7032805433609595,-0.11908543659870517,0.11526224011105045,-0.8661144435810982,-0.13941698260784705,0.13564942853314182,-0.9878791678116798,-0.15401368979679889,0.12271660265919546,-0.39624167901422164,-0.0989484920056099,0.17582479721286512,-0.615299400399362,-0.1299509546044114,0.20711646095346764,-0.7618360963801087,-0.15257723554525238,0.2287396537131623,-0.875732728568882,-0.16808222425950292,0.18417388191967696,-0.32143126618737883,-0.10969958856084681,0.24854613094745404,-0.46718646344359904,-0.13717538514586425,0.2881949387774448,-0.5618561533516663,-0.146118097834713,0.3198122451383626,-0.6459411729546986,-0.1503044025302574
OPEN_PALM,0.0,0.0,0.0,-0.10635150246589604,-0.13791240523464443,-0.02126616418960647,-0.1839220538847581,-0.29695818300250215,-0.05236285021332976,-0.23592808746982016,-0.40836535988721706,-0.08217272922080203,-0.26797595761689136,-0.48071106488060394,-0.11540435563515972,-0.0623443425633344,-0.4517418890633949,-0.08687560767216192,-0.048471509761057484,-0.7024177602618322,-0.1356541267362823,-0.031147568022991175,-0.8558957615434848,-0.16408006260192473,-0.014433295034916747,-0.974118552829239,-0.18073568142131552,0.027273440498829692,-0.43534108127345994,-0.10806064704859487,0.08001538707480206,-0.6956057674604701,-0.14841601415499855,0.11343047014780339,-0.8682004220029659,-0.17488817572526746,0.14197103751626916,-1.0,-0.19200056880393385,0.10572543810432246,-0.3803225262830708,-0.128395220661722,0.17043322874389658,-0.6137584414272582,-0.16651277377198917,0.20489707984513253,-0.7673298957266659,-0.19105023349301029,0.2312690569460727,-0.8867016395099834,-0.206172990566457,0.172543676590519,-0.29757787019942694,-0.147972358353249,0.2472910926480385,-0.45194469864531306,-0.18161031742594472,0.2884503367871191,-0.5598708096664747,-0.1902589730113824,0.3235420630497672,-0.6537162592386713,-0.19245311130271717
OPEN_PALM,0.0,0.0,0.0,-0.09900857616146282,-0.1530954196938867,-0.005210712164594452,-0.13004289704865496,-0.3156703337518709,-0.024845758713150597,-0.11035727422239691,-0.4301370688836481,-0.04368549364957762,-0.0774312911820591,-0.5021131032309056,-0.0671465253114255,-0.07307690037397346,-0.4417032786656785,-0.06676600204615875,-0.04399660489613209,-0.6593494710789046,-0.10804824228660605,-0.022068454562369038,-0.7961382352564164,-0.13043829286214154,-0.003333491555428326,-0.8990057540101879,-0.14451105672376796,0.03188025025356575,-0.43369549427831533,-0.09179372496720686,0.08487286400608356,-0.689536570277976,-0.13479707581778685,0.12145983738191542,-0.8625657385735792,-0.16604012413095595,0.15019841854047208,-1.0,-0.18555725614347357,0.12444300496101363,-0.37790959692449777,-0.1134878515499823,0.18158587507698482,-0.6152474197137255,-0.15936252302520354,0.21753529723627216,-0.7768670285796255,-0.1913654739895218,0.24294202843729557,-0.9061638543125877,-0.20961454148333028,0.20629143441112618,-0.2839455812393442,-0.1310425580617925,0.27457156827190843,-0.43822595519255053,-0.1702751148878866,0.3113504514271965,-0.548300472909426,-0.1831682771471598,0.3382368561011261,-0.6461634233058212,-0.18777254011144343
OPEN_PALM,0.0,0.0,0.0,-0.07418530475603984,-0.17116829615727752,0.006145445046044616,-0.09517645687151288,-0.36197127272642565,-0.025995234217650882,-0.06118652241444056,-0.5143922637743316,-0.053757413973920594,-0.012413308349186473,-0.6227796154764236,-0.08842840790291512,-0.08902456636857412,-0.3696161494949084,-0.15693451225545543,-0.07884117465539421,-0.5732407674288392,-0.23734650854461325,-0.07296235925115725,-0.7182801335206818,-0.27958434081842115,-0.07582006203780749,-0.8277694096796487,-0.30255351353772375,0.006189191405920993,-0.32213059815446043,-0.19311565255110907,0.09141124181173152,-0.6385522272102516,-0.26823901218489943,0.14435176670194672,-0.8419255161347707,-0.3007993290016667,0.1782716815099945,-1.0,-0.3194334134572862,0.10953368783392277,-0.26221333321236845,-0.22014161263099,0.2017571361194237,-0.5754344405826959,-0.2922146962871381,0.24738245434179446,-0.7693278444712338,-0.32385806066798173,0.2760830931710966,-0.9238714316031394,-0.3386929086979117,0.21326932269529153,-0.18871167401180805,-0.23887189173246795,0.3043786938468161,-0.3952179322880417,-0.2966622696074726,0.34240949305222407,-0.5217449245945542,-0.3104429763421951,0.3673829533218278,-0.6326631594214235,-0.3142219531977357
OPEN_PALM,0.0,0.0,0.0,0.1573597648029026,-0.05236230207213852,-0.059990050735273005,0.29860254119500995,-0.19743780988159684,-0.08146837421533157,0.38843445364748286,-0.3250739746823031,-0.10020085550294393,0.45262198250981217,-0.4222817160491996,-0.1185876157523378,0.2027678263106151,-0.4771633446677807,-0.04138661629697409,0.2647475828927394,-0.6846423591791795,-0.08486010999413962,0.30289521075893816,-0.8126161059547377,-0.12003862808104078,0.33224936429915836,-0.9133327023847824,-0.1434741909326175,0.11513685494572078,-0.5122703568135115,-0.043281042744204405,0.15468383965081017,-0.7433495853747106,-0.08149753108575815,0.17778330133986062,-0.8887949720001088,-0.11638862025759582,0.1917266301981863,-1.0,-0.139788416627526,0.031127107439138504,-0.502246403106861,-0.05397017572620979,0.04654087212798611,-0.7138542250299481,-0.09285535621907341,0.063131071952044,-0.8446494273017779,-0.12076243185166023,0.0790319266163888,-0.9463586219616703,-0.13847867595645988,-0.0527136761384323,-0.4547770076064465,-0.07097240347324311,-0.0744955391231265,-0.6079671507834881,-0.10882433905924725,-0.08242331110760136,-0.7134593561549067,-0.12573654530661502,-0.0842136024004638,-0.8082681815542494,-0.13410503730398096
OPEN_PALM,0.0,0.0,0.0,0.15724390987061587,-0.0660957463229017,-0.05685328828266506,0.29328551839191214,-0.22109800018037687,-0.07700180567277745,0.3799669229457196,-0.3546688553074696,-0.09522650766913289,0.4440072775321511,-0.45908397566635983,-0.11315251382259468,0.18965116361418227,-0.4879259707436245,-0.0371851607966705,0.25100344226280974,-0.6913090692613858,-0.0792690058305944,0.28585952089892863,-0.8213213210650904,-0.11436227171572473,0.31262167865325213,-0.9282725110361371,-0.13894833498397421,0.10357718708860061,-0.5191629080333146,-0.04168492453199708,0.1391022983373503,-0.7452867800060188,-0.07851931451478449,0.16217679884319902,-0.8870024309919865,-0.11270195563983777,0.17726608240150712,-1.0,-0.1367842926413174,0.022264809780487164,-0.5067647294470852,-0.05494636188811261,0.03411789018462348,-0.7159183729017645,-0.09211059130563273,0.0510163604540548,-0.8454885776823997,-0.11867653376575635,0.06806009638131087,-0.9509822048929227,-0.13668740620697964,-0.058382203886088856,-0.4566918918383909,-0.07464972856158536,-0.07951001658972208,-0.6123985454833387,-0.11138860264138821,-0.0859242313100266,-0.7189462339590237,-0.12804927238902358,-0.08692722561706334,-0.8163343361001073,-0.13732607381756734
OPEN_PALM,0.0,0.0,0.0,0.15571343177809235,-0.06023329254227962,-0.0583718105053882,0.2865574791930243,-0.21662735202571362,-0.08061198473687273,0.3767247492279526,-0.35075389557689185,-0.1007960801222885,0.4425642893920212,-0.45703954316520784,-0.1210459053613416,0.19380317590453444,-0.4844473201573654,-0.04475312836193698,0.2570932823162384,-0.6960523678349824,-0.09035025021816893,0.29509307752258335,-0.8274064810456311,-0.12651702711134005,0.32672201665649375,-0.9359675805334849,-0.15167706158692804,0.10882676852579005,-0.5159788927825072,-0.05009247600973861,0.14338096590475527,-0.7449483876506868,-0.0888663221718484,0.16684714711440027,-0.8872003454038532,-0.12339880498627592,0.18509842244940886,-1.0,-0.14810826357988918,0.026942472507389667,-0.5026965066311964,-0.0642373593357581,0.04047582040875347,-0.7161711703224153,-0.10315734584938825,0.05741759293449954,-0.8484924688881179,-0.12933718153530505,0.07493384491390866,-0.9573234151362633,-0.1473484190116231,-0.05481785599459249,-0.4510832620917992,-0.08485163756302942,-0.0782482707852984,-0.6083887471257909,-0.12342179311668464,-0.08661091993531522,-0.717187529174783,-0.1398876889623149,-0.08803211287285,-0.8169116588209325,-0.1490550292511865
OPEN_PALM,0.0,0.0,0.0,0.14759945413100642,-0.07800558109171651,-0.061707912066281,0.278980972965312,-0.23435156583014713,-0.089556673929322,0.3804713756993812,-0.3602317044233212,-0.11478346617592078,0.46185868177577066,-0.45719860977346005,-0.1400018835638453,0.18738518659292497,-0.5054029649147107,-0.04684678440229751,0.25720762885203236,-0.7192204939233958,-0.09146039741296257,0.30032655506630634,-0.8472349330387101,-0.127771197007963,0.3337965274400097,-0.9537993405335644,-0.15352209435259595,0.09724988967734247,-0.5356721092511051,-0.05126868830831012,0.12731047855875124,-0.7652558465639995,-0.08965760708184428,0.1483471786926416,-0.8968597071591083,-0.12520156488973574,0.16444941209565805,-1.0,-0.15075173405114398,0.011415147112982213,-0.5224344210986311,-0.06464722977298701,0.02212826632909544,-0.7419167045145857,-0.10380937347911966,0.036913456572599826,-0.8801539256076336,-0.1305521332527408,0.0526200530622456,-0.9938916787189472,-0.14907276815292428,-0.07274616984428131,-0.47087402387264204,-0.08445127955400593,-0.09882187212449764,-0.6376602792263778,-0.12275269179139237,-0.10827236328848489,-0.7498737221629898,-0.1377840599319268,-0.10902219230178696,-0.8530840631807928,-0.1457634427477905
OPEN_PALM,0.0,0.0,0.0,0.1574577796852974,-0.09472282698144477,-0.049712121950753224,0.27123060974324026,-0.23040234718317898,-0.07005796606496482,0.34344444570280547,-0.35712877146849836,-0.08880667275848673,0.40208448410123776,-0.4675192438749959,-0.10831866621677376,0.14212907444810136,-0.5003104713915061,-0.023436738846958564,0.21415921564515839,-0.7018924724805202,-0.06346012305401151,0.25982020719445986,-0.8339044800467207,-0.10038983400446495,0.29571073897094896,-0.9423977202545931,-0.12561972585923292,0.050910069387972254,-0.5294661382640121,-0.028341904674486537,0.08704640966446167,-0.7571073624666221,-0.05689198449803371,0.11632322945978289,-0.892196704866226,-0.08840316697507897,0.1414286214108933,-1.0,-0.11211568949763305,-0.04074419885518466,-0.5156780171738258,-0.04211543866866178,-0.022176394530270503,-0.7423008446183992,-0.07302006843439764,-0.005566184814288682,-0.8845141384449048,-0.09936150332945169,0.014717608804801314,-0.9989853199474337,-0.11846370568565616,-0.13427277637003504,-0.4626848803137164,-0.06102721824708931,-0.1634843689573131,-0.6284748131324164,-0.09533934693896971,-0.1733389702717659,-0.745858529580247,-0.10968959540754111,-0.1733821696756608,-0.8526039063391778,-0.11697711106391967
OPEN_PALM,0.0,0.0,0.0,0.15046664073101995,-0.08118704898001676,-0.05412731949027866,0.2682285770644866,-0.21407428918976673,-0.07956986472697797,0.3491310645121815,-0.3416569955927665,-0.10169055132756352,0.40861180364158395,-0.4529574491012933,-0.12363346002860771,0.14606269485981052,-0.48525014200679806,-0.03571105601333125,0.217348025329264,-0.6909794724835574,-0.07366519466675978,0.25965841657397415,-0.8246569462785087,-0.10727374722023378,0.2942902491100603,-0.9335800507388919,-0.13073442092605414,0.05977896253760212,-0.517151973757509,-0.038082475935195544,0.10359603221134264,-0.745496457592478,-0.06645285203860207,0.1291618585265265,-0.8879506272956244,-0.09702216231478017,0.15104255820452267,-1.0,-0.12017217446069924,-0.026903082871697088,-0.5052948170715001,-0.04845029408978296,-0.0008967889112325094,-0.7327318089748296,-0.07849027516771957,0.016877457722156167,-0.8733529129201529,-0.10522214624198502,0.03682905669130553,-0.9873135236133105,-0.12534121277787758,-0.11532661563554207,-0.4566598539932677,-0.06394751422680355,-0.14196091753742862,-0.6168778960711148,-0.09831527347824963,-0.15208926245961255,-0.7283719354385042,-0.11484165934587921,-0.1523246558504061,-0.8317323002909541,-0.12422722195763536
OPEN_PALM,0.0,0.0,0.0,0.13861971450879573,-0.079989511732399,-0.05779071489137745,0.25204938168201524,-0.21396972826431074,-0.08752562122700662,0.3326411952517249,-0.3421682606070425,-0.11407223975264948,0.39701107046381345,-0.45237509280513044,-0.14048746318499172,0.1275790256920878,-0.47549866200900803,-0.04545143360511627,0.19925201073753734,-0.6791199284519832,-0.08851169709816617,0.24320697453790988,-0.8108704211814992,-0.12429272410348803,0.27807086162472056,-0.9184897628193114,-0.14850185534477164,0.04439442007892408,-0.5022870565088426,-0.04851043107730907,0.08228228650768864,-0.7325788844859163,-0.0829095714768215,0.105827740407508,-0.8823391824252699,-0.11610885119531075,0.12413019415731874,-1.0,-0.14035239206326092,-0.03750929385010947,-0.4843565068053873,-0.059279973202877735,-0.02018317991430069,-0.6987222125176553,-0.0937124437603907,-0.0031160050876900326,-0.8350165431282158,-0.1199091894032634,0.015388371820156219,-0.9447388397694062,-0.13836070152130361,-0.11902983391320111,-0.42865165577823156,-0.07554999584621258,-0.1491868041615776,-0.5805679568954074,-0.11107281728088929,-0.15968707512071628,-0.6884810807236837,-0.1259950670289605,-0.1607283664393175,-0.7858346836833385,-0.1336684387825981
OPEN_PALM,0.0,0.0,0.0,0.14269831062100852,-0.07113994219306433,-0.07040406126811134,0.26290177658606245,-0.22288953405494175,-0.10479637408090704,0.3425958810139499,-0.35912820019957004,-0.13435133098371438,0.4193433281753017,-0.46497352504268435,-0.16356493380323767,0.15281491137710415,-0.4827092631067003,-0.06330703759642274,0.22337581667938436,-0.6918673601090862,-0.11582404523284666,0.2641027443781433,-0.8324234212907807,-0.15737040978807446,0.2971364216590887,-0.9518618258141961,-0.18698925619075055,0.0663422632428001,-0.5076880902360976,-0.06529375593370898,0.10055917019117828,-0.7283514896477079,-0.1117179596370424,0.11922999768436846,-0.8766165075503134,-0.15092737464659195,0.13354859891391074,-1.0,-0.17921611970974935,-0.017116903271748713,-0.486708242680766,-0.07608292187418758,-0.005741669692898236,-0.6944673821688631,-0.12119546382485237,0.006818599616985512,-0.830703984240805,-0.14971052317016723,0.02047882616186329,-0.9485499566867247,-0.16931576281868144,-0.1002298215931674,-0.4259486832828818,-0.09382132065690071,-0.12693705158827168,-0.5776718292134657,-0.138401452796254,-0.13859654667739124,-0.6859380533085473,-0.15720623538167275,-0.1430423334857737,-0.7892098020231783,-0.16753840272894588
OPEN_PALM,0.0,0.0,0.0,0.1399221683498816,-0.06731745499941422,-0.0705162821665434,0.256338590711024,-0.20754353456588567,-0.10548396156349191,0.33353901187893203,-0.3395764615595887,-0.1356860102313685,0.3992399854032974,-0.44968999437372065,-0.1652050523669592,0.15111353393465674,-0.46979619273075746,-0.06353062731132827,0.21895838258973443,-0.6711294055454272,-0.11577934309657148,0.25848701019216874,-0.8056277671514679,-0.15716980040887332,0.29033910938948704,-0.9208315327122887,-0.18612560765919145,0.06531426797797944,-0.4969279568563105,-0.06557738251439163,0.09753396154931722,-0.7209105857344,-0.11132989488654131,0.11802020455553078,-0.8726303546921539,-0.15090665836530257,0.1337453378388389,-1.0,-0.17926608187274182,-0.01645011280571806,-0.4767598806317419,-0.07628682129209334,-0.00534714417455983,-0.677946647084874,-0.1207317590786909,0.010160545053125946,-0.8116245978094239,-0.15045953785871582,0.025775306647164556,-0.9279167664244964,-0.17040265317403586,-0.09668024618178074,-0.41797329191873805,-0.09391033362427764,-0.12155054232776072,-0.5656737385474587,-0.13744937382758565,-0.13214871455266597,-0.6719430310269572,-0.15648228065184291,-0.13661413024058539,-0.7737386283855566,-0.16685865122482077
OPEN_PALM,0.0,0.0,0.0,0.14179835629606885,-0.06891419475918184,-0.06464467370414662,0.26302636120154677,-0.20354793344568217,-0.09532572763113108,0.34331782854571036,-0.32284001105419147,-0.1219404540139698,0.4018010903118386,-0.4266293135973183,-0.14736734209435012,0.14233879364277677,-0.49204283938891136,-0.05269706662749528,0.21340653442894345,-0.697867992714629,-0.10159624464427594,0.25801259891693334,-0.8332093860349545,-0.14173130574519702,0.2962430121319817,-0.9467751247091171,-0.1682328175587899,0.05613749461121292,-0.5205043635639831,-0.05407378318874659,0.0975056601542271,-0.739577713348225,-0.09069575133359088,0.13034049390395205,-0.8820282039386759,-0.12403708513033748,0.16164215251174738,-1.0,-0.148610151111142,-0.02802359601300961,-0.505249461219732,-0.06435739614399122,-0.005925713392063702,-0.7127723490859061,-0.0996839922438252,0.016215548595752142,-0.8460174886444171,-0.12420950334759776,0.04114306534881769,-0.9606193116672318,-0.14156129931573172,-0.11344446020218722,-0.44986595381875916,-0.08151043290639678,-0.13766825993415394,-0.6054840838740386,-0.11678324777907506,-0.14495428726945522,-0.7112005853392571,-0.13000271607141578,-0.1433251656307573,-0.8085610460241958,-0.13645373161127003
OPEN_PALM,0.0,0.0,0.0,0.1418612865216824,-0.06088802141106079,-0.07143623742009843,0.2583392010348138,-0.1882906484491246,-0.10858057253294867,0.3389852159305684,-0.30375305293927424,-0.1415693074345109,0.41133194454527133,-0.3878046403153989,-0.17544056134920272,0.15638828970927846,-0.4630647652098691,-0.07343608397991624,0.2355096117773018,-0.6586706013687524,-0.13266958649511684,0.28799040573696216,-0.7924583833166736,-0.18103346550861196,0.3320822479989319,-0.909175056591379,-0.21520879179427316,0.07079284534701849,-0.4973207300859011,-0.0776484389732329,0.10527741578811903,-0.7189866488004252,-0.12934862662968732,0.13044192295449897,-0.8694648897388243,-0.17527065395143146,0.15226006346763135,-1.0,-0.20920149443811478,-0.012060411011547739,-0.48165679099086567,-0.08981836172771389,0.007149373319328691,-0.6820479555777347,-0.1397564859271978,0.0317512664843491,-0.8183363111812584,-0.17487712240062714,0.05689400773572042,-0.9383950994581747,-0.19902116986072887,-0.09677443100217634,-0.426495743526195,-0.10878318432852625,-0.12164106876607696,-0.580784098368229,-0.15672380989488424,-0.12573534525690888,-0.6890518208996442,-0.17845301475237652,-0.11963492405155184,-0.7897134031839409,-0.19122530761828374
OPEN_PALM,0.0,0.0,0.0,0.13272149008931977,-0.06721237847100017,-0.07743995327594388,0.24195216522017043,-0.19662470591223663,-0.11779475925479219,0.3214033463039248,-0.3192170153805831,-0.15276231087124653,0.3873085767788795,-0.42236664367083704,-0.18699741540580592,0.13618072169329848,-0.46779084216676065,-0.07537556522681631,0.21453959033892078,-0.6631959139793371,-0.1357332755928468,0.26479348173752426,-0.7966886005346372,-0.18410511272373561,0.3075445572106459,-0.9129502116067059,-0.21735767631221736,0.04915096355643332,-0.4987706983002337,-0.07556879085508078,0.07769749106189298,-0.7140147913017885,-0.12824135941258258,0.10191729361790536,-0.8661141643737184,-0.1732975888286507,0.12444956286650788,-1.0,-0.2060941323519968,-0.03373651227614609,-0.47878947492799534,-0.08471776844634198,-0.022513060422247915,-0.6728043711200856,-0.13502149063666882,-0.00023423394505441594,-0.8072960430196832,-0.16816309797818116,0.02415554144942474,-0.9276359596306294,-0.19015502420516706,-0.1159224868252094,-0.4191755142057485,-0.1013029313466675,-0.1397791541014193,-0.5679537507065878,-0.14863279232657797,-0.14564043680365635,-0.6740371481009358,-0.16921310676748297,-0.14343521298860398,-0.7746338980938905,-0.1805000614848232
OPEN_PALM,0.0,0.0,0.0,0.12742078615901023,-0.07436831527029006,-0.0733201009023381,0.2310881918396544,-0.20113722234077092,-0.11423602143250237,0.31437378024760265,-0.3192236915217497,-0.15097769420853477,0.3814289110232421,-0.42681447202307427,-0.18751706326870915,0.12825269706809986,-0.46117455653559364,-0.07143199957797103,0.2019344329487426,-0.6540662318629304,-0.13173987447839172,0.25087997594795364,-0.7825448970358196,-0.18077296051125802,0.2928809131121746,-0.8972694064154967,-0.21419504850776444,0.04829545654616379,-0.48652139788946624,-0.0748140545029137,0.07710586171955613,-0.7067274600576806,-0.12552146207606876,0.10249790309665616,-0.8623569660950529,-0.17092514950164636,0.12452740846819234,-1.0,-0.20489391129182594,-0.029497304676518607,-0.46195960283136533,-0.08718020625424494,-0.01926212434603217,-0.6517299156481776,-0.13568588932487075,0.0005286994218302411,-0.7846263709099821,-0.16933175264883563,0.021996853796683508,-0.9035757059734648,-0.19228192039149974,-0.10785781916546287,-0.4004436516727434,-0.10672078931277686,-0.13144038709146239,-0.5468422053744364,-0.15131611817847843,-0.1377840118810758,-0.6508774534537395,-0.1705365957608995,-0.13783574221927378,-0.7498004572628979,-0.18197172146722188
OPEN_PALM,0.0,0.0,0.0,0.13063569336413247,-0.09033980500207081,-0.06733762859930077,0.22781886340401672,-0.22087555064654893,-0.1066167725567821,0.3073531055933647,-0.34492295762475356,-0.1423336129068621,0.37814289233036696,-0.45167243934804485,-0.17813187184776405,0.11716797166342034,-0.47081781664745315,-0.07274998892757191,0.19172853940670573,-0.6751238532597902,-0.13179676287960101,0.24037843325087466,-0.8114556325533818,-0.1774159990002327,0.2800307330256294,-0.9289661281417427,-0.2081351749366731,0.031818511036211396,-0.49534449126395136,-0.07662370854051916,0.06195673636133968,-0.7158557464837229,-0.12776812789384664,0.08414642348114675,-0.8691792129436824,-0.16851829876061683,0.10095064580166406,-1.0,-0.197872426680477,-0.05112315082348011,-0.4719596708436335,-0.08871960108443364,-0.03942488458229901,-0.6741478720404769,-0.13848038042084976,-0.021041330214332174,-0.8102998029212038,-0.17048885319957457,-0.0024017631036418333,-0.927724901051039,-0.1912974331257038,-0.1320067231547323,-0.41200806824553887,-0.10687177037388368,-0.1559509921338055,-0.5652619808646462,-0.15328721115410532,-0.1631248097688082,-0.6685270522766094,-0.1724492583823129,-0.16453866403166825,-0.7620586097451829,-0.18255479196517782
OPEN_PALM,0.0,0.0,0.0,0.13408885871345308,-0.07714823471152306,-0.06866199019882711,0.2317562852412913,-0.20707622333120737,-0.10799904611881522,0.31498066515353035,-0.33267869154909163,-0.14260132761540967,0.3886574441324844,-0.44047842361599754,-0.17715234210240224,0.12448449262635157,-0.460876911075544,-0.07841350759842483,0.2043034337390513,-0.667880609866309,-0.13669451741601307,0.2552253833382591,-0.804927293756182,-0.18002607801436327,0.2955293481921612,-0.9218073335011983,-0.20926373885566282,0.03927983993794722,-0.4898257282336115,-0.08007671092426696,0.07634309470524987,-0.7161000990763627,-0.13020310061696952,0.10026325624131494,-0.8703308651860134,-0.1684563164825007,0.11724003588279046,-1.0,-0.19613879636076295,-0.04220246131041182,-0.46846627101197647,-0.08971771660521222,-0.02915729580999856,-0.6739803157420552,-0.13794002839197503,-0.011413559352731414,-0.8117002625819592,-0.16951239139870447,0.00633009869962715,-0.9292313374854221,-0.19066303674754692,-0.11934904951885456,-0.411067605534085,-0.10541691766311397,-0.14451310492964198,-0.5621814629077942,-0.15193275641510853,-0.15384705248702918,-0.6706814684157391,-0.17359693431396442,-0.15644256858087155,-0.7725987546085915,-0.18599974799955687
OPEN_PALM,0.0,0.0,0.0,0.1334980387899248,-0.09197404504506254,-0.04694365113877593,0.22303890178652008,-0.2197528692105341,-0.07375867484965842,0.2964184921160292,-0.3465794758844314,-0.09997300120200524,0.36433855582570274,-0.4485018678372101,-0.12764064327460256,0.10232796450615421,-0.45812817966897884,-0.04426623066463933,0.1758466010461982,-0.6582938953985835,-0.09105504834382047,0.22520589518786138,-0.7890668986185966,-0.12866413566796436,0.2664714672870362,-0.9006451507781817,-0.15415370369858122,0.02112649718450419,-0.4827221364522009,-0.05246417404708235,0.0548178920982833,-0.7141030932674196,-0.09183042936378479,0.07348030807642358,-0.8695150934366052,-0.12630072999655056,0.08803634416360075,-1.0,-0.15181366234942942,-0.05855719674734865,-0.4616279736323809,-0.06774962232505792,-0.04342538946657838,-0.6739455008082325,-0.10900151774778669,-0.02811012898878791,-0.8153164930671492,-0.1392745139184017,-0.011879122156612635,-0.93420843238019,-0.15950252944193602,-0.13898103526193326,-0.4064228711852098,-0.08715378694057489,-0.16743223692258571,-0.5662217919603599,-0.12764988769479294,-0.17718894151219972,-0.6785348699951701,-0.14626475189510457,-0.1786977659655569,-0.7842135358066786,-0.15679839934736348
OPEN_PALM,0.0,0.0,0.0,0.13689428601692247,-0.07989315493848696,-0.06765845065729728,0.24188088270042568,-0.213467073914161,-0.10669951030446302,0.31715639325975026,-0.34223316881956745,-0.14098026765665803,0.38717187059040514,-0.4502560203816334,-0.17561657029310038,0.12004597644956923,-0.46105955087223405,-0.08033700799897407,0.1949784413635458,-0.6641536837083966,-0.13749617849330795,0.2422259653239647,-0.7958442774616141,-0.17881476493784768,0.28045254618570276,-0.9094054875451746,-0.2061857103327585,0.036252378634987585,-0.4883486236323543,-0.08303309330650963,0.07037667059988638,-0.7202237305737094,-0.13215680727884674,0.09131791748238384,-0.8734206474775914,-0.16800908173165882,0.10601749282798496,-1.0,-0.1933482339709645,-0.04345661495704939,-0.4660374626214502,-0.09331983895793156,-0.03392707544004284,-0.6780658280982994,-0.14141350745565642,-0.013971170462482935,-0.814962891812755,-0.1707479262205958,0.006808321833665546,-0.9306369575249308,-0.18942670374109707,-0.1218442578325515,-0.4069236147992762,-0.10947650183952239,-0.14942327592017712,-0.5660195742493365,-0.15531636970630253,-0.1574976722894672,-0.6751146633541698,-0.1750521768755769,-0.15791784533631992,-0.7768831354131251,-0.18559221960767575
OPEN_PALM,0.0,0.0,0.0,0.1433984396213095,-0.08104463138186868,-0.0616470703565006,0.25172057998298425,-0.22297909754564896,-0.09218275554997049,0.3277065226104923,-0.35016077020747294,-0.11960035338395592,0.39539747763776145,-0.4562401441940931,-0.14694436076950704,0.13122283107620616,-0.4703971802503743,-0.06046188464454227,0.20290829348773343,-0.6717919529559013,-0.11043987797789284,0.24765573401672092,-0.8037466931815537,-0.14858454271886842,0.2829597027160519,-0.9150682827300679,-0.1747934483074239,0.0494539191778661,-0.49653546279942384,-0.0646376561062142,0.08008668195841231,-0.7233470821125365,-0.10885683319652428,0.09771197902255231,-0.8769733721919519,-0.14528019388087732,0.1089332585123907,-1.0,-0.17136828261092973,-0.028777996436523307,-0.47473282975735775,-0.07679785222673109,-0.020681094695902003,-0.6822160790895291,-0.12205901007219826,-0.0039192037258760646,-0.8179959969071712,-0.15324567625614915,0.01241982823938909,-0.931246053152177,-0.173532422346798,-0.10549090899687355,-0.4173530970956889,-0.09465758752609675,-0.1350365269290744,-0.5705565798898891,-0.14056509099777126,-0.1474901797512807,-0.68056343272968,-0.16271319767450598,-0.15249559737368149,-0.7826931143182976,-0.1749749968423385
OPEN_PALM,0.0,0.0,0.0,0.1493969644617023,-0.07604722461090654,-0.05663488753337968,0.2615369896072384,-0.22697188333214052,-0.085061873695953,0.34033533263855636,-0.354520513058441,-0.11156779441952067,0.41301920771318934,-0.45968977714176074,-0.13865548897201901,0.14292055580389157,-0.47300280504043374,-0.060306648638445315,0.21119447524855597,-0.6794051415764271,-0.11037696135786394,0.25388144781124783,-0.8132308703583888,-0.14711475711938607,0.2881919960470262,-0.9268383239838713,-0.1730206224330389,0.061921848605787234,-0.49785762362400104,-0.06798947223381868,0.09114781050385826,-0.7262340744793916,-0.1126893218346545,0.11245732880034709,-0.8770713045672752,-0.14802109389021412,0.12754811069087824,-1.0,-0.17343710510645424,-0.013609454795388451,-0.4742428960054284,-0.08320644461138789,-0.010365252723825808,-0.6814300717704881,-0.12900536613651925,0.003965084602485476,-0.8166214115837287,-0.15900238398966535,0.019369940594089096,-0.9314898617676028,-0.17903327294105634,-0.08403010474653856,-0.4137515666940045,-0.10374753817403952,-0.1213619005047158,-0.5632515885223275,-0.1500989656973461,-0.13692638872396698,-0.6726252125377966,-0.17226156196327838,-0.1431353211275041,-0.7751505678507037,-0.18521642658528767
OPEN_PALM,0.0,0.0,0.0,0.15254153011923166,-0.08495968081994612,-0.06314799506273155,0.2658780382816671,-0.2386339916348792,-0.09303822989244608,0.3457413973156496,-0.3710141447101317,-0.12031082962288867,0.41661825522553564,-0.4767753308881506,-0.14755810544081732,0.1372968326220274,-0.47295393603043323,-0.06287639982397197,0.2026260372144731,-0.680398272801005,-0.11309838182651581,0.2422321034162436,-0.8161285498544835,-0.1511644625815023,0.2737777822366117,-0.9336878419825481,-0.1782144140969084,0.05431127266023821,-0.496250681496191,-0.06678383014676681,0.07381860146792477,-0.719204821309269,-0.11168225703880245,0.09236056486041046,-0.871160209839692,-0.14799633218067437,0.10530057469840952,-1.0,-0.17430959375952587,-0.018788634446226932,-0.4726302037857799,-0.0788042943134698,-0.02516834797799022,-0.6685528579261887,-0.12396664324390874,-0.010464646375976472,-0.801937910249734,-0.1527557385524247,0.004403460793629943,-0.919565203078811,-0.17160734183589607,-0.08420662556945492,-0.4133335298007037,-0.09731122276663726,-0.12243888323348506,-0.5589733493057125,-0.14145483090452474,-0.14164423751274818,-0.664610259421577,-0.16117885904157828,-0.15432390718421607,-0.7627879096070349,-0.17228960613069996
OPEN_PALM,0.0,0.0,0.0,0.1472318586548861,-0.08197362775319403,-0.06005653034347329,0.25286608181512765,-0.24602270919283856,-0.08400233884975719,0.3253548918484656,-0.38324963397931394,-0.10542697576829008,0.3894929035028456,-0.4901387277854501,-0.1266192887812089,0.12910845031313148,-0.4807362416918915,-0.052764960324913505,0.18970908263877886,-0.6846909063747388,-0.09871900819047112,0.22795476918841046,-0.8163687867339566,-0.13506700602131078,0.2587035214020359,-0.930775682493342,-0.16114904891749487,0.047402383597717895,-0.5020834456823962,-0.05677022814219089,0.06620722180334397,-0.723882569242472,-0.09683589833268243,0.08229277166505833,-0.8734460407966942,-0.13163209741176063,0.09324200708293152,-1.0,-0.15739299504755674,-0.025286460801872527,-0.47733096811340997,-0.0691109157753978,-0.02889538624686693,-0.6746714355145409,-0.11075828352478007,-0.0181705698266313,-0.8058083656033337,-0.139679678928612,-0.007799598524461838,-0.9215797623637283,-0.15909293545928857,-0.09209686727826984,-0.41619166320268686,-0.08776446375601202,-0.1281763410793616,-0.5629634964077888,-0.12890709810678963,-0.14821407696633748,-0.6663343702384235,-0.1479611000166958,-0.16227248686730172,-0.7625082273009395,-0.15924756684773542
OPEN_PALM,0.0,0.0,0.0,0.14230327354301073,-0.08824235160494483,-0.046835308483145065,0.2416035344824033,-0.26137206344620995,-0.06505533302338297,0.31731964833663456,-0.3991282068834883,-0.08303152322223345,0.38482118008545535,-0.4991953905784769,-0.10193063352660658,0.11804259435510014,-0.4889629679674092,-0.03869477359771128,0.18019021820454129,-0.6907184175256078,-0.07985379179465431,0.21903669441167495,-0.8214613286960037,-0.11356980995378521,0.24900352548634705,-0.9317110803636343,-0.1375813861936595,0.03593748851972403,-0.5062323136548486,-0.04797256590099378,0.052910860372425976,-0.7311228243028998,-0.08289565947628638,0.06503381674890053,-0.8784627782796494,-0.11440552028292439,0.07028937732416787,-1.0,-0.13779437947367718,-0.037963357378370005,-0.4794562511211469,-0.06452572157237108,-0.0443552166284394,-0.6811431729520487,-0.10015113475030321,-0.03756294327305557,-0.8140272888735809,-0.12526313296256103,-0.030453406611169482,-0.9272260983118417,-0.1427899235585641,-0.10771641205019943,-0.4175556424895564,-0.08639603033960135,-0.14849112660909788,-0.5664205176029703,-0.12288795906718086,-0.1667130507149983,-0.6723934867835927,-0.1387610612711609,-0.1762561818766024,-0.771129899288971,-0.14808244502231205
OPEN_PALM,0.0,0.0,0.0,0.14162407168857136,-0.08619332034533633,-0.05742346793082834,0.23483775754429587,-0.2542646527483807,-0.08270514615655765,0.30829468108756525,-0.39493798718763823,-0.10605398863156894,0.3700148006743101,-0.5030205982540406,-0.1297962013066648,0.1099039330003904,-0.48756378961325614,-0.05576517859079618,0.16735297147082967,-0.6949981126311773,-0.10393332515347072,0.20090258693688048,-0.8258077593266068,-0.14080370692211971,0.22797857876793093,-0.9391201599348553,-0.16714040889166878,0.029858042534784083,-0.5020097649480125,-0.062636580449601,0.043980028126130014,-0.7300980300395061,-0.10590605351885356,0.05233896350611856,-0.8771877205389368,-0.14073725596454267,0.055972056656035,-1.0,-0.16592871663813866,-0.04209089609391794,-0.4680575499822136,-0.07750573524484758,-0.0530063382973068,-0.67119287440027,-0.12158841522335405,-0.04580318673666804,-0.8070766706667033,-0.1504665816353594,-0.038264290702699225,-0.9260105137243084,-0.16966110052234515,-0.10834319873530861,-0.398797358888508,-0.09825317333819512,-0.14925583008890542,-0.5457790895403327,-0.14169339304291337,-0.17032368558977373,-0.6556894876421789,-0.1621166577251955,-0.18487266174545103,-0.7595631707267259,-0.17451855899398636
OPEN_PALM,0.0,0.0,0.0,0.14649708928669142,-0.08029294462182522,-0.05461580146359819,0.2487042114861759,-0.2401125397041898,-0.08045874224821688,0.3263137499671629,-0.37959979637376906,-0.10445559378870331,0.3945803118916656,-0.4787084746666171,-0.13019049722971207,0.12721721996049457,-0.48037313784113905,-0.060977448257282324,0.18856434444739006,-0.6901685720968664,-0.10833415497734945,0.22542599971084248,-0.8202154211958418,-0.1432422859052074,0.25489391051190785,-0.9303077638484822,-0.16816075530374336,0.04308301554495005,-0.49597724243998614,-0.06893131589572012,0.05856873457876018,-0.7315546513998232,-0.11280377407141157,0.06802321381859332,-0.8802495977624822,-0.14748662445779168,0.07099723051959983,-1.0,-0.17258874252314976,-0.03468100539170537,-0.4641413909087916,-0.08373710659409438,-0.0436414466792524,-0.6778417898520858,-0.12917369485364955,-0.03823976113035578,-0.8166083323324477,-0.15949818028081092,-0.03323055279061276,-0.9323065526907345,-0.17980418211158097,-0.10828287129504516,-0.3974713516300977,-0.10354725415657728,-0.14711608977984988,-0.5548546360242304,-0.14941205325271725,-0.1665837088232081,-0.6665654883058502,-0.17116631854582076,-0.1792458403591304,-0.7697294075364572,-0.18414328456163065
OPEN_PALM,0.0,0.0,0.0,0.14530082581916534,-0.07697459862585558,-0.06190094051012761,0.2519577688041984,-0.2343072402010982,-0.09136907744954843,0.33159878325302033,-0.37090171217491524,-0.11723385548639959,0.39616824620293684,-0.4752067241615001,-0.14406071135867116,0.1269261371887917,-0.4744916335758014,-0.07285070212140615,0.19018913545238122,-0.681059250312983,-0.12446278179590776,0.22713400956485014,-0.8131560544316877,-0.1617719548345354,0.2522845787672668,-0.926992274347352,-0.1879845692107553,0.04242715775289779,-0.4920463516679071,-0.07866277042422333,0.06362221016322397,-0.7274549476458734,-0.12572810454962122,0.07252530112580839,-0.8777241220829004,-0.16135750267163443,0.07159525702312944,-1.0,-0.18659097587203535,-0.03572677834404942,-0.45884731195898504,-0.09154289872348947,-0.04367936082296578,-0.6696592723199442,-0.1391276909288238,-0.037917862408587105,-0.8122847679077577,-0.16951482585618513,-0.034249467083101316,-0.933125271041618,-0.18930264200713195,-0.10964164194565568,-0.38850627343738464,-0.11001305872975592,-0.1483814903239717,-0.5429943660551422,-0.157251138586344,-0.16927035218540792,-0.6548270920653355,-0.1787436609286614,-0.1843267879483555,-0.7578508322588564,-0.1909611676872364
OPEN_PALM,0.0,0.0,0.0,0.14919682843083779,-0.08076118773256433,-0.061375958470415416,0.2535518792755749,-0.2470530866172452,-0.08937732322924437,0.3291748967259164,-0.38769882324488564,-0.11376482473982281,0.3957295724755634,-0.49515343031395215,-0.1388538705854054,0.13427668168650064,-0.4767337671480132,-0.06979302630213399,0.19607374081543172,-0.6829498583825448,-0.11945001191663344,0.2321340223091659,-0.8156792747553365,-0.1555319421355245,0.2555789731190099,-0.9305561472444227,-0.1815851197547322,0.05106362119617402,-0.4959913906112726,-0.07543821166045171,0.07333753060878458,-0.7267719036968832,-0.12143337340232979,0.08198186656390738,-0.8765244085123716,-0.1565592514610917,0.07894315872064385,-1.0,-0.18176455289368834,-0.025697036761158972,-0.464740296094253,-0.08831538560803566,-0.03236283387069851,-0.6748427200788137,-0.13497416775745563,-0.027350999363140897,-0.8157991159124547,-0.16487711690916193,-0.025643997384524733,-0.9383504614696376,-0.18472250326042935,-0.0981542374248161,-0.39554006881356557,-0.10680264305243305,-0.13656464266807547,-0.5479969633023954,-0.1535780963670732,-0.15733759957543758,-0.6576850229557669,-0.17530801390785225,-0.17291749121892916,-0.7610072749767721,-0.18808640588229872
OPEN_PALM,0.0,0.0,0.0,0.13198968464792837,-0.08922845784064748,-0.04738071102966349,0.227824420577355,-0.25630320019717534,-0.07278190804091601,0.2908499195117859,-0.39723977167149305,-0.09822199200361006,0.3615527185079108,-0.5027697688093488,-0.12470895389847719,0.11999081334901494,-0.4987218098381018,-0.05028825031992442,0.17772599044287785,-0.700536746967464,-0.10071788600200135,0.2130971817936605,-0.829544486066576,-0.14000717753526487,0.23876341796733472,-0.9426229342657638,-0.1672135126892063,0.04276429656402935,-0.5163948033542101,-0.06266147542494444,0.06409975223023887,-0.736968943190193,-0.1053826035346989,0.07519304528836365,-0.8805048715827851,-0.1375339532865454,0.07923122950785902,-1.0,-0.16003663346692756,-0.03157519478212442,-0.48750144500720627,-0.08208959731302902,-0.05028067674564747,-0.6920570286483433,-0.1241946080769695,-0.04832556482918298,-0.826705526555779,-0.14475029503965603,-0.04328308545451505,-0.9443012429848989,-0.15774813990885247,-0.1053823256816415,-0.41851350907044454,-0.10681327174561478,-0.15742197304414285,-0.5691984162317104,-0.1475547904722215,-0.17781057031960448,-0.6763694407008223,-0.1603903724427646,-0.18872202068192062,-0.7750830429787756,-0.16592906183920278
OPEN_PALM,0.0,0.0,0.0,0.1539564843565269,-0.06488715324682885,-0.06910872625568612,0.27671771335210477,-0.21344535659793024,-0.0994993811661348,0.3618736845856724,-0.3326924579733843,-0.12191720654054351,0.4059698286658654,-0.4174446820529587,-0.14348159611841063,0.1496073887938599,-0.48980735362568645,-0.06878068169306661,0.21295313665573148,-0.7068917180008166,-0.11267906483605138,0.25752094348303534,-0.830056117780432,-0.1483763579289635,0.2912272506178086,-0.9216149828522734,-0.17177065007004869,0.060982054673397325,-0.5263775470088536,-0.05883113735914591,0.08549929560386785,-0.7620052698465669,-0.09080671358620993,0.10819981843385777,-0.8995622998525309,-0.12292419689945917,0.12453933030902412,-1.0,-0.14770959395183597,-0.017268716305472425,-0.5200943459980545,-0.05621116367139501,-0.016791962290419276,-0.7285475702860347,-0.08512259510971519,-0.01058253663395431,-0.8548764332459604,-0.1116802277104679,-0.007148524437677861,-0.9496847760665834,-0.1310567169363603,-0.08174040287587474,-0.4814028229928,-0.05975909899173495,-0.10114139983259335,-0.6481006376524913,-0.086593227067191,-0.10932249104597266,-0.7519631761077746,-0.1011736998644263,-0.1123065504301377,-0.8297512180738476,-0.10998439120049557
OPEN_PALM,0.0,0.0,0.0,0.12791380833805896,-0.1077352114828282,-0.04579403367891146,0.22814257385266232,-0.27166368740638647,-0.07052957471605126,0.2920704048073007,-0.4054849149211575,-0.09711574554053487,0.352209489874236,-0.5044475568329247,-0.12482917319809209,0.12325643815417833,-0.4902827494132023,-0.041275796934635185,0.17858594037212722,-0.698783340552024,-0.08954260110371429,0.21417522614842918,-0.8221037794682579,-0.1281795386722112,0.23985987306019396,-0.925866180856231,-0.1536355068921119,0.042495811422994925,-0.5071870871268669,-0.05408959601987081,0.05685063660913048,-0.7416561115022269,-0.09473672186471807,0.06193299169825774,-0.8837412761751954,-0.12969643115241936,0.06113898534481775,-1.0,-0.15383519919232408,-0.03187545550929971,-0.4874577855438651,-0.07388988759543562,-0.04683288011863459,-0.7034138204932424,-0.11228255558875373,-0.052376338372525116,-0.8325330261296755,-0.13511400883768546,-0.05365307915604328,-0.9373339267047397,-0.14967611711209095,-0.10222281096308247,-0.4301904990124534,-0.09913631533584653,-0.14791836281089363,-0.5836742490205155,-0.13133368475568707,-0.17216909497465024,-0.679885949649757,-0.14099254084873328,-0.18784809096641647,-0.763709087264791,-0.14521802992122332
OPEN_PALM,0.0,0.0,0.0,0.13588204931116116,-0.08984410267390695,-0.048454600672601336,0.24388904684228022,-0.2490643264919036,-0.07064415841842017,0.3131784093705288,-0.38951840527406906,-0.0920719538809232,0.36993189982884406,-0.4938552569257042,-0.11475446377135198,0.12108746155295144,-0.4810649855154781,-0.046418781571367175,0.18074148913471208,-0.6832582903359984,-0.09053180146996857,0.21692090039630096,-0.8098353712526181,-0.12417848486010637,0.24407591977221377,-0.9106292232721226,-0.1465614731837002,0.0355057498417884,-0.497380733881729,-0.054433148776781334,0.05584893572714458,-0.7401157415495024,-0.09469720335201083,0.06508263811581655,-0.8855481835662727,-0.1278106872008581,0.06673682147844161,-1.0,-0.1499823883781148,-0.03930015713780335,-0.46670568667467793,-0.06883183691064945,-0.0518458590016498,-0.6816505848032882,-0.11058864786266392,-0.061002205186049686,-0.8160210896091492,-0.13910608201720176,-0.06766146317978233,-0.9244910490644547,-0.15680831213032664,-0.10757320445191366,-0.40076668118698183,-0.08761879680220545,-0.15333976330069948,-0.5555686263322442,-0.12828373267722432,-0.18189980213265927,-0.6611478784580174,-0.14605626718594458,-0.20369288262018712,-0.7545815654395558,-0.15494699524352068
OPEN_PALM,0.0,0.0,0.0,0.13739724253997024,-0.08313449592764625,-0.04687429757643477,0.24045446530408174,-0.23715562440153476,-0.06973221397432683,0.3072608203633312,-0.36910133676769613,-0.09195014572306183,0.36307014626546524,-0.4684233551552271,-0.11574003922135767,0.11374399860720814,-0.46815718459625777,-0.05140632565101163,0.16778476901752373,-0.6540248113369685,-0.0988576065340506,0.2021734472268041,-0.7676795284149627,-0.13451972532982134,0.22943466935701676,-0.8617886215155093,-0.1584392235229864,0.030559505023202038,-0.49196187232294913,-0.0631453994053669,0.04627417018398691,-0.7301722463902361,-0.10470671851764066,0.05432223043116283,-0.8777143258909739,-0.1384222907229614,0.05447836150537586,-1.0,-0.161830442907792,-0.044183977983174895,-0.46317594487758385,-0.08130380464753188,-0.06458480740858129,-0.6781197756355171,-0.12481762710228289,-0.07410779851837303,-0.8163134094160764,-0.1564397497259992,-0.07989647806687633,-0.9338753094162997,-0.1769635923583758,-0.11263735405260021,-0.3932460755187815,-0.10347217119731415,-0.16689039129862215,-0.5471528120333645,-0.14512581299089078,-0.1947916503913879,-0.6539456855817026,-0.1642956593820198,-0.21314480794427046,-0.7511784045837137,-0.17547826856774992
OPEN_PALM,0.0,0.0,0.0,0.13460918337462907,-0.08329840064823876,-0.048611539958466635,0.23951422182738674,-0.23637593232976595,-0.0708778563193514,0.3067948646680393,-0.3650911355587464,-0.09269092910321777,0.3620371040471919,-0.4618634719954074,-0.11535521294704612,0.1148406049839939,-0.4829720204051166,-0.04313993501631038,0.1711453340712608,-0.6798482051009528,-0.0889706345592079,0.20854970329651504,-0.8030958458482081,-0.12548814623558172,0.24029783275174346,-0.9015991419903228,-0.14893170719483617,0.02874957069798593,-0.5025796578846071,-0.0515481580247074,0.040324147348221706,-0.7329886564044402,-0.0886545505720594,0.049114947355074226,-0.879833544444456,-0.12072019162208404,0.05257465251738506,-1.0,-0.14300934970533258,-0.04700476844262223,-0.47703736800893254,-0.06717235499540554,-0.06200443805342376,-0.6851994612616625,-0.10350424125901138,-0.06724439908731003,-0.8195319801011306,-0.13014772649096382,-0.06902034300109232,-0.9329135117994394,-0.14775464468927868,-0.11515071632690187,-0.41254050181166324,-0.08803075158341161,-0.16254356097090839,-0.5582791978686342,-0.12279448368310547,-0.18959468645598906,-0.6604135120907879,-0.13731813354793726,-0.2086172961484078,-0.7554929972057348,-0.14488942157284965
OPEN_PALM,0.0,0.0,0.0,0.13403599942145136,-0.07620294677194107,-0.056719614370958245,0.23964537454139845,-0.22592836159241247,-0.08278289245825791,0.3077274382784985,-0.360838154673541,-0.10664620370121995,0.3629500765407178,-0.46624842522788884,-0.1312549157079198,0.11524620668637972,-0.4830195121255777,-0.05456531881180646,0.17583175201172987,-0.6850611746950038,-0.10463595889399253,0.2160912069501872,-0.8135553897569352,-0.1434313205252755,0.250027081389048,-0.9197848647142965,-0.16874472743956537,0.031241504699245488,-0.5053540728642288,-0.0599950421198228,0.05246880522516667,-0.7343188400075401,-0.1005374998585384,0.06507575538797791,-0.8810327068850579,-0.13386540625209795,0.0707393907668365,-1.0,-0.15741881227443835,-0.04542191707477619,-0.4809080776624783,-0.07322936891060935,-0.05649573771226905,-0.689683593113614,-0.11216022125970815,-0.05972454602270352,-0.826041585559582,-0.13918466018755077,-0.05985919139907269,-0.9412966873703733,-0.15748167216903966,-0.11646556983690119,-0.41554950605861546,-0.09239054070555895,-0.1623340708975534,-0.5637515394353155,-0.13044448457829871,-0.18662860528226605,-0.6684949193608232,-0.14691909271455936,-0.20220896401897806,-0.7668463603648853,-0.15598802237398698
OPEN_PALM,0.0,0.0,0.0,0.1363225830282791,-0.07983912419854788,-0.04896718479227347,0.24264598621261324,-0.22626590461021615,-0.07240956522948552,0.31721657817120225,-0.3524046537282353,-0.0953641523748228,0.3753975722128624,-0.4480089303099,-0.11881876080665313,0.11638026942439444,-0.47613377183508976,-0.03893157765453672,0.17076337746524198,-0.6557597180666606,-0.08276854315226188,0.20672615615395645,-0.7612836256156649,-0.11959553780622176,0.23497859142267025,-0.8501345744610918,-0.14411900992122892,0.035192332855639386,-0.5045365899163379,-0.048022518404835506,0.05877989578383441,-0.7338538506952857,-0.08306554451146707,0.07310207436874593,-0.8793886018342696,-0.11509714618859229,0.07862767231572627,-1.0,-0.13816427001400047,-0.040287943643383624,-0.48410105574744705,-0.06492889289560312,-0.04828853465660191,-0.6952693273530809,-0.10035082640411176,-0.04790587864069464,-0.8317559415923674,-0.1283864368287335,-0.0459797014506745,-0.9489062812058423,-0.1476514564843055,-0.11207889525605459,-0.42202087704107727,-0.08703592936500035,-0.15447057048427398,-0.5736163936047862,-0.12094907703002858,-0.1771356769762161,-0.6785906087749185,-0.13568121625371019,-0.19203509516627568,-0.776264057693909,-0.14443631953389613
OPEN_PALM,0.0,0.0,0.0,0.13911146543270905,-0.07124261529858911,-0.056175913838658866,0.24482767004060066,-0.21614458819906482,-0.08146079607470391,0.32029141713331766,-0.3474103148779954,-0.10413214280011052,0.379870458763179,-0.4461244752708737,-0.1265210709142462,0.11895029356467338,-0.46981984468828253,-0.04951230740601666,0.18045920889486777,-0.6650002127280242,-0.0933688645194392,0.21751060601149136,-0.7876557726281839,-0.1274658666624208,0.2463643767676686,-0.8888113669700236,-0.15006867032914284,0.03456564482929082,-0.4989511748664878,-0.05349467019517483,0.05989509469436048,-0.7322454405293484,-0.08948323837475983,0.07376179627543619,-0.8798105656944658,-0.1191390048616882,0.08014629610120182,-1.0,-0.13940523493363077,-0.04169975769265055,-0.48061503217258117,-0.06499127848108331,-0.04899202371208376,-0.6911027010381128,-0.10082525875663702,-0.04696211719085553,-0.8235312142920816,-0.12518791989811534,-0.043189740228692756,-0.9341692869356629,-0.14059046558145852,-0.1113446335810433,-0.4222501863902688,-0.08225839162757391,-0.15381591023282576,-0.5744883637770772,-0.11682603869608044,-0.17465224032999183,-0.6767853452677132,-0.13013353781477863,-0.18621464156340917,-0.7702534806356719,-0.13642634616404967
OPEN_PALM,0.0,0.0,0.0,0.13614504903531743,-0.08093553333648276,-0.04760336402281389,0.23642632700511101,-0.22972302482983512,-0.06987341241973374,0.3100777440561994,-0.3560882061155934,-0.0917478099320261,0.3695393706166027,-0.4494384016567694,-0.11400953921059853,0.11428171974091272,-0.4870271229592026,-0.040688975690678614,0.17657476720832574,-0.6869646876767563,-0.08203018594564183,0.21390825716186315,-0.8108600364397334,-0.11559377066291471,0.24210551179694872,-0.9137030761825358,-0.13865347296535938,0.031629535335943954,-0.5091857749699634,-0.04885127566475967,0.05270291147596241,-0.7396650455624346,-0.0840824106973371,0.06248699264949037,-0.8845320098926087,-0.11506840936180938,0.06410201082466921,-1.0,-0.1366055095174507,-0.04301752656691492,-0.48571942937471513,-0.06383846861148795,-0.0556969960840693,-0.6929448130835751,-0.09861097483905626,-0.05554441906459434,-0.8294395763083,-0.12423067534121979,-0.05500216416776577,-0.9436125131031101,-0.14124753765546205,-0.11201451460717482,-0.42395689028882383,-0.08397021232422947,-0.15514784649347366,-0.5735536145432074,-0.11804992551773671,-0.17678454465016452,-0.6785903160195657,-0.1323321240568277,-0.18981538819041102,-0.7745802855169297,-0.13970295069230654
OPEN_PALM,0.0,0.0,0.0,0.1356720923507717,-0.08501595724809632,-0.043774005319279975,0.23742490126981924,-0.244214083717609,-0.06051973595234884,0.3092203020611602,-0.37749100534476354,-0.07718414207888764,0.3616384627525681,-0.47322182584941047,-0.09377907578026728,0.1104021298909266,-0.49563087199131645,-0.02777528301727905,0.16519917378308613,-0.6976702249733485,-0.062395261176486486,0.1936122403578188,-0.8221178872807761,-0.09206265687138396,0.21369165366573323,-0.9225198659304189,-0.11234432307980245,0.02622743612544133,-0.5152220474114279,-0.03466297023815324,0.04453719714740842,-0.7451546881630945,-0.06316586056249858,0.050741321432583295,-0.8887501433237379,-0.09060091632722815,0.05026303703097589,-1.0,-0.10969400540201024,-0.05002971180262418,-0.4932858564968408,-0.048630357285151665,-0.06358907458819389,-0.7033833967835762,-0.07780559671496944,-0.06401616963222385,-0.8338243504413079,-0.10096974243504148,-0.06271988963781332,-0.9383715036602329,-0.11640103927217257,-0.1202310036100131,-0.435011297206832,-0.06764494954834563,-0.16263014021618197,-0.5840058076652961,-0.09710375830606911,-0.1859229783726257,-0.6860329191519682,-0.10946374216332423,-0.2002694421639758,-0.7764958894041003,-0.11554109684468793
OPEN_PALM,0.0,0.0,0.0,0.13163805224047792,-0.09013191554847376,-0.04493863558506717,0.23083221301563467,-0.24398571567430485,-0.06553687019001232,0.2997379964435441,-0.37383764477142867,-0.08626999834784245,0.3545375487737812,-0.4705295505661169,-0.10715863570543634,0.09833565680342718,-0.495230598204998,-0.03569854653000268,0.15215012339134049,-0.6982900200628224,-0.07515866217371046,0.1817773763171202,-0.8263232098548439,-0.10770087939450027,0.20341056331347068,-0.9318434822878063,-0.12991075442930053,0.016309892883088793,-0.5127320164256026,-0.04386322038585814,0.03204486120075882,-0.7397098274695644,-0.07658312773783868,0.03598598074533366,-0.8856408771624871,-0.10650410408452053,0.03295319541960368,-1.0,-0.12775829807639055,-0.0563089558155846,-0.4876884990883653,-0.05877148387163795,-0.07068323481397333,-0.6969480979794677,-0.09185484463317874,-0.0741167329840384,-0.8302229120511669,-0.1162478507444379,-0.07733214292971567,-0.938775322663793,-0.1324945093675104,-0.12291245239755322,-0.42574548961841807,-0.0785907689797327,-0.1686906591325059,-0.5746808502101477,-0.11117546325045798,-0.19266004342867823,-0.6784458036525183,-0.12437575456973124,-0.20867535542232687,-0.7703133649511644,-0.13086684802784815
OPEN_PALM,0.0,0.0,0.0,0.13371360879664204,-0.08171352751827048,-0.0377089553350822,0.23160364338217249,-0.23333701021204684,-0.05408273728104475,0.2976742510646675,-0.35690019068750417,-0.07107347534011724,0.34737069745815086,-0.44425095383335717,-0.08889471490917297,0.10458969464138029,-0.4958460946534137,-0.03153008380610409,0.1615470968579576,-0.7009262039886569,-0.06672580816132646,0.19030539028660126,-0.8289677435699044,-0.09509079706735653,0.20995562412025398,-0.9300065233809902,-0.1140380999844584,0.019265876859044833,-0.5126434048670967,-0.040989299612319556,0.03421621524623916,-0.7472097504490103,-0.07037834569583679,0.03874642889752222,-0.8907911605020892,-0.0966752222709351,0.03747513488779099,-1.0,-0.11486025182406766,-0.0572207652517017,-0.48632504593019665,-0.056196552202803764,-0.07548214171675754,-0.6980740720411374,-0.08608115225384025,-0.07872509596389551,-0.8276269143299575,-0.10854263969817908,-0.08012015476668621,-0.9314546242379493,-0.1234862901024862,-0.12767130076533614,-0.4239684376027525,-0.07546099003223845,-0.1700441172667456,-0.5743012303117659,-0.10493140107649136,-0.19231227994804517,-0.676234599991661,-0.11626549516306761,-0.20600438692093778,-0.7674875166449132,-0.12158689471593101
OPEN_PALM,0.0,0.0,0.0,0.13083235395036524,-0.09014817539833873,-0.04253070044339632,0.23371246404503643,-0.23630485543096055,-0.06537112149863351,0.3151700913689917,-0.359081822871557,-0.0890206979325068,0.37742382472068825,-0.45199395174510115,-0.11354866189472469,0.11336304091762413,-0.48151658780252793,-0.03406198450400105,0.17755833571870033,-0.6816691108449097,-0.0758137087326234,0.21482483418517487,-0.8065248367395145,-0.11038291836727647,0.24325437088326693,-0.9067925420656286,-0.1326388778786234,0.03358508939793688,-0.5017165425617498,-0.04415922773625189,0.055003227157949565,-0.734988185520897,-0.07906294559074353,0.06570617352287411,-0.8846173191073294,-0.11026271463367461,0.06871937261205453,-1.0,-0.13146382404657414,-0.040104053789652504,-0.48085798951351416,-0.06111622450698726,-0.04604947676854444,-0.6957395721718128,-0.09439160845451638,-0.04112289296605967,-0.8314017346862731,-0.11922827390633561,-0.035660292843188036,-0.9387906492209659,-0.13504225306977097,-0.11068480265356387,-0.42714483553344484,-0.08272732024231975,-0.14289384032849334,-0.5850114510782078,-0.11354973168902663,-0.15597271754612754,-0.6941320498786162,-0.1256244999748725,-0.16174618343476518,-0.7902320999384062,-0.1312066784131387
OPEN_PALM,0.0,0.0,0.0,0.1446487721655294,-0.1065881066991131,-0.044477699472041776,0.2442818171347205,-0.2823468115418837,-0.06352994746778086,0.306295284778594,-0.43919747622754457,-0.08279232785180429,0.3631117044508468,-0.5587792077883829,-0.10111272396534313,0.12805887977835823,-0.5320739723210621,-0.018139967400233926,0.17590387896281673,-0.7443664633868241,-0.06468006875542429,0.22837898948608515,-0.8444475537233143,-0.10481819095369133,0.2806899094710266,-0.9102868773572436,-0.1275454100962673,0.04043277039066371,-0.5503266417701038,-0.02212578886312215,0.0640870302616149,-0.792573238333698,-0.05298481207629388,0.10351069364318242,-0.9173322284227428,-0.07905170754551627,0.14683921618343576,-1.0,-0.09638044769234466,-0.03563058365716645,-0.5288003654862831,-0.03551554803873722,-0.019722808647677562,-0.7432863926704849,-0.06472233873599817,0.019460289312386414,-0.856499324762546,-0.07718009291245971,0.06698633832681802,-0.9373903753732745,-0.0848273744922757,-0.10442131725028776,-0.4751077403779629,-0.05498705829407516,-0.09425696437668278,-0.6351970711623747,-0.07850605326090851,-0.05960008317750435,-0.7223007701649403,-0.07841060881397321,-0.01876503050743689,-0.785769998739969,-0.07486352018123049
OPEN_PALM,0.0,0.0,0.0,0.1844889808274809,-0.14027738606964196,-0.02903381865619517,0.29629045672782583,-0.44875191604184395,-0.034139314251784965,0.3623899167017507,-0.7085768945900827,-0.051891826072717806,0.3975904538284535,-0.8981299527450227,-0.06146752374317994,0.19508151429666137,-0.7579778866546683,0.04253637396576477,0.2072298845259059,-1.0,-0.04869205566227451,0.2534283880184515,-0.8582245250001378,-0.11066116800145219,0.25760060882027414,-0.7091673122362859,-0.133398604733433,0.08153106988997001,-0.7419433989797564,0.021281864737853255,0.10528244080188492,-0.9753004624379121,-0.06341043644906832,0.15827673766454836,-0.7487921478286936,-0.09432143003043297,0.14908237260672985,-0.5888730714680912,-0.09147176332646585,-0.03525013795980511,-0.6820473977893364,-0.01647614795325073,0.016969714977319,-0.8721724230390359,-0.11238747767311145,0.06930434472147695,-0.6367100797758714,-0.08656436592530989,0.05216641822320231,-0.4922779649856457,-0.04098466727073847,-0.1636134997652946,-0.5839398253235976,-0.057045370603363336,-0.08563116580887577,-0.7068945397629751,-0.11762235738629882,-0.03686707719542992,-0.5427049994045504,-0.0831793711477744,-0.051956992483437034,-0.4366210378938384,-0.03925912138002372
OPEN_PALM,0.0,0.0,0.0,0.21776659234783297,-0.14472907296540477,-0.030578333999086476,0.3365599196898395,-0.44635089666835714,-0.02498201582735061,0.37680351606880097,-0.7317971793555401,-0.03139587154294101,0.36920414630361864,-0.9416603230109646,-0.033843987181058965,0.29174524642368815,-0.7182307813266381,0.04957090288777013,0.3420336007214585,-0.9794507209898811,-0.01761548699960091,0.3850865427371477,-0.9658322546515224,-0.061502414856745256,0.4011582074755513,-0.9094305601404594,-0.08074559693467694,0.17360225226679385,-0.7230426741450644,0.03011566244998499,0.22928514376580925,-1.0,-0.04641431234830238,0.2535752704688335,-0.84510797405332,-0.07775637156012355,0.24004115479179444,-0.7163748064360596,-0.07517129389503316,0.04843992931206308,-0.6852116628847718,-0.0036647765413490192,0.1306836464895025,-0.8492166843525358,-0.10274962383264491,0.14497769914305977,-0.6410504469023001,-0.09053493538858139,0.11808103286864102,-0.516160441206027,-0.05211297729081376,-0.09045436889564157,-0.6108680099596262,-0.03971131073392444,-0.004830377068283423,-0.708010813546508,-0.10815091364277261,0.026426229098478877,-0.5545623814795106,-0.08560203256470869,0.010383201930276368,-0.45837008488175807,-0.04940019396110785
OPEN_PALM,0.0,0.0,0.0,0.20137697853947742,-0.13307644786911502,-0.043457831277962995,0.33279003675494995,-0.4667564745846406,-0.045608045473012705,0.4105868710917861,-0.7587285752194508,-0.059932574350733785,0.4120144424215535,-0.9949998074414134,-0.06250051950530029,0.2538610634404047,-0.7198995318979893,0.049397723371219004,0.3044232553796385,-1.0,-0.050299707409244686,0.3499026919690408,-0.860536410190939,-0.11418648368571029,0.3385053338728491,-0.7254220066503932,-0.13673834195520473,0.15612307289740532,-0.7080574426003956,0.03341230661772512,0.2210812613062225,-0.9615616132083584,-0.06511350490461142,0.26260243193581523,-0.7582466511951558,-0.1074703600166726,0.2331736767664085,-0.6239763400890623,-0.10977145985592575,0.047409242917668806,-0.6680640792771615,-0.0032312557353335546,0.15199704356624832,-0.8372336558645695,-0.1192856592711807,0.17547758486162424,-0.5946831672669395,-0.11009664976353455,0.12863256498060963,-0.47334619870885514,-0.07097366608933735,-0.07106519717207932,-0.5997144857340465,-0.043959946751654475,0.05721047497608844,-0.676378653535402,-0.12489753857967908,0.06976292081305094,-0.505355238938828,-0.11015696445438306,0.010480462689267944,-0.42387657891446545,-0.0780448031662558
OPEN_PALM,0.0,0.0,0.0,0.20044222642077564,-0.15299963315669723,-0.058968403401539804,0.318058709771815,-0.4788659558812615,-0.06154820938013142,0.3861738773640718,-0.7722123089711211,-0.0744373947719752,0.38126708312923696,-1.0,-0.07642721818357551,0.2640373225952149,-0.7252009686359578,0.07816631300923775,0.32955198466467767,-0.9900260501154602,-0.01015964953861886,0.3671568689818084,-0.9228171233123618,-0.06721647598323666,0.35243807663844307,-0.8378324649961513,-0.08609776526515679,0.15219703090177716,-0.7204775960525116,0.07067601023628407,0.23006959420345172,-0.9759638118623977,-0.03002644813733841,0.23767284574981287,-0.7765086695886902,-0.07504843305779915,0.1899381561565,-0.6602601618775592,-0.0695212571654475,0.03950351045715461,-0.6765234599472848,0.039843798935866974,0.14972110366822097,-0.8074123021855804,-0.08162619986208507,0.14680835724176247,-0.5771664429558664,-0.08625426674101193,0.08736940484445208,-0.4889605081521912,-0.04900796330355235,-0.08041555076326733,-0.6001013060045676,0.004357526220871355,0.0394292936039916,-0.6460918995485495,-0.07533915438729864,0.041597485957111144,-0.4875148698766516,-0.06560486033005412,-0.018148936260446023,-0.4339745669446618,-0.033979079528999825
OPEN_PALM,0.0,0.0,0.0,0.18764331402758613,-0.14669674686605225,-0.024939465558819207,0.28289869773517573,-0.4780127156258747,-0.026124553084302324,0.34580049175704886,-0.7506175632432196,-0.04129508325693855,0.3494787656762546,-0.9728300842304659,-0.04656712302571787,0.18864413397017452,-0.7276987865579456,0.04463480552694533,0.2030194529163737,-1.0,-0.03636409438558718,0.2882882695041302,-0.9035264307685411,-0.08015763917514654,0.3018147159104829,-0.797384523883369,-0.09389860052004004,0.09569532747401908,-0.7020715409030419,0.020036790541882045,0.16472896805559972,-0.9475377483740586,-0.06909291010283887,0.23157513942412195,-0.7234400891980773,-0.09207050776488178,0.19009323784538062,-0.599367606898777,-0.08228887742398269,-6.255124641177382e-05,-0.6476999124803811,-0.0220102020919268,0.10909354382522765,-0.794924696118226,-0.1316540197384935,0.1553866787738079,-0.5566375473239273,-0.11644476562040612,0.09726588501934137,-0.4657774311975384,-0.07625209572731141,-0.10042003161965506,-0.5665659939106361,-0.06556506867337608,0.030830466835589782,-0.6457050489802323,-0.14037754036242134,0.058759858988640175,-0.48647824493712816,-0.12284169752086416,-0.012040593673879694,-0.42505969734579424,-0.09260541051333142
OPEN_PALM,0.0,0.0,0.0,0.22099669826415158,-0.16265234501656167,-0.014976523237004886,0.33520459954267356,-0.4546066950217537,-0.01649578257360075,0.377352327850926,-0.7128671273838512,-0.032908067574345126,0.3738683395744194,-0.9006485855304287,-0.03929858927920533,0.2612813723183992,-0.7615807113354652,0.0403625058075553,0.3186773771756384,-1.0,-0.04641015915605779,0.3611790142686698,-0.8736278087536266,-0.10995867353386707,0.35803092145556115,-0.7368073613027234,-0.1389518510546195,0.1750463048320205,-0.7629401872961581,0.012635552610535129,0.24763575156874837,-0.9885798191462534,-0.05717134715049697,0.29628734850266913,-0.8283137094090994,-0.09049010591874605,0.2844872984892121,-0.6835851489701679,-0.09911280802821194,0.08233889203239007,-0.7223193528767274,-0.029903723300965423,0.17752340142368817,-0.8658346631402941,-0.10619834302650598,0.22056172953315828,-0.699980980051836,-0.09701164846038332,0.20420722312995235,-0.5674903522769897,-0.0727448237533117,-0.011773294933170577,-0.6348450748400523,-0.07632565846678334,0.1040571297785633,-0.7175082066572998,-0.12791757415437302,0.14275848586378115,-0.5970865042076999,-0.11151057580683035,0.12960743674675176,-0.4957676641808283,-0.08604919305659882
OPEN_PALM,0.0,0.0,0.0,0.12304768920512647,-0.13806736596819652,0.037966959039582734,0.15506652153309508,-0.32879301007264994,0.050592256857724546,0.17152677073052544,-0.46835817944067754,0.040244576098062534,0.19323066795885427,-0.583799494764146,0.03347125584360075,-0.050805731825939476,-0.6464662885117634,0.09731336860931276,0.051875082394775195,-0.8251631861925953,0.08511844779069172,0.1403672936389452,-0.9362781077527693,0.06326786141825308,0.2041281563879556,-1.0,0.047390746628301866,-0.06764989613804555,-0.6534644998770759,0.059126354849830684,0.10791867234849159,-0.7803762813500985,0.037847591000827796,0.20012822408528438,-0.7133418964515911,0.01715148486655905,0.24086531438283196,-0.6286877229112702,0.0070803337422378045,-0.05088389551808053,-0.6374897117875301,0.017250906619470034,0.14349629089898489,-0.737312763440592,-0.012829592101629442,0.2132118463199376,-0.6393905815200545,-0.016961140315043487,0.23054748433163139,-0.5320297440684669,-0.010698538924932288,-0.009069215174178101,-0.6069348341949897,-0.02383225217240878,0.1610207688278742,-0.6976200825907412,-0.034059494944271455,0.23270823163888107,-0.6317768589152037,-0.02269262073926969,0.2528268088548106,-0.5445651070152248,-0.009295633916198441
OPEN_PALM,0.0,0.0,0.0,-0.11484932458963122,-0.20727019574037883,0.0744093545092152,-0.11099544611385166,-0.4375282643330069,0.0974276072882592,-0.042677901692023706,-0.572674426476628,0.09966541187734881,0.044285752970857836,-0.6406963519264879,0.09760621981979564,-0.10967689523353899,-0.5711990395768362,0.06285841693446421,-0.05765811101733546,-0.7987784843547608,0.06706232745443767,-0.013448406591174758,-0.9248834448862431,0.06911996807654636,0.026344614995780096,-1.0,0.07081967138567354,-0.014803966258817795,-0.5901558882334622,0.013245339645335315,0.06931181708632525,-0.8543431165912199,0.026459255584049664,0.1452642292017385,-0.9252905415468771,0.028884910797549748,0.20373134328358208,-0.9284516335768993,0.031664102888952425,0.08851509010737062,-0.5643350378437417,-0.030218972332536138,0.19842351592506172,-0.8220400868352522,-0.019156237995264228,0.27851933257811334,-0.83000464866475,-0.009579384784469848,0.32076621729574084,-0.7765488403161092,-0.0034529643307257547,0.18773542327672194,-0.49898361232843946,-0.06850279277898849,0.2931159142298787,-0.65704182444295,-0.05162561512778276,0.3538385333688377,-0.6667882239844022,-0.03120645746696379,0.38218568482052995,-0.6315639823260474,-0.014719643892524224
OPEN_PALM,0.0,0.0,0.0,-0.16257717857958776,-0.09926255700311236,0.004369356457726519,-0.2438240447064618,-0.29481123328477377,0.005001608696776878,-0.25755356141501234,-0.47711234174867895,0.004013942475172735,-0.24610138765676784,-0.6121346163545898,0.007219950676115382,-0.10253903062813943,-0.527846966114116,-0.0008177661222199289,-0.09005527484623624,-0.7725216070353041,-0.010669229920138286,-0.06696029883427337,-0.887401607510021,-0.011687502544569739,-0.03970098029034871,-0.9494241090899381,-0.006565879988249031,0.0035019641410739878,-0.5328007108885217,-0.014605198981393081,0.022515487638075853,-0.8046146930807049,-0.020202252633022843,0.0598959183249615,-0.9360039000958335,-0.015461691490323693,0.10353426714098794,-1.0,-0.004273627888623576,0.10603061033755337,-0.49401356058425777,-0.029094707448691765,0.14051990398851186,-0.744710615559439,-0.036915111670111585,0.18153080615826467,-0.8545552792967069,-0.029571994355518192,0.22148527784288652,-0.9142162498553597,-0.017658491351543182,0.19914651097931124,-0.418728656284213,-0.042801908059963915,0.24610212940188642,-0.6014045314692784,-0.03846919807841112,0.2792025053183125,-0.693688564960554,-0.019173171101697466,0.30952949623638526,-0.748897210444958,0.0014050219816672234
OPEN_PALM,0.0,0.0,0.0,-0.13986483497985952,-0.10115802546682334,-0.025418742394267276,-0.22155935847050143,-0.2755945011211779,-0.040189487108884786,-0.25735034176277105,-0.4369796832445714,-0.054283221427588235,-0.26329638712473474,-0.5665968853942037,-0.06410138361861199,-0.07615704700164859,-0.4985046188329249,-0.014256661020250793,-0.08904701310379654,-0.716014563380201,-0.03937273965520119,-0.0867182659878823,-0.8390451834534698,-0.06094299946077459,-0.07535502375840725,-0.9215609812907912,-0.07307144819254054,0.010736547217547333,-0.5120368717497853,-0.022082250726494865,0.0003920224700152131,-0.7531424642112441,-0.0369780157462535,0.007842040400588416,-0.902019361200658,-0.05166497689434476,0.028474291185508406,-1.0,-0.06033740509011543,0.09537442123387163,-0.4836225612749894,-0.034992134163450046,0.10620356466795665,-0.7098559603802745,-0.05566452787428956,0.12321613070640094,-0.8387403477990261,-0.06810444474293371,0.1446139708280552,-0.927964121034392,-0.07396947338730284,0.1764622963161661,-0.41724539302002717,-0.050205075033606286,0.21931636626990303,-0.5743273966748731,-0.06626384137357695,0.2439943716773948,-0.6800100678497981,-0.06687545171406056,0.26622860064842807,-0.7613210011719308,-0.06306379289579829
OPEN_PALM,0.0,0.0,0.0,-0.13633195695974368,-0.09653352813399672,-0.04152504050319556,-0.22272545726931636,-0.257694551965898,-0.0701236097131096,-0.2724717858261731,-0.4147453114954663,-0.09342980810837975,-0.3133246920234177,-0.5415544558424609,-0.11462349297376388,-0.07121582636609163,-0.4831074269237679,-0.06438242808079289,-0.10070273745413943,-0.7255888191546067,-0.10340569558724047,-0.11168224923497681,-0.8684326415831117,-0.1295195077263507,-0.11511961978236371,-0.974385939905777,-0.14468895052518488,0.017678457154989762,-0.4884542003150663,-0.06759683390165051,0.018753424230411174,-0.7419257946070505,-0.0951328384316568,0.02187587693705652,-0.8947224164784732,-0.11285260906575374,0.02938386866396737,-1.0,-0.12443653927307094,0.10034164354151169,-0.45612708961572895,-0.07477860040365718,0.10976898601206517,-0.6930536934176084,-0.10557649063229554,0.11271831556816612,-0.8308845167622111,-0.12207076724923756,0.1144048557628777,-0.9262894779431307,-0.13121210760252164,0.17894623531385623,-0.3939770663792169,-0.0846207294620662,0.2200759009901872,-0.5668368202949032,-0.11360375901326744,0.2361294355383521,-0.6805993683826052,-0.12234996730447067,0.2452874423355887,-0.7732766748477006,-0.12413349952156057
OPEN_PALM,0.0,0.0,0.0,-0.1267273271564102,-0.10982427581399408,-0.04070603787521157,-0.2091457827588393,-0.28895343597627976,-0.06577592680345921,-0.25998983369158957,-0.44434472086859395,-0.08870494036308578,-0.307570203960141,-0.5599378649785742,-0.11040285530326632,-0.06199315934807126,-0.49152565983634405,-0.046676500818932126,-0.0878855471540733,-0.7246118764429633,-0.0896860523798272,-0.10121432801298422,-0.8688476563332889,-0.12325426422966036,-0.10850345174031223,-0.9774524584356906,-0.1449029076842038,0.01822657619713541,-0.4967346135793565,-0.055750552077197583,0.027817476100220014,-0.7377208990132483,-0.08999681099794843,0.03164092917102227,-0.8894240541793733,-0.11699377382752545,0.037751090902319574,-1.0,-0.1349037012163165,0.09581148662075718,-0.46752452948840667,-0.07048482294165505,0.10817026064811354,-0.69130584468917,-0.10353993081511408,0.11171539112568837,-0.8301896715878688,-0.12146692465250034,0.11529492102489808,-0.9324634164993841,-0.13255443038455272,0.16964344857329108,-0.4043526924370455,-0.08929135632998955,0.208756159557595,-0.5672977775983574,-0.1151166865857592,0.22935629584753495,-0.6734157289507523,-0.12027160693972641,0.2467959497381806,-0.7595842900968613,-0.12131526335944029
OPEN_PALM,0.0,0.0,0.0,-0.1229067254915297,-0.10820991796663207,-0.034049485226409,-0.20694762679842965,-0.2771131281751066,-0.05987508307028979,-0.2576529551535685,-0.42719500733979865,-0.08255756160368484,-0.3039999768695146,-0.5386072584013916,-0.10468493430271784,-0.05970652921283929,-0.47551032321824355,-0.06035599580750462,-0.08574236879851722,-0.716374676414147,-0.10069105327987678,-0.0987627668576492,-0.8565403237331722,-0.12839482631639457,-0.1051557301234094,-0.9605607325314581,-0.1451881524691808,0.023514065951071864,-0.48008355061762525,-0.06994532883995806,0.027403429535041445,-0.7393263135981646,-0.09859452604689689,0.027224168273179843,-0.8942083192095102,-0.11911544867239422,0.029089063658675543,-1.0,-0.13338452292428135,0.10195546225035942,-0.4446143280690368,-0.08267872128912125,0.12013836436076838,-0.6800746839315547,-0.11222679772766535,0.12382093039073172,-0.8186998133865482,-0.1300092447044696,0.12494867923551543,-0.9150709155899747,-0.1417428288062261,0.17554785518443672,-0.378019595376216,-0.09761592924953288,0.2228304224259969,-0.5419343308997676,-0.12394842075252153,0.2462616041377134,-0.6433050599864356,-0.13089936395313637,0.2645770934947988,-0.7239240262685213,-0.13291990822997962
OPEN_PALM,0.0,0.0,0.0,-0.12067266013873075,-0.11945100870359147,-0.04856819445211706,-0.20321063234134903,-0.2847703695457514,-0.08558078522962488,-0.25725226596748824,-0.43384161399220816,-0.11818313194130836,-0.3049246412896031,-0.5473098122162651,-0.1506648348622087,-0.05119263669432171,-0.4769293694946589,-0.07636844925014165,-0.07961905189159356,-0.7123510026251036,-0.13044535610569283,-0.09327612631679223,-0.8549469267705604,-0.17038551242390707,-0.09797608509661403,-0.9651903418228623,-0.19572934506416817,0.03440410257773576,-0.48228466956911,-0.08460399542996437,0.038987753162440596,-0.7291245828308889,-0.12699584888551546,0.03743462337121796,-0.8846762706774163,-0.15697405252205734,0.0374325464391623,-1.0,-0.1778742197981651,0.11183974503028236,-0.4504459934665256,-0.097614382444099,0.13405197951701914,-0.6762218002819366,-0.1374357295948459,0.13906970890135695,-0.8162369286550301,-0.15809511121463415,0.1401371135158292,-0.9209655352510062,-0.17141752265459745,0.18054341127228565,-0.3872371971331138,-0.1145008006376915,0.2275452144646964,-0.5481466773725591,-0.14728197985325087,0.2503488207387481,-0.6504303195526122,-0.15551734430151873,0.2669316001196867,-0.7342357741577313,-0.15858940373611413
OPEN_PALM,0.0,0.0,0.0,-0.1319585961394602,-0.10377708788385613,-0.04381933939318155,-0.22101314942772346,-0.26426020264104033,-0.07722140697180029,-0.27534905835986667,-0.4179677472655033,-0.10483049054153422,-0.3229121858614196,-0.5333133476347274,-0.13170551799282082,-0.065497270906377,-0.4664887939490741,-0.0781222274776848,-0.09610230074897567,-0.7091088074882229,-0.12224088954206339,-0.1098461403316743,-0.848030235108505,-0.1512366029583002,-0.11433455641160964,-0.9540509732919025,-0.16779180287687007,0.021833167289360612,-0.4732014788487401,-0.08058738787337374,0.020344836962015785,-0.7361442986030694,-0.11206653639895207,0.016858540992875565,-0.8918182965352468,-0.1312636568548491,0.01847222348101138,-1.0,-0.14387578882460003,0.09991292277595776,-0.44243052122934357,-0.08590553869893415,0.10978423114436484,-0.6788763482503334,-0.11560291571542723,0.1104123862993853,-0.8180780404347866,-0.13134161850880044,0.10982229692845376,-0.9157757576729396,-0.14064154795463651,0.1692758925764052,-0.3852109548585814,-0.09396595105037477,0.20035235251425898,-0.5585854029570003,-0.12018416071755013,0.21421192323539645,-0.6685072565515328,-0.12664669903606035,0.22420021765820133,-0.7594770904634056,-0.12739059404421382
OPEN_PALM,0.0,0.0,0.0,-0.11787231432581127,-0.10540266401803175,-0.054952791238951075,-0.2098919326694814,-0.27456494496391,-0.08975463571396962,-0.2655578480129564,-0.4277100458089189,-0.11914248316491971,-0.3140175183854423,-0.5493134876653123,-0.14697121059077406,-0.057053908835009534,-0.5007714077123478,-0.06528620959375322,-0.0877620151817361,-0.722057478115528,-0.11276453891378503,-0.10602938212268706,-0.8545941044456321,-0.15029692689214563,-0.11599364608624743,-0.9623530069769842,-0.17546707565629913,0.023857438450851195,-0.5042042395811324,-0.06880760220893616,0.01890854049660824,-0.7427370140063864,-0.10613592093055552,0.016733738158013482,-0.8908321638378115,-0.13401831590697558,0.01819576517430572,-1.0,-0.1536755170452545,0.09867452971149081,-0.46474653244802927,-0.07899276353312032,0.10812758408073869,-0.6840509901848839,-0.11510738587027763,0.10870809878125687,-0.8166119340961128,-0.13562020278915365,0.10794912005481723,-0.9152181043851083,-0.14893721947587782,0.17003028349436075,-0.39310234513348463,-0.09433996894318769,0.20597355976423834,-0.5561557795054669,-0.12693342242068284,0.22143873077357468,-0.6638882028929275,-0.13940683857609487,0.23407738827017158,-0.7573964624944542,-0.14552546284406814
OPEN_PALM,0.0,0.0,0.0,-0.11621891405162438,-0.11482067532663569,-0.052729594494342155,-0.2057515294014055,-0.2872496771380172,-0.0859795141719414,-0.25918466342686547,-0.4341687823910236,-0.11417395439425494,-0.3045892262633548,-0.5518524992452577,-0.1412116799783416,-0.05166459986079198,-0.5069952556060581,-0.06304161737535074,-0.08443417389262534,-0.7245056962078392,-0.11144522030673837,-0.10297056609865321,-0.8533290686899351,-0.15116048722344838,-0.11303497601596699,-0.9600791116683159,-0.17807288103540014,0.028206789955218622,-0.5092876543028697,-0.06855197319965511,0.022172127366955705,-0.7429691037854519,-0.10703507991156788,0.016495443243379232,-0.8880199597890076,-0.1389145313842588,0.014852437398319441,-1.0,-0.16196869829551788,0.10070699436459085,-0.46908085491337237,-0.08021336000062748,0.112830435612096,-0.6826890419804438,-0.11729676616571896,0.1124247616272244,-0.8135652873052346,-0.1396615755723238,0.11071165385002432,-0.9126398893883233,-0.15463891888991937,0.1670290565301981,-0.39459237626419336,-0.09672719681171549,0.20182791770793151,-0.553570979320061,-0.12807067970369929,0.21581240146420005,-0.6553081445079919,-0.1384724469799601,0.22818807863576138,-0.7413961998725324,-0.14381247803970215
OPEN_PALM,0.0,0.0,0.0,-0.11615070806794359,-0.11183811110589106,-0.04435895588111774,-0.20737063442026005,-0.2790923793829054,-0.07571776443503636,-0.2611753105056835,-0.431208173454908,-0.10200518753700702,-0.3049715950015924,-0.5510842229551632,-0.1269710991379837,-0.05343687892049845,-0.49538501510771626,-0.06525119186336069,-0.08591879339688585,-0.7196466759260532,-0.10898126410941777,-0.10304809629277589,-0.8501431605690292,-0.1424328477786007,-0.11136207723117518,-0.9556247659089145,-0.16405687796340515,0.02637848015413738,-0.5000349108812155,-0.06967727352315636,0.02036537287027402,-0.7462394232359039,-0.10360282269467833,0.015967380518482392,-0.8925362612444834,-0.127444383294128,0.015872511172130892,-1.0,-0.14388246047546757,0.09832734051502505,-0.46172274946160674,-0.0781257797786931,0.10880281114355328,-0.6849649865924047,-0.10943628169853202,0.11022624067950851,-0.8211124916843319,-0.1259875515721027,0.10969167592215989,-0.9188867088694662,-0.13639144840512774,0.1641263052321937,-0.39227332650343255,-0.090240666686905,0.19543630425365077,-0.5579043036940384,-0.11589148532760248,0.20843716833040593,-0.6625605067865974,-0.12201671461681952,0.21998215781431407,-0.748485399854179,-0.12350440158794888
OPEN_PALM,0.0,0.0,0.0,-0.12256871372999172,-0.11052154171850552,-0.04605687114645657,-0.21314066238756355,-0.2820575574594452,-0.07708254167306335,-0.26500714253258006,-0.43869973301109766,-0.10196070482503304,-0.311499405432777,-0.5558783848461242,-0.12514352314831026,-0.056822189109958864,-0.49231829099865426,-0.06766700564003733,-0.08796347402204135,-0.7201262543626804,-0.10946453798636681,-0.1045605486282134,-0.8512306513578538,-0.14051329210581218,-0.1131089338030159,-0.955475616458375,-0.15960326379102951,0.025615561384466246,-0.49651345675661057,-0.0687688144574411,0.021616424066740286,-0.7471697984730733,-0.10008707494532275,0.017020558891880165,-0.893273972202722,-0.12089015940110551,0.017312440918114978,-1.0,-0.13477545814543662,0.09732360288487867,-0.460913015882494,-0.07368345500583884,0.1096348960479645,-0.6872023808354635,-0.10257222975213784,0.11174511536280254,-0.8200087027723031,-0.11737806502251238,0.11175205558146134,-0.9146823206572203,-0.12614321745132048,0.16018627023090107,-0.3970539688426085,-0.08216731578924286,0.18898346355409645,-0.5647652693649451,-0.10470856491336762,0.20126765058015644,-0.6665159460690012,-0.10870351191039394,0.21203075119224446,-0.7493105285605057,-0.10846518742060149
OPEN_PALM,0.0,0.0,0.0,-0.10885065142816164,-0.12992918018247343,-0.04682420846067834,-0.1849508118448099,-0.31126524561253416,-0.08016685296386064,-0.23328316550597816,-0.4642644199987055,-0.11051889658548299,-0.2806899827323718,-0.5800039309922355,-0.14104400866555922,-0.01858797757040688,-0.5192876335492654,-0.06337562852832779,-0.03331113856273064,-0.7431198078638563,-0.1144548239826138,-0.04349138022515806,-0.8808140818635065,-0.1547708437251061,-0.04923376630053424,-0.9905509861688921,-0.18203201782100098,0.06306105126227429,-0.5073663920728417,-0.07562104998355686,0.08787520905641553,-0.7450885995820388,-0.11546359904614967,0.09888211913964791,-0.8920813443835256,-0.14654103728626738,0.10814697481673495,-1.0,-0.16747808591258861,0.13296574645152812,-0.4458326538903707,-0.09347884607579202,0.17757367611445013,-0.6447830446892651,-0.13189646812604833,0.19681022785649796,-0.7661315358513215,-0.15282368762398074,0.20905430635453728,-0.8618423645748787,-0.16693404818771826,0.19370049925710575,-0.34431932733894366,-0.11562247170559774,0.24787015228706102,-0.46366224788162097,-0.14894151970944594,0.2690184159472261,-0.5452209772615432,-0.1559003943067071,0.28235426096752764,-0.6165773185439088,-0.15770873971621907
OPEN_PALM,0.0,0.0,0.0,-0.1057575027169626,-0.14082130650473326,-0.025267229673816855,-0.1705913911475552,-0.3348105550328832,-0.04552047364752734,-0.21647012319321673,-0.4933137513045559,-0.0634067783250672,-0.26196034150081676,-0.6009971434583843,-0.08192161182473325,0.003526596135580008,-0.5072086980927211,-0.0450888352607648,-0.0015722391007349154,-0.7372134711181797,-0.07968886488211564,-0.0038947937905020554,-0.8766447562308298,-0.10579510225824083,-0.004160407766362034,-0.9814672174916961,-0.12220285538973932,0.08746274444198367,-0.4875150144632955,-0.05643760936071842,0.11907594929406627,-0.7341387197205711,-0.08003457532927263,0.13452545266615984,-0.8888012984234469,-0.09978860368249859,0.14474268677440544,-1.0,-0.11289249298342217,0.15576905278645112,-0.4283124432999439,-0.07000978751320391,0.2046222098932302,-0.6422785465422653,-0.0959361193892136,0.22622422585063565,-0.7839507457883631,-0.11677198700760935,0.23817660394849346,-0.8940121229328699,-0.13058420375814464,0.2108487131517042,-0.33895265324283563,-0.0843377678512485,0.26515535909429394,-0.4755352974387439,-0.10816202783792014,0.28763146825837743,-0.5662191443216924,-0.11429833144949268,0.30107971203331635,-0.6448670914316543,-0.11547693076341103
OPEN_PALM,0.0,0.0,0.0,-0.0996942627369847,-0.14209423334806023,-0.03366835425090558,-0.16375068363309386,-0.3344084943723129,-0.06318506077792295,-0.20259247779773804,-0.500496059743207,-0.09031247648425948,-0.24598091860824953,-0.6123351495429147,-0.11731361165579543,0.024189906948047776,-0.49610134507852294,-0.0560204916808636,0.025540994630195855,-0.7357987997251844,-0.09820978439309154,0.02620321857380026,-0.8775220222304831,-0.13043213690837474,0.030181184665598805,-0.9872412412246813,-0.15065970887717967,0.10644386228856031,-0.48021234957639075,-0.06536433133168036,0.14171616721714134,-0.7334807726367704,-0.0968790338831645,0.1612965381404012,-0.8866111796636428,-0.12077181284439253,0.17935077724946916,-1.0,-0.1368177352892591,0.1761576511437352,-0.42857992619682017,-0.07755711610743897,0.2216413908941045,-0.6493909826605345,-0.10541840342504762,0.24710538556906494,-0.7881369952062967,-0.12413467641068986,0.26313183754736774,-0.8915231199360061,-0.13632001816154962,0.23520603387706088,-0.3500795057989603,-0.09219251310850358,0.2907566966848904,-0.5048989244821418,-0.11308529687462614,0.31623285564977743,-0.5999386433216102,-0.11669988521559216,0.3330144667467239,-0.6775758857062781,-0.1165338654661376
OPEN_PALM,0.0,0.0,0.0,-0.10360067371915949,-0.13970910057777813,-0.04530883854818188,-0.17368863025804507,-0.33193449578054857,-0.07793441872903321,-0.2150994309508743,-0.4964920413603465,-0.10560166139529387,-0.2579147992399283,-0.6089371487534533,-0.13379625874942025,0.015568230362034191,-0.4981601537467396,-0.07494667082698257,0.01500218392792022,-0.7370632269736809,-0.12161794441136697,0.015889931372311546,-0.8818101519774957,-0.15564632364216222,0.0203774483796572,-0.9956148424050153,-0.17768741943929814,0.0988883455269774,-0.4743156570051065,-0.08248029427539193,0.13401224673998666,-0.7245646627402474,-0.12046429411509954,0.1554544785814883,-0.8809534360670589,-0.1481453991145364,0.17432723243701687,-1.0,-0.16704183125833874,0.16746926343305432,-0.4147656968493728,-0.09380958779787175,0.2178122344389973,-0.6340241347197211,-0.13291350648900183,0.2440544194876247,-0.7766628130264128,-0.15980184230467184,0.26175556550003354,-0.8885358462773713,-0.17635632848776972,0.2255587322569112,-0.3319020131316968,-0.10779394020268727,0.2893242928131079,-0.4880434271806545,-0.14285075525775875,0.3227582032920439,-0.5897214852853042,-0.15683671226077786,0.3503273771020097,-0.6787488353407648,-0.16332008432585612
OPEN_PALM,0.0,0.0,0.0,-0.09532267351283,-0.14031233267352292,-0.035329683555410184,-0.16032677253884495,-0.3322927622191814,-0.06458303437052645,-0.20589866481664296,-0.49188221426057704,-0.09176517960814393,-0.2570925250504437,-0.5996656243477103,-0.11953039617083079,0.011003439551718818,-0.5114585171508693,-0.05604463209322256,0.0059112694476852355,-0.7419261287951283,-0.10031828518755864,0.0046180343027471035,-0.8827829815296778,-0.13353314549295373,0.007867709859544075,-0.9920292346770542,-0.15548561040418182,0.09226206742166726,-0.4921013331666161,-0.06862957470181649,0.1237535784547529,-0.733998118380678,-0.10509845916171814,0.14482368137912816,-0.8869023766283923,-0.13157142374068817,0.1624754083648365,-1.0,-0.14946169336887172,0.16183630315246864,-0.4340505536458139,-0.08543304783227242,0.2064306810836756,-0.6449345012952519,-0.1212476258947692,0.23038956376884517,-0.7816799250579056,-0.144654173647666,0.2449738277441038,-0.8868448995108394,-0.15950922291160596,0.22332693690323374,-0.34834097846221485,-0.10476780187558596,0.28671350883685476,-0.4972738703981753,-0.13459348487012363,0.3173183597039021,-0.5993760203448829,-0.14566432138402552,0.34024567938457134,-0.6897810726843528,-0.15102895319266907
OPEN_PALM,0.0,0.0,0.0,-0.0995941567552548,-0.14318710517718447,-0.034441005131767996,-0.16634659749601668,-0.33015935781888744,-0.06352039350262315,-0.20973750061292984,-0.48623128200896837,-0.09120871730247698,-0.2629006222640929,-0.5925184356494565,-0.1194976569565069,0.009656820338597211,-0.5101254039675317,-0.05515919360557566,0.0030186671350861914,-0.7438675016034638,-0.09998086326977282,-0.0002472396495597047,-0.8823290900537193,-0.13391999446314573,0.002286105210464844,-0.9921882707777306,-0.15650409582135885,0.0885588596767787,-0.49369455200392115,-0.06874154031059286,0.11743026729254762,-0.7350894601865394,-0.10514088324980854,0.13437489722963591,-0.8869280823084523,-0.1323945499487053,0.14856946607066585,-1.0,-0.15170986449051244,0.1566711677214311,-0.43864833266345926,-0.08667405806488096,0.2013021091284896,-0.6447029372779298,-0.12183066729961171,0.2225655066916184,-0.7791481368212996,-0.14573174318101467,0.23434734738736318,-0.8833909109939231,-0.1618010526961079,0.2183621372612306,-0.3555779765891326,-0.10741554218020118,0.2845026327921105,-0.5011992747636946,-0.13694468012614086,0.31388703068036294,-0.6004857358180836,-0.1489642219047185,0.33511616325024335,-0.6891481781756018,-0.15576142916992108
OPEN_PALM,0.0,0.0,0.0,-0.10189522431504229,-0.1404597820868905,-0.04558958446958687,-0.17244441783323092,-0.3317597955925092,-0.07571396082141219,-0.21980197085770498,-0.488791058452568,-0.10272818234378515,-0.27382396431975337,-0.5971025586649711,-0.1294688862088853,0.007841729935949868,-0.5174618601039307,-0.0512999739964657,0.0022362724723435637,-0.7422151852247953,-0.09516020470477717,-0.0008500935045097504,-0.8768862261845549,-0.13123803321499383,0.0027654270408284574,-0.9853884222674634,-0.15647077410762955,0.08885012507858624,-0.5071947982864132,-0.0609372388766878,0.11824501271578547,-0.7416582108145255,-0.09548228675713834,0.13526546145464657,-0.8883610926902259,-0.12412334933455138,0.15306043769178485,-1.0,-0.14493799371851948,0.1565198205783851,-0.4540161599588921,-0.0769500726798941,0.2018977367644215,-0.6587260110418781,-0.11247598055732776,0.22376182210915024,-0.7896778568209969,-0.13638855444235135,0.2403478385089951,-0.8935948809180817,-0.15325700480689233,0.21393920392319452,-0.36816768992023596,-0.09713952267392101,0.2776762904387632,-0.5060203966608874,-0.12827976846462974,0.3105753229917323,-0.5994535759518742,-0.13970858543115228,0.3385110647404298,-0.683382958219507,-0.14654381948217654
OPEN_PALM,0.0,0.0,0.0,-0.11269648317220991,-0.14040030455220465,-0.05019828993504493,-0.19026169396071332,-0.3280137025620946,-0.08230465861200163,-0.24731294888915978,-0.48141744396168534,-0.11101390136888065,-0.3091011844738755,-0.5866240836388729,-0.13958133729135752,-0.009804312171956268,-0.5175166233220296,-0.05454601509063163,-0.025069065148693337,-0.7425424620013032,-0.10133945157436647,-0.033129681009239714,-0.8800505726821064,-0.139244914142188,-0.03452893783416176,-0.9910217479457707,-0.16545487219421573,0.07312674435385691,-0.510676045971922,-0.06374911911707433,0.10339030460023406,-0.7446945455285648,-0.10037032099131916,0.11813414431374092,-0.8890130436443253,-0.12857542075412248,0.13260600033712072,-1.0,-0.14881781604028743,0.144148519745005,-0.4591402140876665,-0.08028568516517556,0.1896926598024253,-0.6720738024495456,-0.11854578203363512,0.20760827029854395,-0.7992901710556019,-0.13972817006049776,0.22036707734862102,-0.9003185264759838,-0.15383094293559085,0.20583932423991744,-0.3731480831347927,-0.10164114488553919,0.2743197491675474,-0.5198651242669511,-0.13425883237920674,0.30999434853936847,-0.6100592339857939,-0.14324057228348183,0.33907455559644406,-0.6887766017179434,-0.14782643183039068
OPEN_PALM,0.0,0.0,0.0,-0.11541391200764492,-0.12774578827755928,-0.0433294156196068,-0.19758401632924125,-0.30542167550205124,-0.07258010868889744,-0.25614794995148743,-0.4602842700386925,-0.09777418885378186,-0.318315605413181,-0.55834745868289,-0.12273559957470632,-0.025179920894753214,-0.4955321463845889,-0.05700822650981342,-0.04399058578653096,-0.7255871569221696,-0.0964739618367391,-0.05383339085440459,-0.8649000666981285,-0.12742280623882873,-0.05751835760936343,-0.9749048599836803,-0.14924950359765357,0.060433717922751706,-0.4905466031278799,-0.06389174925974658,0.07684181935653533,-0.732201627842205,-0.0941756270532498,0.0869030318086179,-0.8855284632269312,-0.11944806888480952,0.09744513521810025,-1.0,-0.13838334563270385,0.1318388709390802,-0.4418710309330148,-0.07555124778948498,0.16570698166011158,-0.6543808401464349,-0.10804547245190536,0.182722693094618,-0.787781126526539,-0.13212934763044065,0.19235358708225578,-0.8909805891259601,-0.14915002380358475,0.19361617254051783,-0.36416224280700854,-0.09047292908887077,0.25372310170391477,-0.5012343388707335,-0.12026052831888606,0.2812141444108638,-0.5952606913333796,-0.1330213559513015,0.3013184783419393,-0.6789330042749792,-0.14058509928940346
OPEN_PALM,0.0,0.0,0.0,-0.10913259571687522,-0.13769010982184388,-0.03445935971309027,-0.18336309696142564,-0.3169204787694002,-0.06374966974438522,-0.24061295306447772,-0.4757722789096734,-0.08827279660109684,-0.30418744911838436,-0.5766589755457634,-0.11332750811887314,-0.013943566320483141,-0.4882321248546171,-0.06983282454068811,-0.030338806849839844,-0.7310128312745492,-0.10703066012351772,-0.03996757381501199,-0.8685444147852053,-0.13234545027555958,-0.04458968566617672,-0.9800758809541796,-0.14849668913145517,0.06833887510741941,-0.4784679164450532,-0.07212223840364913,0.08803249060787209,-0.7329291053003545,-0.10021218808860972,0.10100956027930388,-0.885408638571898,-0.11869980144700151,0.11399084811576486,-1.0,-0.1323303703355802,0.13547971465263986,-0.4276371104955999,-0.07570898726829167,0.1683896848225437,-0.6514627637647353,-0.10270919798480835,0.19016308576411484,-0.7885724540785629,-0.1231150794106555,0.20270683484618462,-0.8893935007280169,-0.13734769548976375,0.19104092425364363,-0.35766312123504806,-0.08058884338284783,0.250114408139678,-0.5039881216472778,-0.10257820478717466,0.28232585018074835,-0.5952741212891173,-0.11158621124786962,0.3095794911282403,-0.6727101211802119,-0.11661173306364393
OPEN_PALM,0.0,0.0,0.0,-0.09744568346825867,-0.14664419592454092,-0.03228559289517464,-0.16130792591704343,-0.3280722731398137,-0.06271266549740687,-0.21188632787642675,-0.4808232597466333,-0.09061139889385138,-0.26954584862744707,-0.5810392960870183,-0.11939968749449599,0.002027883590930841,-0.49470620934951953,-0.06604785819653557,-0.006876460850452971,-0.738583768579451,-0.11020333578472868,-0.011744193664185512,-0.8816393246671052,-0.14077235343810435,-0.011916210540994994,-0.9946811538846123,-0.1597197442409098,0.0820601721931079,-0.47810378402648984,-0.07716043577174123,0.11270055386369444,-0.730070887043911,-0.1112198252689041,0.13016252721525365,-0.8836259855053752,-0.13456985202921332,0.1451271526532933,-1.0,-0.15053915755225766,0.1500802426165874,-0.4261041931891278,-0.09089674002936964,0.19021335073168472,-0.6494595643490617,-0.12437811067823339,0.21397627546299933,-0.7868942295425385,-0.14642477437451212,0.22837228742985716,-0.8910229793859419,-0.160237413515669,0.20952912199751053,-0.35217570700277256,-0.10638039478651744,0.27367961722605355,-0.5091146341155057,-0.13332556469436774,0.30875627200733735,-0.6048923285453387,-0.1419339462454236,0.3355355835490568,-0.6874269455051301,-0.14541043989018537
OPEN_PALM,0.0,0.0,0.0,0.09593195245311797,-0.0947801518752025,-0.029321066076033877,0.1751988493329601,-0.2155424121122316,-0.06298538152376408,0.24065508106843517,-0.29477349233932965,-0.09616147614364627,0.2889482089626962,-0.3420468296043606,-0.13486246164475038,0.15203153628722846,-0.39941660576523735,-0.10823125516985524,0.23610896386123353,-0.5676808788194327,-0.18358553696803698,0.30020140766529896,-0.6821165799772474,-0.23232719955973943,0.35340763570103184,-0.7685749097026762,-0.2651297825780174,0.08651469175480188,-0.42239334273120316,-0.1420547013489977,0.14991268608522254,-0.6623215425437285,-0.23213438001930722,0.1944232605780351,-0.8432705783594368,-0.2930698220377354,0.23393524727029874,-1.0,-0.33075486424785744,0.005272526155602654,-0.3841983068090684,-0.17355411907255738,0.031885243759479605,-0.6125717395746776,-0.2618385077035489,0.04473350363692525,-0.780739268307505,-0.3086172012506003,0.06045315701359333,-0.9269707503108571,-0.33275410257328175,-0.08698353567511792,-0.30005735387514143,-0.20325700694958865,-0.11384492318233243,-0.4613874442401627,-0.27937876876994994,-0.12981293159066556,-0.5766189835501592,-0.3039972466362032,-0.14048180718707187,-0.6896623221722871,-0.314267514374735
OPEN_PALM,0.0,0.0,0.0,0.1425932832338592,-0.07812612384693676,-0.05514192609498782,0.2572404424044086,-0.19972527756678765,-0.0887264329647725,0.3360295950768713,-0.29493536093104133,-0.11958493670475677,0.38228931952936723,-0.3986102668533498,-0.15475907212503584,0.2080537375530515,-0.4149205144114552,-0.11063782963017857,0.3090154206214686,-0.6259601999619802,-0.1758182472991062,0.3730169024201563,-0.7498169448387837,-0.2205112436722422,0.4263627251542817,-0.8530258165139949,-0.2516085230903271,0.11742077625850349,-0.45828547664900926,-0.12671251887033946,0.17879891323666847,-0.7154613637992919,-0.18282106573632453,0.21606774330881223,-0.8763365047835681,-0.2249708615075155,0.24453268713088036,-1.0,-0.2579847513491459,0.02495149736684706,-0.44983991366953346,-0.14664710406835468,0.06597422141073084,-0.6815900066088887,-0.2003614148506633,0.0945640552778438,-0.8447385506263584,-0.23735020827254236,0.1196416909957547,-0.9777868104937122,-0.2657614006318633,-0.06612651474505014,-0.3970382334734091,-0.17055124296367993,-0.09086181739803331,-0.5780618658085296,-0.22701020716214443,-0.10163475778523881,-0.7025358088470182,-0.2528759103584855,-0.10643746658552282,-0.8137583296191275,-0.26958826106257167
OPEN_PALM,0.0,0.0,0.0,0.15524306983919595,-0.03909035891639043,-0.05590509500449662,0.3047278269055223,-0.15361429601940274,-0.08117481844910591,0.4031795503197071,-0.2560517335414964,-0.10378403490900842,0.475319411896804,-0.33946780339356425,-0.12659248654412777,0.24489424459138265,-0.44705889361461304,-0.05563025737391734,0.35293127693590953,-0.625806900465016,-0.1106685922268793,0.42259292579627317,-0.7445697344655072,-0.15580104405858763,0.4771575402249476,-0.8442384373388021,-0.18524942046012194,0.16855569750103266,-0.5031153716739308,-0.06508217993019545,0.24807690118733156,-0.7256887875023018,-0.10884172680959524,0.2986782475453237,-0.8768155094245166,-0.14734286395137217,0.3375068069469528,-1.0,-0.17425735135781556,0.08787894841485766,-0.5117407135903734,-0.08239113303744507,0.1551249887902788,-0.726438708542249,-0.12548350869304753,0.19885784775693346,-0.8663767723726089,-0.1554904164344092,0.23580796106686971,-0.9824306037143617,-0.17505163257559922,-0.0002906283113888746,-0.4753870691464538,-0.10520435844469969,0.004127943263226168,-0.6425583461334254,-0.14815572165849564,0.013714847883418474,-0.7574363136245424,-0.16429565908405006,0.026228460447582494,-0.8582584343112465,-0.17158926484632014
OPEN_PALM,0.0,0.0,0.0,0.1640684384895798,-0.02178834353843815,-0.06964734788749319,0.31792424165235367,-0.12240485478346094,-0.10491097083312957,0.43219462921991597,-0.2284778018754104,-0.13577893010934344,0.5273268063520713,-0.3151660027688018,-0.16697640606427278,0.25799300481305737,-0.432286865334666,-0.07212940910033189,0.37756982450777754,-0.6140558943779738,-0.13174779493698877,0.45357662845008556,-0.7355511241788206,-0.17855154569711543,0.5154734800701257,-0.84366883221902,-0.20948403866594376,0.17855612928945946,-0.4939377876755974,-0.07588374748284704,0.2652430161340928,-0.7100016698527295,-0.12474122378347229,0.32226201768345736,-0.8635794506224952,-0.16549917519358812,0.3678976170029014,-1.0,-0.194732906360237,0.09039119029366766,-0.5083833278345447,-0.08796122015871932,0.15427857308051843,-0.7149208619189479,-0.1343213973349458,0.201892321184245,-0.8500432827444777,-0.16378196616845864,0.24385758016101747,-0.968999568183362,-0.18328495148507568,-0.0069255423584627974,-0.4851343685611611,-0.10676904209460021,0.004350865978347711,-0.6528736022564441,-0.15135464064583112,0.02186915753706022,-0.7641566515935166,-0.16792924303489307,0.041232980036162624,-0.8626021521288398,-0.1754943228158472
OPEN_PALM,0.0,0.0,0.0,0.1669764445526678,-0.0185199047331911,-0.06732297046751343,0.3304317668592497,-0.12170000501996,-0.10279384518223127,0.4485527080514537,-0.2264828434236995,-0.13359042456767178,0.5442829509829998,-0.31491008008956634,-0.16578973266135627,0.26867185961311985,-0.4199306022581141,-0.0819399487514031,0.38516511082424687,-0.6181396304342917,-0.14118819322010248,0.461534186568737,-0.7420059602409305,-0.1851354035573146,0.5286984900571753,-0.8460797909329659,-0.21467905171512242,0.1839647190503932,-0.47749336926401764,-0.08624297415013242,0.25884023341137447,-0.7074388016083203,-0.1393306724077329,0.3120078232477011,-0.8685121578204419,-0.18320077112933944,0.35582329661858847,-1.0,-0.21490808122666846,0.0953720899888486,-0.48558181681722107,-0.09762201042235154,0.15149899063299133,-0.6964996282369496,-0.1482723282430222,0.20134137473725341,-0.8329539762373437,-0.18329864309037744,0.24604998676959458,-0.9457821142079366,-0.2067778294386899,0.0031241607716654914,-0.45866654673992063,-0.11467011884914834,0.014647138726348369,-0.6330923062159828,-0.16372211813945026,0.03199992741275896,-0.7471099971862581,-0.18696177152353943,0.05322671490562229,-0.8457401792964028,-0.19966753440804594
OPEN_PALM,0.0,0.0,0.0,0.17069065858237406,-0.01612485001635871,-0.0720015789920014,0.32761362287415213,-0.1287388589491075,-0.10522472466463033,0.4433502851671347,-0.24097881341049499,-0.13346657824779504,0.5308852558269284,-0.3401824854279552,-0.1612630689035221,0.2586984830984633,-0.44559994716208895,-0.07125792837152398,0.3729020753354202,-0.6441689269907619,-0.12470156611350157,0.44759065596913034,-0.7660586173786834,-0.16610621475300194,0.511444994850329,-0.8690453672449707,-0.19509143490841238,0.17483479878344366,-0.50166741251969,-0.0713451929282672,0.25084956356112703,-0.7237317258805137,-0.11884712210975727,0.30353799115458985,-0.876890680604757,-0.1606400770318957,0.34601392152493293,-1.0,-0.1915147613246361,0.0892329368892747,-0.5064455483738831,-0.08019361644329145,0.14450427680307518,-0.7118510504424705,-0.12724217994716422,0.19668250437273727,-0.8425804699995421,-0.16319222569374942,0.2444862903750479,-0.9528355448175992,-0.18804095025049958,0.0023251447250440286,-0.47540129963674926,-0.09566201247133882,0.015922163078165973,-0.6397321924112094,-0.142957061915738,0.033090877996048124,-0.752266025643084,-0.16867933358430795,0.0556592262990526,-0.8540186723921569,-0.18425694615743865
OPEN_PALM,0.0,0.0,0.0,0.1692335025654002,-0.02046672027667069,-0.06070930039110319,0.3227156485252436,-0.14274412414941431,-0.0884299815840253,0.43388315401064337,-0.26092452295498475,-0.11389308979286547,0.5201913123405955,-0.36456258005404396,-0.13944467653315046,0.25760014800668185,-0.4641144976558267,-0.051586063782551005,0.3625810329241451,-0.6626651676748316,-0.09711016479123807,0.4303492987057736,-0.7827141508385822,-0.13368553293583435,0.4886073520752994,-0.8825775970547454,-0.1606177077971148,0.17521661394581214,-0.510173550559895,-0.05655292624156652,0.24142131443050466,-0.7328390804203899,-0.0974664710554349,0.2878821976447164,-0.8826188568539477,-0.13594991525510491,0.32527816103655577,-1.0,-0.16559926569469555,0.0895545165286364,-0.5070907632377636,-0.07035859943948483,0.13920674487592938,-0.7212558934704287,-0.11432210849975498,0.18343382354020824,-0.8501947726819995,-0.1493059887905411,0.22254272934305883,-0.9562509574671672,-0.17441867013421078,0.002829648909943514,-0.47010416753338347,-0.08987956240306412,0.012488797940044568,-0.6388309527783311,-0.13621197371284985,0.023722231004952646,-0.7488070142637524,-0.16216222163872512,0.03757783932758763,-0.8468473940496811,-0.1786802004861035
OPEN_PALM,0.0,0.0,0.0,0.1685647573449674,-0.026024618077098393,-0.06150021830508059,0.32033583319815995,-0.14769575549233024,-0.08834854753828905,0.4292310424778071,-0.2629443212508405,-0.11228965880289078,0.5081841893858188,-0.3679254555422441,-0.13536939488031552,0.2529060026116937,-0.4634870683617807,-0.048702272354529494,0.3544084725538716,-0.6644516044877234,-0.09236501333814552,0.4210251451328686,-0.7840478749544542,-0.1282726009677856,0.47802158185079846,-0.8837733246244788,-0.15424675164990165,0.1685768868476241,-0.5110345743771958,-0.05171091546749896,0.2284486895564501,-0.7377537508802313,-0.08921346049707425,0.27405070998503545,-0.8868786698363816,-0.12525086268490923,0.311770286472861,-1.0,-0.15271899987728554,0.0816660160696657,-0.5091628284652473,-0.06382405893881822,0.12391817591533222,-0.7177585545483469,-0.10340844417759855,0.16728971557760258,-0.8460890295868412,-0.1353510321610158,0.207402077129197,-0.9493686160670666,-0.15812473896109416,-0.005240811540740449,-0.47245240734528027,-0.08207783532951143,0.0026643511510272295,-0.6361704657199557,-0.12307750369350626,0.010354407702426719,-0.7445162855419698,-0.14494954802972643,0.021452950766252452,-0.842490466066513,-0.1584322242600888
OPEN_PALM,0.0,0.0,0.0,0.15854240334619984,-0.021806760293094342,-0.06793958667196665,0.30901934118120783,-0.15058052675011244,-0.09402070134427279,0.4209525781733365,-0.2710018260301312,-0.11577364882502822,0.5030682107132691,-0.3722368483403182,-0.13620906580802358,0.23802883231192204,-0.4665780810551159,-0.04818109114715631,0.34143040576142186,-0.6627478881061479,-0.09036697608900301,0.4072889032075622,-0.7855348189798083,-0.12615006468593812,0.4612528825340513,-0.8869165523251711,-0.15219389669193267,0.1537572854222942,-0.5163160447011563,-0.047170949495304086,0.21975693594146775,-0.7389867422958379,-0.08324934675534375,0.26553777428243713,-0.886496015827543,-0.11891499944528482,0.30135807367548373,-1.0,-0.14595391030702337,0.06891202268185186,-0.5171590821485491,-0.055955847688051244,0.11396179734721341,-0.7265195145081738,-0.09454935457961286,0.15864896289624258,-0.8551908898867561,-0.12699965429990842,0.19866638614929003,-0.9592246336165003,-0.15023689509943278,-0.016498235658457285,-0.48301915594774536,-0.07167422579420343,-0.009381408875366004,-0.6460906276515612,-0.11320674473595402,-0.001245654308457987,-0.7505135724716818,-0.13564676534066125,0.010612545403400007,-0.8420963789924555,-0.14934542911552662
OPEN_PALM,0.0,0.0,0.0,0.16192221706132853,-0.022367871751802142,-0.07174862694638415,0.3156771844746006,-0.136874099239049,-0.10103993023108543,0.4340683832535932,-0.2453490564243874,-0.12615590223307252,0.5146091565805487,-0.3487997705212491,-0.1505455681597492,0.2570312027463301,-0.45540371528926066,-0.05802315131736957,0.3649747927873575,-0.649102948872658,-0.10737053050969723,0.4320909254130039,-0.7732785104367635,-0.1485834823186818,0.48820037194744575,-0.881756286419217,-0.17809463983430676,0.17485581374993944,-0.5110605298937256,-0.059457865300714965,0.24301872340596306,-0.731200844836494,-0.10149305186734077,0.28973135143548917,-0.8807177268990738,-0.14207110545831153,0.3263405506324282,-1.0,-0.17290265442936936,0.08762656040725217,-0.5159813374609441,-0.07071703081063967,0.13005327908757353,-0.7180964003769735,-0.11396879707368962,0.1714265320663971,-0.8443906940709803,-0.14707880602982026,0.20923472333792972,-0.9479613742620127,-0.1703039384822301,-0.0044697522525772165,-0.48362694529249894,-0.08944342278759777,-0.0003858407712152465,-0.6479836475368443,-0.1329259720924203,0.012250970024529267,-0.7543198065789196,-0.1540060238283359,0.03219811614533412,-0.8475863022513016,-0.16663934695985322
OPEN_PALM,0.0,0.0,0.0,0.15847120126301695,-0.04576292778154094,-0.0580264038480328,0.29765187436249535,-0.1669559762683542,-0.07925944875032383,0.39853175157503734,-0.2740302241995665,-0.09782184337810897,0.46796069676786795,-0.37479404371887154,-0.11538590353482639,0.21821209653258972,-0.46972818251543846,-0.03423253957491329,0.3218264897950936,-0.6561153882309944,-0.07659821004310637,0.38684041056836643,-0.7745568326880314,-0.11406316650609662,0.43981253300088646,-0.874644381129599,-0.13963513062221758,0.1337880756650475,-0.5197496632921201,-0.03806461788618161,0.20368784082612695,-0.7396772348573702,-0.07197021734042053,0.2515967377333344,-0.8849696062384744,-0.10703817280976012,0.28879090023343323,-1.0,-0.1321070408826489,0.04680173638474575,-0.5234986079226727,-0.05120720719393832,0.08610408995745136,-0.732352421792841,-0.0864959336518417,0.12431905059359864,-0.8621677398269414,-0.11449088215508403,0.16118269905739366,-0.9691705608810897,-0.13314029259781646,-0.04244548758727389,-0.4861568035198603,-0.07073788407122203,-0.04539024289530998,-0.6522962906344693,-0.10777265942798302,-0.03967328134018961,-0.7639350498626373,-0.12306993756318804,-0.02538570952894282,-0.8668456292110449,-0.1303869534132777
OPEN_PALM,0.0,0.0,0.0,0.15118968459939705,-0.03963524642206145,-0.07122716109519257,0.29301240579220955,-0.15895414696841287,-0.09995778351065253,0.39778400476774484,-0.2727529791305681,-0.12322037825599078,0.46816909590948425,-0.37547142943498246,-0.14501158291890368,0.21225860553199585,-0.46498543346841675,-0.052654878967379526,0.31872431180694366,-0.654077797165561,-0.10008616615706736,0.3847183878271587,-0.7767178101153922,-0.14020055024695025,0.4400074323592426,-0.8825093705741052,-0.1681615360406771,0.12860797023161616,-0.5170521932559454,-0.050898578399850736,0.1949445352077592,-0.7330626391285315,-0.09052378890560413,0.24008938304521446,-0.8800422897995333,-0.12807823844244076,0.276555896656128,-1.0,-0.1555174782970878,0.041328704607129625,-0.5196825668577633,-0.058930293315321854,0.07699486023148229,-0.7270637272064512,-0.09943275143020454,0.11321300646639595,-0.8569712243554193,-0.13030463978902845,0.14847460157564393,-0.9671715288711861,-0.15122404331785747,-0.049850034301636134,-0.48137922193097726,-0.07407950644674276,-0.05576922686830322,-0.6435738288455867,-0.11587525389582481,-0.05069972497836624,-0.7533714390499887,-0.1354094474138501,-0.03618463570688755,-0.8577599794230752,-0.1461119432990737
OPEN_PALM,0.0,0.0,0.0,0.15578825704690957,-0.027666471018593097,-0.07003925820148034,0.2989653507010555,-0.1567200592519814,-0.09615375998077273,0.40258782878106225,-0.2790267274356113,-0.11705141356011532,0.4861215193039851,-0.3687934792682109,-0.13647452047663888,0.2181375559160436,-0.4655600871902249,-0.04542210462477487,0.32373658184481313,-0.6479236188916172,-0.0871775161525402,0.3858846319317246,-0.7675554338301388,-0.12404905636500044,0.4348048127919181,-0.8706838314573471,-0.15111891063857974,0.13239706060745338,-0.5181841196552475,-0.044003582315243546,0.2000831064795176,-0.7358292150544035,-0.08098540531577171,0.24640325252992548,-0.8813005900334008,-0.11750730308199311,0.2819274675579579,-1.0,-0.14420771778558628,0.045520123748034415,-0.5220568966699392,-0.05219738768032059,0.08311830881704745,-0.7307726039452598,-0.09169708083432074,0.12154454484698386,-0.8590142652309765,-0.12270918100211596,0.15809662804689226,-0.9683570383954949,-0.14378985908468447,-0.044774501153921786,-0.4855292255274775,-0.06737134619338518,-0.04990909522435359,-0.646059863789761,-0.10833399216656356,-0.044165857326593394,-0.7527861014019603,-0.12776132786927294,-0.029019531906333045,-0.8543853925481442,-0.1387408767434928
OPEN_PALM,0.0,0.0,0.0,0.16369524118396522,-0.02162435554371497,-0.07623899878267809,0.31426678295069826,-0.12501898120654018,-0.10943845871114864,0.4238312420314574,-0.2376672237899056,-0.1374196724161025,0.48891588925664076,-0.3527677980477121,-0.1636024693492513,0.242683672463005,-0.45136918013543353,-0.05844394858419517,0.3545216359434926,-0.6415089249505209,-0.11078184743536518,0.42387927535912956,-0.7656779282765181,-0.1543484137681844,0.4809278079555912,-0.8745805948426828,-0.18514486848456366,0.15677953865048866,-0.5120544278283898,-0.05830506683369402,0.2312639498616867,-0.7325731687586265,-0.10376945681079813,0.28439604816580316,-0.8791348049857863,-0.14602877821904756,0.32799751542677685,-1.0,-0.17689229316344404,0.0652832873336846,-0.5223135277861835,-0.06830540277454737,0.11177121397034348,-0.7334575814905143,-0.11397607286432583,0.15397986094899965,-0.8641998031437776,-0.14810911662809748,0.19512329394868536,-0.9780527171985559,-0.17142523046430588,-0.030448085148102395,-0.489351625379816,-0.08588448120434447,-0.030201704152280125,-0.6512080747459991,-0.13190837811385678,-0.02038236137248983,-0.7612300567560922,-0.1542242362840882,-0.0017669246014933612,-0.8656924552509603,-0.16706669947114847
OPEN_PALM,0.0,0.0,0.0,0.16396503758163836,-0.010683756485243133,-0.08257479228895773,0.32218784727962946,-0.11740623397373369,-0.11814246316772835,0.43514841076981936,-0.23333485847482296,-0.14739627634893676,0.5030009731899775,-0.3603901854618835,-0.17524489211461441,0.26894829237018497,-0.4520383235307905,-0.0649972895458083,0.38074577173235397,-0.6478974380710684,-0.1195997656855311,0.4523571997391727,-0.7726626668661515,-0.1639940672048808,0.512318067228424,-0.879468652868721,-0.19531167225929325,0.1817651931460703,-0.5146588319306242,-0.06265022223148983,0.26370522084001985,-0.7339480495639171,-0.11116689698702041,0.3223821624691124,-0.8801934927358821,-0.15504609483370776,0.371000889541113,-1.0,-0.18624368271483993,0.08556170072176619,-0.5256137454733473,-0.07126830088443996,0.1378656093974166,-0.7446069289329914,-0.12143368984744947,0.1831687677595943,-0.8801268964502846,-0.15850718940997713,0.2279715767895173,-0.9973137626803117,-0.18282679852837705,-0.01554830286839816,-0.4926429700848643,-0.0876828554640609,-0.008685727566876284,-0.658526247357552,-0.14112618167414137,0.0034289016932158244,-0.7737682774874239,-0.1693792260156185,0.02324806856736723,-0.8825437310930409,-0.18496589718659875
OPEN_PALM,0.0,0.0,0.0,0.16483749341556253,-0.024643465514344275,-0.07124688702343689,0.31414661573581915,-0.13345443582445127,-0.1007821441377746,0.41871364150531654,-0.2491990485080292,-0.12605147290752272,0.49364090063840965,-0.36382388690648587,-0.14981237514523355,0.24886983486820355,-0.4524727283913039,-0.04630662368809432,0.35938661662900384,-0.6442919736357707,-0.09629478866193672,0.4312862037023558,-0.7697731225320916,-0.1387311052869423,0.4911167976615951,-0.8784329891827828,-0.16910394533291628,0.16890102255811645,-0.5101165349098525,-0.04673637000454741,0.24958938865000738,-0.7271384741204684,-0.09119105507758074,0.30349393948515807,-0.8768696854771401,-0.134008267865851,0.3472389758386302,-1.0,-0.164826736909131,0.08051585498290664,-0.5184017119109271,-0.05783097835064672,0.12816969402035921,-0.7298119352261954,-0.10506833545674421,0.17147209018583048,-0.8654937667764419,-0.14178169978499064,0.21307381268850495,-0.9825068202487598,-0.16606352760704743,-0.012206396005804646,-0.4870713166457543,-0.07587325918331878,-0.0077593771051344875,-0.6494817981019299,-0.12609579456176395,0.0014138138385790039,-0.7628347375851777,-0.1527061518415582,0.01754587501171646,-0.8717110829528132,-0.16778738718445382
OPEN_PALM,0.0,0.0,0.0,0.16380532509805443,-0.016083392688742332,-0.07300740087136122,0.31718807202791993,-0.1249375850338352,-0.10210152762304511,0.42680107825787766,-0.24072062536649125,-0.1266542853811205,0.5019018862956666,-0.35300744416483004,-0.1498384540478634,0.26041130151463815,-0.4434099498896986,-0.04987800920486064,0.3729363724002069,-0.6335628481994594,-0.09973405321580371,0.44384265868874023,-0.7599351907118138,-0.14213813872116038,0.5017259836126622,-0.8708897909046184,-0.17258956152014118,0.1791538340097577,-0.5052821615404224,-0.04955626398799748,0.2613774222514075,-0.7234038486956321,-0.09330325469498596,0.3155213564083386,-0.8741074069780981,-0.13564643315878055,0.35863941143211403,-1.0,-0.1664918258459494,0.0901690396592038,-0.5157087717678751,-0.05963386752472318,0.1404223972172366,-0.7235019621377179,-0.10495044793591718,0.18410638290060705,-0.8579650413250015,-0.14030471548055437,0.22445674065899715,-0.9748084804630666,-0.16422548072999918,-0.0027856612367394423,-0.48531517459931167,-0.07712922262523225,0.005143989753455639,-0.6477699237488421,-0.12464076349339821,0.014343509944959441,-0.7592896022960316,-0.14932099005185795,0.028844761915751336,-0.8653267292354848,-0.16352816394414965
OPEN_PALM,0.0,0.0,0.0,0.1612856426783375,-0.025560007162405335,-0.07002356772295984,0.3124975477322368,-0.13838935766700666,-0.09886758702046693,0.41979082066806617,-0.25380694100892764,-0.1241892256496199,0.49066192649117824,-0.36998415178384686,-0.14832977916398793,0.2531893424394372,-0.4505784628079911,-0.05098872891826179,0.3628745370848063,-0.6453925155717787,-0.1039679959144311,0.4336703481542506,-0.7730537651884143,-0.14742959828147506,0.49323556732197316,-0.8833073347012637,-0.17801773526552522,0.17104360928157974,-0.5077942392185014,-0.053437717533318885,0.24868404421157475,-0.727874870106822,-0.10019053886535377,0.30516334583943955,-0.8760518323636567,-0.1428586198109106,0.35342909883464346,-1.0,-0.17364648893760365,0.0823061155229052,-0.5152324010511173,-0.06625033830243955,0.12755923527768687,-0.7238663810611061,-0.11432193249082599,0.17413043476851015,-0.857417807604848,-0.14895310104270423,0.21978117048775112,-0.9739647473984235,-0.17186370243376994,-0.010263920109477664,-0.4827940462797485,-0.08634826152915893,-0.0030256039128887043,-0.6460067417664279,-0.1357587655429011,0.009185376267210379,-0.7601182108176576,-0.16054703390689268,0.026379429395473924,-0.8688277514800996,-0.17460414611248354
OPEN_PALM,0.0,0.0,0.0,0.16817373059654095,-0.03721361363864401,-0.06571094953634157,0.31899998476563507,-0.15860037686666936,-0.08946508382779389,0.42536500750423806,-0.27747360120950354,-0.11048234311563461,0.4894706242044641,-0.3890696583457266,-0.1297746471084566,0.24698766699359265,-0.46301575548529067,-0.03466972025573456,0.34953280405297144,-0.6605155401028897,-0.08236261111963336,0.4184384276874602,-0.787033953196879,-0.12360195494401581,0.47806638873581564,-0.8923939346739924,-0.15251087793482634,0.16448478165740435,-0.5168549205160142,-0.036133425891556534,0.23494188089773485,-0.7339367411381962,-0.07762239250124317,0.2913123801278741,-0.8794246308687108,-0.11729035590567197,0.341237232682861,-1.0,-0.14544063871327087,0.07688179866368353,-0.5240984670551605,-0.04857441899354115,0.11441290434762509,-0.7327232780045714,-0.09172230616441977,0.15807925652096486,-0.8686114165280252,-0.12346349951950497,0.20293231319122648,-0.9863370729321582,-0.14448929530494417,-0.014133517914299868,-0.4921813561841803,-0.06844509942725827,-0.012387574326627937,-0.6496454923878081,-0.11188672830131788,-0.0005642624912599398,-0.7620714940867025,-0.13310527656089674,0.018297851271622947,-0.8692899695890556,-0.14519175055925038
OPEN_PALM,0.0,0.0,0.0,0.16531388146888584,-0.03192015955177816,-0.06738644430708068,0.31489380688440527,-0.157370039383743,-0.09137107342949521,0.41768056084285426,-0.28181071580346384,-0.11212812071319608,0.48492817528926896,-0.3965249042217142,-0.13097899770375845,0.24540736417037104,-0.4576586080675982,-0.03477347865094241,0.3450906108868585,-0.6513345601348379,-0.07834983507314958,0.40618449881699376,-0.7796851661504158,-0.11687251720662106,0.45694925785000456,-0.8923746785715143,-0.14547984417545473,0.1637035711074907,-0.5094423744318062,-0.035940090818046,0.23006049618234062,-0.7246390623878718,-0.07609036522106737,0.28089354918139275,-0.8733557427355628,-0.1159688476464422,0.32380857041254624,-1.0,-0.14521695575685753,0.0764103437614129,-0.5119929939994681,-0.04784116890899489,0.11235771312319244,-0.7162171958871026,-0.0908055557065441,0.15195274057549937,-0.8489745300854928,-0.12352177513665763,0.19051102027183667,-0.9674412518497394,-0.14550480415278969,-0.01290615902196638,-0.4771804115831902,-0.06712950826784793,-0.01319740877753534,-0.6353359649630612,-0.11256183575022022,-0.007348437415382842,-0.7466299528798311,-0.13592720066542233,0.004111710254312324,-0.8551300239749169,-0.14947980976169842
OPEN_PALM,0.0,0.0,0.0,0.15817570308302,-0.04228477553733706,-0.061669513755849496,0.29373727034198344,-0.1785040445938888,-0.08096720573797603,0.3825737853114027,-0.30915808256170246,-0.09731403883695507,0.44516156736648593,-0.4256560419187286,-0.1114288136807719,0.21545852574263788,-0.46784579443146257,-0.030384270730767986,0.3066254568698959,-0.6660088528664563,-0.07004471982947393,0.3635807390613983,-0.7928547456810221,-0.10470870675500464,0.4104896548554077,-0.9033303016463579,-0.13041727342340062,0.13402453287514404,-0.5142130319441335,-0.03197423685378288,0.19290567775340303,-0.7317279594296038,-0.06767942605510831,0.23697069016822167,-0.8782678109033746,-0.10322430800344859,0.27266292416625026,-1.0,-0.12952224926981115,0.05059740854605095,-0.5116784238059154,-0.043791560011498795,0.08070357896762792,-0.7170066483860467,-0.08272120880129254,0.11566069495566175,-0.8453766392815776,-0.1131390853202833,0.14867622308879397,-0.9585619306850717,-0.13406184154711387,-0.031828244337393834,-0.47233459071957024,-0.062476071238328025,-0.03710659190984452,-0.6300747940070175,-0.10430069240289903,-0.035003216267296675,-0.736840957531025,-0.12597695467021022,-0.027996511431928436,-0.8387365190283943,-0.13881518522859349
OPEN_PALM,0.0,0.0,0.0,0.15193741146431436,-0.052906672423515384,-0.05767301788976159,0.2780922282781108,-0.1961623457266264,-0.07455101170212719,0.3577912409769635,-0.3337162552022045,-0.08914014386025326,0.40845667248662876,-0.4515516386907859,-0.10204553934685612,0.18907283838512615,-0.47879866812375527,-0.025588969427975897,0.26373165179312064,-0.6800826123256719,-0.0635407869274564,0.31052321901501323,-0.8070560265537376,-0.09710227024575796,0.3478153035447571,-0.9157490807708824,-0.12169655961876692,0.10910240409727878,-0.5148804771015668,-0.028008526922768277,0.16092414070214064,-0.7334462596341274,-0.06235121511821147,0.1943551200786372,-0.8796790756982735,-0.09735608832294751,0.21922205919262722,-1.0,-0.12290774775585583,0.02747874077440373,-0.5058612700667667,-0.04025703806993627,0.05013582508086272,-0.7177376498827303,-0.0787841189747554,0.07026619136729922,-0.8499123218885375,-0.11023824273897438,0.0900476942589319,-0.9642045551270177,-0.1312842048601061,-0.05510485978717559,-0.45879991879186144,-0.05866631139526318,-0.06694479078140932,-0.6182995396511086,-0.10006453872162441,-0.07190652480646968,-0.7268767040822032,-0.12211828483593064,-0.07069160956925537,-0.8297336824059689,-0.13501771013926625
OPEN_PALM,0.0,0.0,0.0,0.14334562013134405,-0.06985383079077363,-0.054452284387409795,0.25401333410463034,-0.21773783272684755,-0.07126099047768994,0.3240738989057713,-0.3554633884448733,-0.08618036745773835,0.37071417073196883,-0.4722124425189641,-0.0992164937308992,0.151765096619636,-0.4847133278145073,-0.021995170681723495,0.21571652457658969,-0.6807141072160687,-0.0588304251376883,0.25506223431316055,-0.8067097445615876,-0.09287641170796833,0.2858062520544491,-0.9173069763747487,-0.11804185526101227,0.07268937180247811,-0.5171101931887324,-0.025402122158922343,0.11061314493652269,-0.732278602866015,-0.057962054362187154,0.1356677771477031,-0.8781993488186008,-0.09268150155803871,0.15422043008733163,-1.0,-0.11842503371002638,-0.005794425803628096,-0.5029364493368838,-0.038248648347996336,0.0021760683971994814,-0.7029639319155992,-0.0741044410971168,0.017065014943652177,-0.8335847219810022,-0.10514664208560177,0.03269757559809269,-0.9472958037230289,-0.12637457790831674,-0.08381329385057495,-0.4511126653914768,-0.05715452737971078,-0.10467720843930985,-0.601767702137474,-0.0953760184899093,-0.1145094014801117,-0.7053165471964458,-0.1158082639962106,-0.11703248524126104,-0.8041414484070246,-0.1279211644648145
OPEN_PALM,0.0,0.0,0.0,0.14373666761279674,-0.07448008155727523,-0.05170589075171967,0.24941815041345158,-0.23920607005849426,-0.06456556450764764,0.3131593039213678,-0.3843880642253335,-0.07594133552937762,0.3571881739773306,-0.5007848615194241,-0.08564521405253549,0.14328637683601353,-0.4968002951218136,-0.014834704392039212,0.19704124185800168,-0.6957886686098741,-0.047482398720546236,0.23140876501170574,-0.8224775737568059,-0.07935952534412281,0.258539515856775,-0.9324715247395551,-0.10354875526251178,0.06453054039180402,-0.5199395384087416,-0.018801702040346802,0.09362250933977383,-0.7333296631379939,-0.04811742133954274,0.11355861119354685,-0.8793390844704531,-0.0816123657588803,0.12769346800727244,-1.0,-0.10699606222492451,-0.01245121708146112,-0.4990463049582547,-0.03241855348365566,-0.00795143964092696,-0.6980755768529717,-0.06716144796392912,0.0020587346032980448,-0.8255918070896333,-0.09785143198496928,0.012553769325773094,-0.9365415626825244,-0.11892772153180609,-0.09042603686477578,-0.4434761903562918,-0.051957069745263644,-0.11274316093237206,-0.5989272232247965,-0.09028499708274539,-0.11990419293050966,-0.6985898351875872,-0.11105994158918771,-0.11902545561743698,-0.7916676335521817,-0.12355104482472802
OPEN_PALM,0.0,0.0,0.0,0.14318091841243943,-0.07592757963076559,-0.05370390036417217,0.2518133098539259,-0.2434444492161284,-0.06620262085715806,0.3174361619580922,-0.39054814556896855,-0.07670905790041063,0.3540331252115355,-0.5091693351987819,-0.08483739844310809,0.14374220002655658,-0.5016476034867655,-0.010809713390833083,0.19544966470450637,-0.6978812725023938,-0.04181018931809964,0.2283592656963693,-0.8243231424910055,-0.07377673238756483,0.25463768546981624,-0.9353096226618115,-0.09815676870242401,0.06579402019674598,-0.5249111508287633,-0.012831009066596205,0.09024921053396345,-0.734503927984445,-0.038934956701342414,0.10631893386575345,-0.8782383352688146,-0.07055923164453197,0.11842742598783557,-1.0,-0.09474051900418008,-0.010203523966493523,-0.5041347473337762,-0.025015264550730013,-0.0083681800489602,-0.6972985523399019,-0.05597318347068453,3.858938707462432e-05,-0.8215138078884193,-0.08317269516180555,0.009616788329861537,-0.9329934767601712,-0.10220035116144456,-0.08600117918821949,-0.4490938265896394,-0.04390756844535199,-0.11102986770918358,-0.5961494053116828,-0.07862330758626784,-0.12051673163000551,-0.690949611312312,-0.09636078834176773,-0.12199422193688914,-0.7823946844922866,-0.1067420310683999
OPEN_PALM,0.0,0.0,0.0,0.13958576521394106,-0.0805246911802974,-0.04870033015815437,0.2452643623886682,-0.251694330122634,-0.059108873418139855,0.3138405163442942,-0.3998478557908167,-0.06827166484278385,0.35236945719739315,-0.5180604238869013,-0.07516173187699868,0.1355017824879369,-0.5016294114211396,-0.007322194921633676,0.18543550645773127,-0.7032136333934671,-0.035620760652778666,0.21636477756672917,-0.8291956058745187,-0.06513423894401973,0.24059508306988817,-0.9373719963618107,-0.08747501691685067,0.058065356885591446,-0.5221560261692976,-0.0103750710883194,0.08121411819289369,-0.7363840050191,-0.033925935670718714,0.09591542772718187,-0.8813346462403777,-0.06447053605258052,0.1056548781982572,-1.0,-0.08793900225605535,-0.017872934289660528,-0.5003352190605147,-0.022823488098568465,-0.013609276889298739,-0.6973152860714218,-0.050832707273976194,-0.0058691441891661035,-0.8212497487570845,-0.07808335622105929,0.0006649539646200618,-0.92877222214453,-0.09771600206054516,-0.09300597992414864,-0.4442949554809893,-0.041274790949041025,-0.11652255674662293,-0.5877301186305294,-0.07349967258723532,-0.13016696651291834,-0.683401981261186,-0.09098818465059708,-0.13847659458017275,-0.7748594753472088,-0.10150322337285443
OPEN_PALM,0.0,0.0,0.0,0.12746946642245005,-0.09042657353398224,-0.05102537571621611,0.22055277197871606,-0.2646254000501229,-0.06587445448614786,0.2847832414348872,-0.41260279162238284,-0.07878984613964847,0.32430827929910894,-0.5295925568678818,-0.08982117590760409,0.11185662617844945,-0.5076134821925236,-0.021769200679091872,0.15717263590508215,-0.709994751542515,-0.05567502412274544,0.18620033895077942,-0.8373158714564909,-0.08695780839497863,0.2089646004995289,-0.9460669824371379,-0.10994279660300564,0.03369488013164773,-0.526595887421934,-0.024909425548607297,0.05237695365616589,-0.7412861033504234,-0.05351936829490212,0.06357102724114225,-0.8829275245785498,-0.0835036963959538,0.0712249373559635,-1.0,-0.10597667922544024,-0.04083237645753506,-0.5019597308504513,-0.037087722674838036,-0.04394653353920377,-0.6994902443102554,-0.0685918502589931,-0.03779176285719014,-0.8255726358910872,-0.09511605290438221,-0.02945391935848812,-0.9346669031347331,-0.11383846688273783,-0.11397658175426814,-0.4430472737987773,-0.055240222780587406,-0.14447515442644115,-0.5888492897788451,-0.08894255522504292,-0.15931232436551865,-0.681257478772017,-0.10552690765632149,-0.16627131505785986,-0.7675874144921454,-0.11514032120359755
OPEN_PALM,0.0,0.0,0.0,0.11880096558530942,-0.10839555648642886,-0.04318095668661186,0.19787727537443545,-0.2739743556004173,-0.05995855695323021,0.255009044478127,-0.42003613441375537,-0.07588155625891763,0.2964820601357205,-0.5368785686648471,-0.09061863910497431,0.08312096879841728,-0.49790687627555563,-0.022814074976612097,0.12975416897481923,-0.7009773227228276,-0.059628727661909714,0.16078523658137794,-0.8287858649933566,-0.0912369194992383,0.18486404356139077,-0.9360077526376738,-0.11267569656370903,0.006860188266950975,-0.514685251363704,-0.028803662897704488,0.029665496767716446,-0.7347518929025912,-0.059331314003489906,0.039244067078266366,-0.8792027316636627,-0.08789501002434727,0.0433202626831669,-1.0,-0.10802541710959808,-0.06586421617894053,-0.4888293753455885,-0.04253393992893493,-0.07245398720078206,-0.6871503017472217,-0.07361925410483765,-0.07090644658037819,-0.8177242409630798,-0.09768626204821736,-0.06655185895906471,-0.9310699192423909,-0.11412907144705081,-0.13662863933219555,-0.4275562712550311,-0.06104858585017652,-0.17418180115139748,-0.5678779909289151,-0.09134964470406123,-0.19180013715156682,-0.6648280468936852,-0.10376647237048583,-0.20105645420353457,-0.7569456089422996,-0.11011565904168508
OPEN_PALM,0.0,0.0,0.0,0.11279470205507221,-0.11735243535360454,-0.044767090148309416,0.17663892219434146,-0.2873840968353916,-0.06394194752903917,0.21302660509588975,-0.4326592193424415,-0.08231129209062728,0.24898162684386355,-0.5509716405935984,-0.10019390233597361,0.055431145246639994,-0.4981963476086483,-0.03421334189869457,0.09035556266543847,-0.7079022935213013,-0.07631554736313516,0.11391754270310214,-0.838574495277326,-0.11007676600364008,0.13063780276704406,-0.9490885102294705,-0.13274803219818726,-0.01911013646044795,-0.504532133168916,-0.04235451497021026,-0.009726304652768565,-0.7305095214656897,-0.07766138410318203,-0.009305855709174032,-0.8770897954697555,-0.10782701713143009,-0.014983395566300278,-1.0,-0.12906344346863105,-0.08647048699486867,-0.46833002276249747,-0.058078067172894716,-0.10477196276838512,-0.6651253492331756,-0.09412193085216658,-0.11064717355226716,-0.7996066985716341,-0.11963349350152437,-0.11317312885997806,-0.9177514105292157,-0.13659407241185695,-0.151264983945495,-0.3952700972964215,-0.07851226604092146,-0.19910074140250936,-0.5331554674253711,-0.11354883573126305,-0.22377934220485915,-0.6338166561952655,-0.1278820543760157,-0.24028630578144983,-0.7317273670391846,-0.13556500409045857
OPEN_PALM,0.0,0.0,0.0,0.10590351007903288,-0.12307122021589058,-0.02644363778839924,0.14088731451024045,-0.32047486074269954,-0.03370944449472356,0.15570716235582793,-0.46401098267877305,-0.04362713499226233,0.18540252419906073,-0.5714631820393477,-0.05629798471195677,0.028552466158794736,-0.5030725699619355,-0.029066648222600366,0.04527279122698281,-0.7129592660164823,-0.0699336666284475,0.0578569788690417,-0.8426813262634685,-0.10019474364909224,0.06610308114128421,-0.9517875773311772,-0.12180289687428748,-0.034935650046827964,-0.49316446932306757,-0.04858231207684804,-0.05121815766623137,-0.7251149863837351,-0.08838890362926434,-0.0633185874698101,-0.8737350529166474,-0.12005869407110928,-0.07916106364574473,-1.0,-0.14164702018319586,-0.08958320640752201,-0.4400367807774023,-0.0738078459826545,-0.12852421005163867,-0.6495741796349099,-0.11874465857436972,-0.14789365883061467,-0.7913987650733009,-0.14907891602644852,-0.16348737688954068,-0.9167353762784781,-0.16769873981065803,-0.14173005577250286,-0.3518004343145929,-0.10114329211266493,-0.2087627774674012,-0.4937879065047441,-0.1471856145187616,-0.2437013136144424,-0.6001716952877535,-0.16861642083941597,-0.26928421986754225,-0.7051740699947303,-0.1808184176491287
OPEN_PALM,0.0,0.0,0.0,0.10317867441065057,-0.13515777922370503,-0.016464571039259922,0.12770422797358702,-0.33498209781593896,-0.017682739021583193,0.13958860251796715,-0.4754986214426521,-0.02400828487470916,0.1650873091863483,-0.5845182515887635,-0.033311452706744134,0.01714791557198375,-0.5279040053972415,-0.011154561202547847,0.02820081958881371,-0.7339351059702951,-0.04767280133780482,0.03764649107588919,-0.8603388932520305,-0.07522152977200572,0.04323114602123268,-0.963014735861145,-0.09519272950374007,-0.04422475330165514,-0.5153835974728118,-0.03570952803539637,-0.07244353265386393,-0.7498682846750545,-0.07343040194501112,-0.08966345357353353,-0.8894228176881552,-0.10316799732975103,-0.1060767649344267,-1.0,-0.1222944385955668,-0.0968494376078859,-0.454498128754791,-0.0662596546080761,-0.1424232518404912,-0.6655285082350296,-0.1128138661330974,-0.1663664434459315,-0.8027026866350966,-0.14387888342830799,-0.1844637736397984,-0.9211969234426421,-0.1617920948672305,-0.1462383712091024,-0.35335984144522214,-0.0978249781130952,-0.21573567119564505,-0.4965970197851322,-0.1469928444877993,-0.2584986577363406,-0.6001600414471429,-0.16913621420254132,-0.2929913395277056,-0.7027026201174543,-0.1809584155382239
OPEN_PALM,0.0,0.0,0.0,0.10548309447924828,-0.14793934485304225,-0.013307934193710558,0.13292531355125842,-0.3426900859435343,-0.01493946249616932,0.1462749534917039,-0.47727546641380786,-0.023779119915578257,0.17460359675111567,-0.5861036900077143,-0.03516795770397369,0.005094366034376982,-0.5362710221411879,0.003757941947061109,0.018845660177797718,-0.7347912066270867,-0.031433399044232535,0.02943319231759362,-0.8562055898692846,-0.061316687427150136,0.03757819294442153,-0.9607466045884322,-0.08342465824356464,-0.05518014351007805,-0.5277536005414893,-0.022001172752998382,-0.08202567603033839,-0.7516549100215448,-0.05601111562970996,-0.10159109638840308,-0.8883281096232291,-0.08599689059291003,-0.1196403672679674,-1.0,-0.10661347476867716,-0.10470037041875607,-0.4728565350258855,-0.05450686917870409,-0.1517727035059854,-0.6737506221250837,-0.09364922912807179,-0.17294521636460652,-0.8039962085019488,-0.12092023271740217,-0.18967254847040366,-0.9192899923020602,-0.1382298942264362,-0.14801398472754002,-0.37644927738352557,-0.08905214693309385,-0.216013029371742,-0.5121925272858256,-0.12933497043413728,-0.2563099559603118,-0.6143220167434623,-0.14738279262552334,-0.28924490869350855,-0.7166439006400563,-0.15808234944370073
OPEN_PALM,0.0,0.0,0.0,0.11437085412974098,-0.11581757241012304,-0.03139738110930252,0.161871065133705,-0.3100967006132705,-0.03948167444361577,0.18375324910341198,-0.45258360942665576,-0.05033598154861992,0.20820530041957602,-0.5625480123426589,-0.06261308737712162,0.035125007331493666,-0.5191480732834649,-0.017661094299392773,0.05409927057002542,-0.7158025160255722,-0.0560124016947062,0.06710078050008655,-0.8381573220521316,-0.08839582714557517,0.07683459005863764,-0.9451393716945693,-0.11250969655236077,-0.03044769319022258,-0.5211122877264359,-0.03451517702269219,-0.04503700794948494,-0.7407198936683075,-0.07035895013477893,-0.058297623594677835,-0.8813106725804998,-0.10184389321377738,-0.07459383525096597,-1.0,-0.12457680985004517,-0.08577472072373644,-0.4766424423386964,-0.05880007363611433,-0.1225151600983636,-0.6793664230464966,-0.09822818159039155,-0.14000247124981582,-0.812113777807819,-0.12707845854203517,-0.15602661296436965,-0.9301427119946097,-0.14645452339678577,-0.13613340958086745,-0.3923007604010649,-0.08675372902944718,-0.19903834049316277,-0.5305556092006312,-0.12771350447652524,-0.23410228184693557,-0.6337807153821174,-0.14816862885084484,-0.2611380141165228,-0.7368359901951107,-0.161157699829002
OPEN_PALM,0.0,0.0,0.0,0.11676542943807705,-0.11197749465222864,-0.028675566928722092,0.17849262775613703,-0.3012006979042239,-0.035604315469978456,0.21386188191112038,-0.43993713359455067,-0.04569074817976815,0.24270632768024797,-0.5443425966897697,-0.05712617770955403,0.057864880789979894,-0.5188786760912778,-0.011456039768004656,0.08944729378695579,-0.7133744265331997,-0.045062098454780014,0.10663939857346909,-0.8347784199943599,-0.0755866042014848,0.11809117233694742,-0.9407508660752976,-0.09870021654365962,-0.009545330530099986,-0.5265616753369726,-0.028766077815707006,-0.01244571410229662,-0.7451344795409056,-0.058792544411910716,-0.01696255757595211,-0.8838537427521362,-0.08825116423981909,-0.02604934393793146,-1.0,-0.11055789360475834,-0.06981169883736126,-0.4892995050015705,-0.053203773700043824,-0.0936095909098204,-0.6949643596545328,-0.08639491439744365,-0.10316968656213388,-0.8271513860643842,-0.11316991021322811,-0.1125197689854481,-0.9405116894372059,-0.13228330360056267,-0.12693117022764425,-0.41169558169766807,-0.08144943529903319,-0.184192698601211,-0.5563098199526324,-0.11752479588670339,-0.21526956665283392,-0.6638344838970752,-0.13602850894810475,-0.23810369059273712,-0.7691219108452574,-0.14827189043621813
OPEN_PALM,0.0,0.0,0.0,0.12069882301748175,-0.10640925877776883,-0.033947225419303874,0.17975202573917587,-0.2933614828427518,-0.042760123743640646,0.20624850990428584,-0.4351931899205971,-0.0534776953291881,0.23502082737372595,-0.5421106399673775,-0.06550204654081622,0.056577666347724924,-0.5047567205294198,-0.021045522194536675,0.08612357730174539,-0.7074856732124482,-0.057577116143757004,0.10581899010548529,-0.8316909787627976,-0.08802309841764352,0.11906025281701374,-0.9382472696235253,-0.11003943707868749,-0.010025075484224108,-0.5108237947044999,-0.035442573110165014,-0.011553464680753333,-0.739450866809964,-0.06845968296844283,-0.01822109046809618,-0.8821971041379854,-0.0987119062703479,-0.030571227086957566,-1.0,-0.12033906938681016,-0.07005901942256593,-0.4740816404015874,-0.0567539109634631,-0.09253026767097644,-0.6865590528304886,-0.0928950425465687,-0.10111703437405371,-0.824485918141842,-0.12043031303069697,-0.11047758067827203,-0.9410252454086441,-0.13857537488374416,-0.12961706331517892,-0.40049226899724305,-0.0817598573875777,-0.18092241973118442,-0.5523695709101305,-0.11874416678439813,-0.208363585029305,-0.6623827442402973,-0.13647674780977753,-0.22980984284875963,-0.7652353388075177,-0.14710971487812716
OPEN_PALM,0.0,0.0,0.0,0.10757576363050209,-0.11484937326255411,-0.024355332738726164,0.14925113892067465,-0.30360013334068126,-0.030204961904704737,0.16850598680886328,-0.4381538728042536,-0.039891732465520885,0.1992204384090676,-0.5357448375326324,-0.0516303857989868,0.028113155942893236,-0.5054561597902384,-0.016365451408029287,0.05479086432325469,-0.7082901232267516,-0.05177516424463482,0.06920379498656509,-0.8324831254059443,-0.08079818934954024,0.07819025804507208,-0.9388046381516981,-0.10272836006706049,-0.03618394731723438,-0.5062367994073087,-0.03721288978791585,-0.04262152909271926,-0.7399062600513159,-0.07234647604538734,-0.05751195098847098,-0.8824775401153506,-0.10263981787716006,-0.07570429259785434,-1.0,-0.12368027433944814,-0.09282288300061513,-0.4636773032841602,-0.06418099145916303,-0.12023727355294275,-0.6806473955864308,-0.10352548372604477,-0.13686972992750182,-0.8206850586599559,-0.1327900134041508,-0.15181186919788442,-0.9407718035200713,-0.15178833056817628,-0.1485644083908722,-0.382103901831966,-0.09362374394984485,-0.21074286502359996,-0.526012213106809,-0.1345631573010313,-0.2442564672507276,-0.6359540117766921,-0.1546984783906518,-0.2687164156523076,-0.7422235748145958,-0.1670264507433704
OPEN_PALM,0.0,0.0,0.0,0.10028981486735558,-0.13315632932925991,-0.010273247114031337,0.12154486666204307,-0.33428443796208146,-0.005289132960693096,0.1278447147141467,-0.46051818272464273,-0.007647731747491773,0.14846479383353545,-0.5535253803426078,-0.012554686866468587,0.010384483987792795,-0.5478829690623621,0.01287260383505339,0.02041103692354898,-0.7393615105960715,-0.014923411426521399,0.02569705834757188,-0.8577642059140353,-0.04177293543052944,0.026716115700838948,-0.9591062838990105,-0.06335852118651751,-0.05427867482379578,-0.5389841978391033,-0.013272072652766842,-0.07627658300075028,-0.7573856088272224,-0.041179861097487766,-0.09430054112319082,-0.8903801125960299,-0.069830924791141,-0.1126697271079297,-1.0,-0.09055052779778053,-0.10836297216343495,-0.48310389364441203,-0.0462712627660424,-0.14929881428333577,-0.6890129785033541,-0.08236765370577254,-0.17184791012680073,-0.821032582514106,-0.1132292417119065,-0.19262930107470386,-0.9367186866956738,-0.13376099396514646,-0.15648615760968937,-0.38400089295951395,-0.08095825932333788,-0.22062474940973367,-0.5256910570244786,-0.12104465735957419,-0.2631454545581917,-0.6258441257905342,-0.1418606434832075,-0.29965773777207066,-0.7233809913111583,-0.15520154969233518
OPEN_PALM,0.0,0.0,0.0,0.09326180336700823,-0.1344125797703606,-0.0107392345559135,0.10827373787325464,-0.33693670735275744,-0.006855681140178742,0.11474258685007098,-0.46485287567047895,-0.010278072442267186,0.12624822646685369,-0.5622127430299558,-0.015779280927489828,-0.002288509620471576,-0.5350370575656043,0.008689454354113743,0.0019414605062915472,-0.7328448426281068,-0.022845052663764187,0.004146458572110831,-0.8549860770579978,-0.05058697073462529,0.005010510139763271,-0.9557176776517173,-0.07202032111976053,-0.06112441440612777,-0.5252484869368287,-0.017750560243925777,-0.09135422364495062,-0.7516748668084562,-0.05031993063456527,-0.1131654821288249,-0.8893225120550349,-0.08071470838783798,-0.13242753209300057,-1.0,-0.101976062285037,-0.11036839446609584,-0.4693766471383626,-0.05089841068672703,-0.15809250085926704,-0.6841071513682182,-0.09058980092472992,-0.18446557801602279,-0.8155175731615474,-0.1222113492225433,-0.20719940109761836,-0.9273450390221932,-0.14264820393381972,-0.1543771065892677,-0.37135578399241914,-0.0855611542638117,-0.2158404661922655,-0.5120249542048548,-0.128504556093255,-0.25833768327501183,-0.6155995646593935,-0.15158973206432522,-0.2949840551993062,-0.7145521035869266,-0.1662954003057921
OPEN_PALM,0.0,0.0,0.0,0.0940877249485304,-0.13741422022562133,-0.0018126992312701101,0.10406593080249282,-0.3385031678287372,0.004435885326195,0.10854511471106008,-0.46329211545487425,0.0012596339865065186,0.11533405911423268,-0.5567934910851652,-0.005371376076020143,-0.0043921638684045194,-0.5416392503660943,0.012915637167140784,-0.0010673537412977082,-0.7382418314541532,-0.01877637226371362,0.0010005002501250625,-0.858846312249544,-0.0471947490775232,-8.665170136840164e-05,-0.9574673208670603,-0.06969284522637995,-0.06355041303440491,-0.530591618865116,-0.019144240562796434,-0.09146588941042082,-0.7547481978448958,-0.05260971208134448,-0.1126718904781429,-0.8913382139758328,-0.08519841209172703,-0.1332723425679706,-1.0,-0.10878540692370353,-0.11259849897337072,-0.4737978745470296,-0.05708890750049907,-0.15989246348899255,-0.688453430580914,-0.09758613494533054,-0.18496072702711228,-0.8172423303230077,-0.13126847312316314,-0.20790468865357667,-0.9245201063486184,-0.15387052426378175,-0.15566370391822695,-0.375587241388757,-0.09565010595522573,-0.21818741860575938,-0.51711529948131,-0.1404565347103304,-0.2597710267927337,-0.6211821511307886,-0.16575521718548422,-0.29517621212815337,-0.7208681192874394,-0.18259541362977172
OPEN_PALM,0.0,0.0,0.0,0.08959063637783428,-0.13784087720841992,-0.000294237336884519,0.09873367569437758,-0.3338448631792033,0.003462731069225011,0.09975965314867274,-0.45871336806699303,-0.0021882318226516158,0.10189103262534593,-0.5570834598336968,-0.011785371151783524,0.0022637844701013034,-0.5292545930573529,0.007602511729688208,-0.002073884197689777,-0.7250361994514913,-0.02633573736745624,-0.001919734194902546,-0.8461760802132854,-0.05563481958524449,-0.002260651714515669,-0.9474040282629838,-0.07790303367960401,-0.0498260168901596,-0.5192492166959287,-0.02497426136966207,-0.08189575940068543,-0.7416354734814543,-0.059219486681590085,-0.10526851170614016,-0.8839059749480908,-0.09263865214314403,-0.12698182494991048,-1.0,-0.11702458597842466,-0.09431142262577438,-0.4675871286129771,-0.06271626961802325,-0.14550820436438924,-0.6710264335466525,-0.1014029044534361,-0.17387387802431847,-0.8052530322079523,-0.1347330973528613,-0.1973847019252165,-0.9192787014543817,-0.15800381626959126,-0.13568342214848986,-0.37842489656147826,-0.10104760159659336,-0.20086012568799688,-0.515388786485661,-0.14208491455841565,-0.23595666293346626,-0.6198392343545349,-0.16562055863683958,-0.2623691095556877,-0.7207081133301975,-0.18204420255678294
OPEN_PALM,0.0,0.0,0.0,0.08819066322360243,-0.1286365454329726,5.6172644174105886e-05,0.09918606743609738,-0.3346123854414267,0.007643974491261647,0.10211952281732059,-0.46030104373134095,0.006248835625746676,0.11001355551414585,-0.5520753907716828,0.0018356187588271702,0.01691571719463097,-0.530540475591895,0.014066474296644404,0.015171965489379633,-0.7292327887372462,-0.013960602144778345,0.013478607428060722,-0.8491083380608714,-0.0390683743818669,0.00990131683480531,-0.948759018910967,-0.059314805294343485,-0.033403088415836314,-0.5265630444229373,-0.015962806373105928,-0.06123739712316226,-0.7483114838652902,-0.04455352802418974,-0.08283840695161515,-0.8858236098358615,-0.07362943833929857,-0.10334091055673507,-1.0,-0.09523022487501948,-0.07699424854333223,-0.4835537146414784,-0.05128799568773545,-0.11817563350733556,-0.6930642550926256,-0.08373220635121854,-0.14303953776242068,-0.8270080691882167,-0.1126627002126898,-0.1660833006934203,-0.943709735619525,-0.13376101934021786,-0.11728058221958053,-0.4036489511070713,-0.08767554424567808,-0.17885240134174957,-0.5440085059958094,-0.12388151467965197,-0.21359675043732468,-0.6498884194466064,-0.1451232817591015,-0.24090009253250813,-0.7551090787346156,-0.16031696540472812
OPEN_PALM,0.0,0.0,0.0,0.09455689488211834,-0.1421717371512498,0.02820310246258618,0.10658826833135908,-0.3301097004660589,0.04711819304171089,0.10891819137796607,-0.44972780109867616,0.0499337353371039,0.11995537765554581,-0.5469063469369637,0.04842172590244779,0.020715978201800867,-0.5269914016646181,0.05341686698212057,0.024911604075405932,-0.7176541863024669,0.0342668920225251,0.031070252798043495,-0.8342710136028875,0.013577147509869967,0.035890286904625264,-0.9324758770781261,-0.005836025134107949,-0.02085703651618094,-0.5250607878687249,0.007094923353164672,-0.04826385909546611,-0.7422357566390271,-0.018086429211273625,-0.06540230499872035,-0.8844910701450774,-0.04978948415223343,-0.08000987315338044,-1.0,-0.0749936983320578,-0.05749644614766865,-0.48225033235530423,-0.04392303345615383,-0.0951068272967061,-0.6826725600997567,-0.07501010019168741,-0.11517165283199407,-0.8157417875087895,-0.10822543880221751,-0.13249842412139892,-0.932013699836079,-0.13436873779866979,-0.08907735047354362,-0.40125309743257154,-0.09398958809336001,-0.14573961173768613,-0.5375918086257484,-0.13335836931609324,-0.1787497645932673,-0.6417716385682962,-0.16102769129641453,-0.20634189452366863,-0.7463123326383495,-0.18245642490291253
OPEN_PALM,0.0,0.0,0.0,0.09973271371695236,-0.17216473605005833,0.10375263988722878,0.11246728707796483,-0.3438390266812106,0.15245143901692387,0.11502756745080317,-0.4481291115589555,0.16773844756514905,0.11988654498209911,-0.5508559825421396,0.17377052875909987,0.02874614661582031,-0.520758291841275,0.1315537247088674,0.03191176567098359,-0.7210684574363903,0.13025733955780955,0.03766567206504789,-0.8395054339522257,0.11913803099156933,0.039883953182335424,-0.9400510429267298,0.1016391538120982,-0.008096416430124884,-0.5108748368686659,0.03814951657440586,-0.03421499200877145,-0.7387658559404855,0.016193460440034533,-0.05129905644254038,-0.8854539120416737,-0.020195664741583245,-0.07161815653712629,-1.0,-0.05202914175696868,-0.04509140022536827,-0.4738433885582023,-0.056790025582871835,-0.07719108062244234,-0.6794124859491455,-0.08802002844734669,-0.09263308646841124,-0.8183335309842544,-0.12649572459376376,-0.11048701895609442,-0.938225182847129,-0.16015389328757712,-0.07619013199045323,-0.41065560610263474,-0.1449084561353476,-0.1307930861060769,-0.5642932257249622,-0.19099030238043146,-0.16171028096902623,-0.6719053249931115,-0.2263434586684529,-0.1880248590939959,-0.7726796344157363,-0.2569901968228234
OPEN_PALM,0.0,0.0,0.0,0.0964648060451281,-0.16998676503091906,0.08605100279131538,0.10777724425855201,-0.34190108739719766,0.12775121414963406,0.10884471709619463,-0.4493099567207156,0.1403652282863887,0.11433771562208986,-0.5508208710673299,0.14458649554177577,0.027396204486206326,-0.5209750081691737,0.11326396809039649,0.02606577291414267,-0.7167953512246733,0.10874424267144156,0.030687330848303482,-0.8324092777240303,0.09649501396664271,0.03250970468989463,-0.9326205708848087,0.07907302626017298,-0.006449330574547149,-0.5140574248818814,0.03270877342437247,-0.03501921530228084,-0.7385615859362409,0.012494767541729603,-0.05069434835590985,-0.8831914496430998,-0.021549443896454083,-0.06817100471785202,-1.0,-0.05171990230008233,-0.04263701348503585,-0.4778139388700528,-0.050109070615593346,-0.07705807911390446,-0.6834248639165279,-0.07985022125134146,-0.09154594184628029,-0.8204080505212145,-0.11883042702097259,-0.10715647547984268,-0.9401298345952327,-0.1528872017199302,-0.07419671575245224,-0.41261227348955687,-0.12709553419806588,-0.13174353602052957,-0.5584231244328643,-0.17090073604309608,-0.16327773361777556,-0.6627886536424369,-0.2059264089603151,-0.19038584703034186,-0.7623338700018584,-0.23625723292266018
OPEN_PALM,0.0,0.0,0.0,0.07850237607626824,-0.1787294821498498,0.09167159239648151,0.07509761745834595,-0.34953943053671255,0.13312149322141023,0.0635425258401642,-0.4615417144718358,0.14731972241990068,0.07081552102316986,-0.5665467688435689,0.1533366660534832,0.007996686113883072,-0.5179623077405234,0.08732353234582783,-0.007835333389780161,-0.7152293572119076,0.07597233413974686,-0.013163356335885439,-0.8354517260747599,0.06693448480334635,-0.01733954448913726,-0.9371525031333158,0.053466489449778554,-0.02116135808059987,-0.5089158891836633,0.007179138866676875,-0.0554278088459822,-0.7355737085462345,-0.02479738448816671,-0.08199650361709204,-0.8817482346818518,-0.05364447874832312,-0.10668065119591312,-1.0,-0.07679527621325287,-0.05513489303874354,-0.46878642359196726,-0.07230616761610345,-0.09446370329592775,-0.6765974084140042,-0.10898149144688588,-0.11925573260292016,-0.8144261598906823,-0.14296577463905358,-0.14179859703007616,-0.934129841298272,-0.1712111939179131,-0.08611471004013332,-0.3999435030531563,-0.1442785862614867,-0.14492322025455012,-0.5442247894356348,-0.1936666041348954,-0.18070180071331624,-0.6489572263043846,-0.22981246878298342,-0.2116639036852981,-0.7464248671894169,-0.2589610216407544
OPEN_PALM,0.0,0.0,0.0,0.0754149009102419,-0.1877597312342843,0.11172616228856755,0.06708531597917992,-0.3572576309338356,0.16050800302662996,0.055802472815939926,-0.46922919116486,0.17728084356844903,0.05682301312299348,-0.5777356294412239,0.18560942080149492,-0.008315524028512324,-0.52475274254389,0.11429674134043807,-0.025739513249986863,-0.7237288088723545,0.10709943402202421,-0.03735597476105488,-0.8467432395297716,0.09831990020937345,-0.0484976464626964,-0.9480079380356647,0.08418959538822274,-0.039714175597331744,-0.5109342499541966,0.021271595513645995,-0.07676137293839633,-0.7399639019135811,-0.00998541662916197,-0.10736127150304534,-0.88664620617867,-0.04064450060846488,-0.13569145917812994,-1.0,-0.0652672881898945,-0.07477925437564742,-0.471261460280036,-0.07063515491241107,-0.1173272642728355,-0.6774114459590067,-0.10592220847231054,-0.1421090425804906,-0.8113964036991985,-0.13743962779799934,-0.1653893977138941,-0.9236709529453302,-0.16424926947136484,-0.10407139526382869,-0.40618090091670994,-0.1541767419299235,-0.16242381275714754,-0.5475957098686491,-0.20097639380072424,-0.19677473829496653,-0.6506907629291053,-0.23397489486164277,-0.2250204668154029,-0.7456151192573106,-0.26146564665451333
OPEN_PALM,0.0,0.0,0.0,0.07373862271338204,-0.14797112714575006,0.013127649409569566,0.06439894988704307,-0.34845681189127625,0.027124846190015976,0.05252121646837619,-0.4749645298013444,0.029271792038971078,0.06712721027544082,-0.5747498328717768,0.029370743060835425,-0.012297992435525271,-0.5416833919939016,0.04299469736055129,-0.022748383301733406,-0.7319284871275629,0.023681765636088144,-0.030334710374854912,-0.8497352677690502,0.003486044005470966,-0.04143466918365647,-0.9470512091379936,-0.014234427133280911,-0.0514587048856963,-0.5396328356126047,0.008068807725155294,-0.08201822241596508,-0.7548444675868785,-0.01182098292916014,-0.10577922267931864,-0.889962477744373,-0.035332861788021384,-0.12924798301932236,-1.0,-0.05352032455462936,-0.08737617318010307,-0.5002825798745356,-0.03267551307470237,-0.13042407051573032,-0.6978106484124882,-0.05857485130977582,-0.15435890476429856,-0.8225615035612754,-0.08274281629950803,-0.17634264361960342,-0.9312008509846497,-0.1013207548863573,-0.12340496650307733,-0.4219943555303123,-0.07402510876414475,-0.1890236147865148,-0.5486652157210823,-0.10346278864738383,-0.22371496028313134,-0.6446523845502243,-0.12067261109756236,-0.2510476932553727,-0.7412437753646621,-0.1339242050994036
OPEN_PALM,0.0,0.0,0.0,0.10567176971073315,-0.12853627276887733,-0.010229841594328094,0.14276083275907805,-0.3306788899751937,-0.008543447642400963,0.16451502544883967,-0.4689012586523425,-0.013054887831428016,0.18810479977215153,-0.5749866706394862,-0.020414485175306356,0.022209682958483034,-0.5330584109673866,0.001137373234853192,0.030364452333305026,-0.7341892555021421,-0.02830121428456315,0.03497693710645979,-0.8543644309161507,-0.05352501532784158,0.034927715225492574,-0.9532465400023596,-0.0721799203446409,-0.03977766739384794,-0.5288173447387821,-0.023899732219832995,-0.0614402735684511,-0.7581739555755616,-0.05292657964430746,-0.07990683913612968,-0.8939431442186083,-0.08013177862094323,-0.10206758201830754,-1.0,-0.09863506098771162,-0.09335765745929425,-0.4805864298655829,-0.05418304682646374,-0.13160418618946743,-0.6991390491835555,-0.08757122795772534,-0.1522361857475977,-0.8348355557075213,-0.1128104460643888,-0.17223896246286755,-0.946412401208679,-0.12902140014976735,-0.14420376656353867,-0.39193946610415953,-0.08587635491448299,-0.20690229794793602,-0.5438268246476127,-0.12077223795502755,-0.2398058102860956,-0.6536693972912184,-0.13615654154807455,-0.2644338938866424,-0.7571416111636728,-0.14482750661256275
OPEN_PALM,0.0,0.0,0.0,0.11930198800814568,-0.11055133050405398,-0.04685989222946735,0.1854095947588429,-0.289468966262365,-0.06784897378985506,0.21849942762754304,-0.4412252378083209,-0.08796852497806311,0.24587409919434228,-0.5687880006391477,-0.10840207593378756,0.06623368720277946,-0.5095548758790787,-0.042998541736560196,0.10650154257246756,-0.7188264715747794,-0.09012664494179129,0.12828221396545067,-0.8470910124132764,-0.12598705361189944,0.14423530839333237,-0.9590439858622273,-0.1507149580582213,-0.006938706498372342,-0.5140733660693089,-0.052927052799299976,-0.007071619344895445,-0.7376647495271528,-0.09487401465212875,-0.016122902204385524,-0.8788271657460547,-0.12853815582288047,-0.0284281356909892,-1.0,-0.15240090832312692,-0.0731975369126942,-0.4738609441931844,-0.07030700170756533,-0.09291537177608913,-0.6778546973804964,-0.11207629853028328,-0.09772355549061239,-0.8157590179863239,-0.14007939096310582,-0.1006560191846348,-0.936887350577811,-0.15879056360423074,-0.13605629455746035,-0.3971081480585341,-0.09237888113894249,-0.17987672174062444,-0.5436829594070137,-0.1326631684172609,-0.20166950924641605,-0.6510963077922639,-0.15103731042794166,-0.21688506946905373,-0.7530516662023675,-0.1617967716089183
OPEN_PALM,0.0,0.0,0.0,0.1311552243012957,-0.0885598363902363,-0.06265655962786416,0.21441235367341366,-0.2604757899203281,-0.09019944857122783,0.26492282910882603,-0.4193673501473175,-0.11381380050759828,0.30823134978283756,-0.547012168130815,-0.13739498307932885,0.09294649487013276,-0.49097969392195434,-0.05949554376452547,0.1425592189517479,-0.7019797599290472,-0.10967999768071074,0.17367980210863157,-0.8358367464824921,-0.147777971967403,0.19663499225823255,-0.9500243512653213,-0.17400610528819058,0.013108468865533855,-0.5034038480900049,-0.06237890557208968,0.021279442514066074,-0.7329750988585438,-0.10553955068872897,0.024041951418505233,-0.8793799285467503,-0.139571032915736,0.022305731588446738,-1.0,-0.16383905748354852,-0.05805769806690704,-0.4691516560758751,-0.07347614220779188,-0.07158306827955738,-0.6755759622020424,-0.1155257651325538,-0.06628411218424606,-0.8143211330604644,-0.14218761033864802,-0.059255523245269136,-0.9332901123341915,-0.16026528572893955,-0.12544051043289445,-0.39934675392166985,-0.0907957252222777,-0.16639546427435858,-0.5502832472763383,-0.13119497070128358,-0.17906658468918138,-0.6551524162324021,-0.14825226929491167,-0.18354701623925435,-0.750017965547957,-0.15792276582148854
OPEN_PALM,0.0,0.0,0.0,0.13718241335387876,-0.08175929916580561,-0.06367102432094636,0.22991608855224233,-0.2533315792675494,-0.09225417308575773,0.29374069350004134,-0.4125485473801693,-0.1164702417875055,0.35437238985194164,-0.5360215203823471,-0.14081558355880874,0.11656061420014348,-0.49376705046895125,-0.06173585400374906,0.17138844346234744,-0.7075979388776741,-0.11009849513389101,0.20592986737965976,-0.844463995033192,-0.14702538107686697,0.23187437639581693,-0.9606756047078181,-0.17305830227371433,0.03362509161368795,-0.5096294211090904,-0.06335027007940332,0.04498516592820099,-0.7364206086666514,-0.10476809475672702,0.04979204802155128,-0.8813913407976772,-0.13815238934156085,0.04991840697229194,-1.0,-0.162466566710075,-0.04104716255872093,-0.47938355776684743,-0.07285180333123481,-0.05006233110468577,-0.6856775577996786,-0.112509810623912,-0.04458797210851475,-0.8227861698013236,-0.13803603150864627,-0.03777847537809858,-0.9406731391448856,-0.1561183284311207,-0.11159054145316195,-0.41422133204865336,-0.08866996213325999,-0.1490952391046558,-0.5635508961944207,-0.12793308620933488,-0.1612839577609801,-0.6667226116169582,-0.14477825635225983,-0.16631035864284419,-0.7615184943199859,-0.15436787990972503
OPEN_PALM,0.0,0.0,0.0,0.14483887100730722,-0.052561106473684734,-0.08360593202406705,0.25575714911061986,-0.19280161307658636,-0.12405125132424367,0.3325104287665514,-0.3398863268113875,-0.15732419793549976,0.4025171877819757,-0.4656721670692685,-0.18970447743718696,0.15623865737490178,-0.4587020655250126,-0.08134641129462913,0.23627011393964933,-0.6658152228778356,-0.14042275475484275,0.2866564654329677,-0.8024162924029301,-0.18474151618857565,0.32915756712739763,-0.9203894851282965,-0.21522991267570504,0.07269285355635387,-0.5045475570165618,-0.07593006451099236,0.10799762239409808,-0.7346435912621138,-0.12586978664498596,0.14040880755415697,-0.8812631109446402,-0.16319875778425985,0.16958772467005606,-1.0,-0.1899104520546963,-0.004829801876744921,-0.4973018129694625,-0.0802697300966236,0.002206654541993525,-0.7040770432154342,-0.12659412913893628,0.023450816011137774,-0.838285077673776,-0.15458132075501207,0.04907364193650785,-0.9512869556303128,-0.17359613355783016,-0.07774008360240897,-0.44615242774832115,-0.09287858794228528,-0.10139947731101083,-0.601306358041721,-0.1368377457124529,-0.10664534602197558,-0.7111765414978037,-0.15642453800659792,-0.1045198602458434,-0.8109981263977061,-0.16771127971106722
OPEN_PALM,0.0,0.0,0.0,0.1559621065770838,0.008756140936154953,-0.0934267212518252,0.3025420178389939,-0.06947059290043558,-0.14389304825435872,0.4146519784180414,-0.1812775474702231,-0.18558118503032306,0.5189447718748357,-0.27390978179257147,-0.22629252611854134,0.2693586573945966,-0.4236124221257315,-0.1010833474501644,0.4000878631223153,-0.6072869173815109,-0.17093069093225946,0.48069888357586743,-0.7275055752243667,-0.22300671042033016,0.5501708772864454,-0.835510192294596,-0.257461548516849,0.19316611539399833,-0.5055947818313632,-0.09560641550669334,0.2934562555008737,-0.7321270633933398,-0.15283876998622556,0.36277997884561175,-0.8766071602518183,-0.1959951713006596,0.42279316370169034,-1.0,-0.22683234985783376,0.11044816873167633,-0.5288039430434907,-0.09995061734878022,0.17432037002076647,-0.7351092804318461,-0.15264363982725732,0.23461964340977015,-0.8638924914852294,-0.1830047045679609,0.29482872617652967,-0.9686091377647208,-0.20331934753809217,0.01684668154542547,-0.5087272088189835,-0.11305298726093004,0.028461337209051734,-0.6822125882402635,-0.15927545218248898,0.058480052032553964,-0.7914895719382816,-0.1764831386648004,0.09699554240661769,-0.8869033303075834,-0.18598242285081765
OPEN_PALM,0.0,0.0,0.0,0.15873975758128386,0.02936567270213532,-0.10266564147451394,0.31082660740516765,-0.041493331471242303,-0.15460798150939764,0.42781869086300295,-0.1497185592906789,-0.19592513182539664,0.5341357273406092,-0.23798675870232366,-0.23638414404373065,0.27601612629587213,-0.418932403779299,-0.11253151075267288,0.4129689668631975,-0.59795268288844,-0.18555308422976236,0.5008366133196795,-0.7193029406857907,-0.2389794192928178,0.578240731874089,-0.8228972339869352,-0.2745548492050617,0.19899414317005518,-0.5040246532717013,-0.10319128248494464,0.3100207558744989,-0.7334592391606782,-0.16617221085370376,0.3908983295472887,-0.8800908289135507,-0.21244634522854255,0.46380665077222827,-1.0,-0.24472306054290233,0.11441600254817215,-0.5282597454279762,-0.10416172653546493,0.1956561642133787,-0.7465999183866292,-0.1637043046649007,0.2686934081243099,-0.8785960150009059,-0.19991700359466727,0.3387413631828333,-0.9846151508110124,-0.22279082302980174,0.021222979129835146,-0.5093422903527584,-0.11416316378048318,0.054069677344707905,-0.6883487280692314,-0.16874673813765925,0.09304602217865668,-0.8042921989176482,-0.19378018204959613,0.13793766977951114,-0.9050883275761614,-0.20779292550910025
OPEN_PALM,0.0,0.0,0.0,0.14360796137824036,0.04714988496873727,-0.09908666555801297,0.27048457087668487,-0.01305868461162948,-0.16295589864820667,0.3824086962394017,-0.10450400324243385,-0.21264070526378293,0.48413830249037976,-0.1857937765728537,-0.26254975759273735,0.2734023399969968,-0.4060871007334918,-0.1586693645915912,0.4278466594703611,-0.6124476384503685,-0.23039134520089113,0.5263683582276115,-0.7364328710040579,-0.27682020002976393,0.6083009068491968,-0.8386564966476086,-0.3064113003774969,0.1956364780361506,-0.4945084963493945,-0.14241997714169682,0.32996235223453946,-0.7330841077086336,-0.2023665414714836,0.4204552117758493,-0.8815075585201141,-0.24347517845430672,0.49722156518124166,-1.0,-0.27435188790360676,0.11295979880618418,-0.5202622270384855,-0.13038660806871527,0.21872360416699096,-0.7413947170472036,-0.17944580015916167,0.30565814302780164,-0.8745146268245859,-0.2145119309924908,0.38153874927304476,-0.9678398759204929,-0.2406810165908014,0.02983533038029662,-0.5048221021069383,-0.12531964684742347,0.08484540212605067,-0.6893426756563137,-0.1679114246138355,0.1394017157137843,-0.8068152438865246,-0.19227378731161446,0.19293581528239218,-0.900076297380246,-0.209051618094816
OPEN_PALM,0.0,0.0,0.0,0.13891219692475754,0.07474635607169662,-0.1425366387025686,0.2790372637773168,0.029559468227161656,-0.22076259008684332,0.3843186035891846,-0.06244016665025759,-0.27980145498604625,0.4895867089443653,-0.1541025084119196,-0.33668321167093107,0.3036585480489937,-0.4010146746624224,-0.1807016887040776,0.4528421676011595,-0.6230184802489958,-0.26792003596533664,0.550085244743447,-0.7560818512803286,-0.32659827738062697,0.6355863903279128,-0.860404064041907,-0.363676555852396,0.22717575704802845,-0.49009741054867834,-0.1528501147437493,0.36932371678955334,-0.7287447204412739,-0.2292237833203006,0.47285934518382045,-0.8829688126936003,-0.28430296371410857,0.5651576829855351,-1.0,-0.3225549034896621,0.14721514872808214,-0.5222841039580178,-0.13590166134462134,0.2658088677291503,-0.7439644074748212,-0.20388117477672907,0.3602500743355932,-0.8769376110395654,-0.25368824855672245,0.44699043507472397,-0.9728498831657216,-0.2867268173504178,0.06460900962231582,-0.5121705671620229,-0.13005662335059887,0.12997893866089066,-0.6928938141407325,-0.1912745353590254,0.19004655065531587,-0.8086645122125588,-0.22887617784168082,0.2505617841333954,-0.9045007789776469,-0.25323835433342673
OPEN_PALM,0.0,0.0,0.0,0.11808128782358998,0.13216576199032426,-0.2088817441790664,0.26250196547038984,0.1440777680489597,-0.32188759153747065,0.394630805263917,0.08848765196543149,-0.4032706206387398,0.5133730145566114,-0.021319527166708742,-0.4800508593697423,0.3620476031800338,-0.3367252006088343,-0.2628934186664721,0.5530168440900826,-0.5700267303973019,-0.36808447441283554,0.6735365530101952,-0.718688438691152,-0.4388793562607448,0.7729271457861623,-0.8402731620119824,-0.4837341314289689,0.30568183803505444,-0.45566602585671345,-0.20577900646890607,0.49475008093529443,-0.7067716228444281,-0.30330812283939473,0.623400029297268,-0.8679979122690409,-0.3776471465528524,0.7382345686967533,-1.0,-0.4304421391673521,0.2406352541764345,-0.5155808487535964,-0.16053709640868966,0.39449188726677215,-0.7352412536656067,-0.2352360938578751,0.506650203988064,-0.8790800176858737,-0.29589648695761167,0.6059723280159476,-0.9812116945470513,-0.33855414385378324,0.16577175136479505,-0.5325768715539725,-0.131609863763413,0.2559445267334742,-0.7153147967401237,-0.18793184569035132,0.3296299143921379,-0.8314085103683116,-0.2280058152799003,0.3967164142577114,-0.9241203587224835,-0.2576221208010348
OPEN_PALM,0.0,0.0,0.0,0.10015129519912778,0.12815747543054626,-0.20021819414836192,0.21068699625642687,0.1434322081013697,-0.31740118961657515,0.3402192064638234,0.09348682488769944,-0.401812695768898,0.45479118891399267,-0.019756004275087162,-0.47846857408001764,0.3269817233691068,-0.3141673602073155,-0.2825766371141366,0.5044975454478378,-0.5609835410322507,-0.3988343246642928,0.6261532890026962,-0.7174664880323922,-0.4707707883389385,0.7292175285642774,-0.8432902501120392,-0.5145834730120853,0.28268373206213754,-0.45122913174110835,-0.2300884106140454,0.4807825053088812,-0.7098715367824947,-0.34481860280592885,0.6214273942837131,-0.8714768417314958,-0.4176935738848788,0.7468551349572911,-1.0,-0.46483352319590615,0.23449032751957022,-0.5222738845163878,-0.1863212522023902,0.39933655737074775,-0.7468982127785165,-0.27071751543335637,0.526104938750702,-0.8907735701587488,-0.3238862426435321,0.6367441002162433,-0.9878439543112946,-0.3564828985969533,0.18040593887779993,-0.5388852814793204,-0.1578287528242572,0.28631405101327134,-0.7273527375476746,-0.21541402445090665,0.37020564100018893,-0.8505123020684571,-0.2492708355404486,0.4431856556893578,-0.9444747502848659,-0.271026700051938
OPEN_PALM,0.0,0.0,0.0,0.10942170755991072,0.11902530291806504,-0.21414445648688377,0.21841943701424138,0.12112688259379324,-0.3412558056721551,0.3339758010923391,0.05763586354574319,-0.4259922886904028,0.41125757146293884,-0.07111071545114367,-0.502429899002122,0.2875216157376862,-0.33464228633766285,-0.33521061925279305,0.47633151157722237,-0.5957783362670395,-0.44833506397247924,0.605631733332063,-0.7535700206987064,-0.510031731159194,0.7057922435825673,-0.8768346580664217,-0.5419164329334709,0.234905307586588,-0.46010660786550844,-0.2606741368895677,0.4505705244704442,-0.7229855382973707,-0.3727466752560134,0.6035721346344857,-0.8794681456674439,-0.42788031619181405,0.7328902206353478,-1.0,-0.4583308539651668,0.2015325141187091,-0.5221990053187815,-0.19059242061785966,0.38632935595820245,-0.7408846195987452,-0.2635832549198321,0.5226229834243616,-0.8815202264948205,-0.2978038371215647,0.6407029699904486,-0.9718261487305667,-0.3161617504168512,0.17657437600188647,-0.5390489343381774,-0.1360648428369325,0.3045234652826243,-0.7238343877208319,-0.17810041858967227,0.40116665436018606,-0.8415398205953319,-0.19780987374803286,0.48722617088223175,-0.9196068734472993,-0.20851271571138494
OPEN_PALM,0.0,0.0,0.0,0.09798703065437155,0.09154630683796687,-0.19480149943265615,0.191041176436645,0.05654998479930823,-0.3030009380250369,0.2962171163237066,-0.04344004592761001,-0.37461132983271145,0.36685502314362933,-0.18008012943869,-0.43839286636879077,0.24306546691346334,-0.39666979100128485,-0.27695320897790304,0.4007424223272232,-0.6502256768336195,-0.3748054893193784,0.519117142660443,-0.7979891754815981,-0.4319186092130066,0.6122788564274793,-0.9029848918152413,-0.4617109852195829,0.19676579651643042,-0.4950558103278838,-0.20809351272390733,0.3757960856503909,-0.7479283273501364,-0.3007735476522917,0.5149257655699486,-0.8932397549932285,-0.34767857829555804,0.6351092539060624,-1.0,-0.373241325978192,0.16818537491307733,-0.5319220152433706,-0.14673598479587974,0.31782347433195257,-0.7506989650791279,-0.2094175352570049,0.43453212481210535,-0.8878722432029391,-0.24130578126629254,0.5417207908917934,-0.9760766479231994,-0.2586009095289567,0.14427937016985182,-0.5283948450547415,-0.10030631827151203,0.24369519689713542,-0.7139062141451392,-0.13656909546275878,0.32391899346851116,-0.835188681467281,-0.155686510309398,0.39895267106657467,-0.9145969356116697,-0.16645468616868167
OPEN_PALM,0.0,0.0,0.0,0.09395460911078259,0.08808202045166251,-0.19328608269615372,0.18512108402107103,0.05585772322289394,-0.3048037443390559,0.2781324033158142,-0.04344624633732016,-0.37757240684994137,0.3585489035143678,-0.17767427110945944,-0.44367477879952033,0.17588353610745083,-0.38696474956782967,-0.29795861458069306,0.335803925756509,-0.6446332626775116,-0.3957695971818175,0.4497156713035869,-0.7898532533778734,-0.44789304081860354,0.5405202942950004,-0.8959882578979105,-0.4738104831537624,0.13241730078311068,-0.491997064913796,-0.22839672009186546,0.30559361049467215,-0.7625781707594728,-0.315274458990372,0.4365251364623615,-0.9046456126498218,-0.3549256899733311,0.5445202882909822,-1.0,-0.37616669781219914,0.1127267573934815,-0.5362312287944213,-0.16413544001544164,0.2462525317095442,-0.7824533010951732,-0.22105534359530446,0.35674857672737886,-0.9126241472601121,-0.2469985043615651,0.45768241753691674,-0.9965287989133899,-0.2617366846923213,0.09986842047939815,-0.5383785438945524,-0.11408861782688992,0.17616645715450327,-0.7521239305480083,-0.15121848155288617,0.24786980916484805,-0.8780654585142303,-0.16964941672885753,0.3177587761995305,-0.9600278469287306,-0.1792161788655133
OPEN_PALM,0.0,0.0,0.0,0.12485653701278393,0.01739868538632281,-0.10588672498018709,0.2385900273173271,-0.06501958197253845,-0.16202494572983533,0.34258824530223336,-0.1717146529973464,-0.20438031122564082,0.43780011192667495,-0.26441837009282115,-0.24367480394069121,0.20196554380572931,-0.4338234833137154,-0.11735183143920554,0.3344721931972038,-0.6336126327717799,-0.1847577958348571,0.42135672074585545,-0.756023436504992,-0.23500478164437386,0.4939204252396211,-0.8590448159408192,-0.2675521713202759,0.1386222641671118,-0.5113714128105091,-0.09816119008037677,0.2622633122654823,-0.7424428798663503,-0.152765796475784,0.344510471815236,-0.8827537772135453,-0.19595314771546873,0.4149628306385643,-1.0,-0.2269380182867856,0.0820121114540849,-0.5312114671881553,-0.08808221274256697,0.17808886917031105,-0.7490023358294176,-0.13469953951418137,0.251493080161203,-0.8866613392331121,-0.17014087660463578,0.3177152660066593,-0.993517958197531,-0.19464192155725504,0.02645970980877594,-0.5099116623030134,-0.08739176329119092,0.06853990000307232,-0.6886700687101766,-0.12510344815688185,0.10812330167273124,-0.8061897522563284,-0.14560699557852788,0.14759773468501114,-0.9011943498261749,-0.159197822149437
OPEN_PALM,0.0,0.0,0.0,0.13450532734076837,-0.020211792988711254,-0.08067611844714367,0.2703805466899044,-0.13188924235608235,-0.11982203069644608,0.37866344307858285,-0.23296247141616758,-0.15323555111568227,0.46666660020304124,-0.31586705045831526,-0.1839592694426333,0.2512941618198068,-0.4821568172430776,-0.059598460992386616,0.36569874155215365,-0.6754330654798104,-0.11669239917231909,0.44389631551734954,-0.7947575383938635,-0.16493479160515925,0.5129076450603134,-0.8879216215938478,-0.19729449289922138,0.18878389510690188,-0.5376506723997168,-0.055143565547593885,0.28907666226421835,-0.7445741524699084,-0.10296072338556488,0.35754794928784484,-0.8754655201793536,-0.14624397714404455,0.4185989815420798,-0.9798688836273556,-0.1770329097080563,0.1216749079005874,-0.5491542222475125,-0.061921891935734,0.20689518190352948,-0.7573810284489368,-0.10833505521523537,0.26865067746117743,-0.8915198600214698,-0.1422291651627388,0.32801141190673355,-1.0,-0.16502605127542502,0.045556213886286154,-0.5228341664548778,-0.07692869634110669,0.07943701832724245,-0.6921912551149512,-0.11887293971178184,0.11078739917148489,-0.8096973599267592,-0.13904438480635983,0.1457837955648414,-0.9127919523388319,-0.1511861675939271
OPEN_PALM,0.0,0.0,0.0,0.1301862624084692,-0.04926591290850439,-0.05118125966327227,0.2407096004652016,-0.19169021874526013,-0.0718473542090523,0.32931403995118863,-0.3158168392410444,-0.09112186592378975,0.41070270706214096,-0.3914638805078298,-0.10827356882957376,0.18892598397486177,-0.5021812816841837,-0.02591895129964824,0.2897649537433256,-0.6909366489690674,-0.06873484067389435,0.3561591326745625,-0.8082095802264269,-0.10710713759459149,0.41216325924617975,-0.9006299070436893,-0.1324445370632511,0.12923870588538988,-0.5477913081412267,-0.029442920557942204,0.20743926954672323,-0.761518039469124,-0.062017868177701906,0.27006857813366114,-0.8948751450891033,-0.09033360383272565,0.32531539266507087,-1.0,-0.10983125758593389,0.06854132200287803,-0.5509456548419779,-0.04223871884319101,0.12872830689742026,-0.7599956253697395,-0.07459001368181466,0.1844988092726887,-0.8822573764224231,-0.09374430516507856,0.23785623871306444,-0.976360347337089,-0.1055085512386417,0.0008158135552134397,-0.5156103579147128,-0.06179518914893704,0.023169502106283657,-0.6778045099321978,-0.08975072711924606,0.050051406487924936,-0.7799127181835387,-0.09772564448012816,0.08017953397051615,-0.8615773199860268,-0.10055802282332554
OPEN_PALM,0.0,0.0,0.0,0.1377357166138936,-0.07635817298030266,-0.050360709303237335,0.2525854955339388,-0.2208230441283927,-0.07602714086897801,0.3514137423528662,-0.3481944025122884,-0.09886289291997495,0.442123279185119,-0.423992510141136,-0.12051992723056625,0.18024391434464274,-0.4893070032451138,-0.0414954276656984,0.27475183461182323,-0.6931845483290071,-0.08413638245281099,0.33490698050437206,-0.8092467800593198,-0.11863126056483882,0.38814849339685603,-0.9021414668060173,-0.141446754999034,0.11614535477670357,-0.532766102106759,-0.04289735730547892,0.19732118372190527,-0.7541734937925814,-0.07618156699716203,0.25494285849962983,-0.8916634877419197,-0.10263724277219742,0.30744413704479256,-1.0,-0.12135509422957316,0.055085303058091076,-0.5340927558720879,-0.05146706731295502,0.11604491097588031,-0.7505851141458436,-0.0830291853395592,0.1672913878805604,-0.8799113972967524,-0.10217536289353552,0.21943953850880238,-0.9809959831595857,-0.11548158703619754,-0.009687108444249009,-0.4983229946109249,-0.06558410891318057,0.009827663465863072,-0.658110517849949,-0.0937875492956825,0.03261895856850677,-0.7601528834207976,-0.10262531921457081,0.058655698955011534,-0.8425094242722113,-0.10667211873280522
OPEN_PALM,0.0,0.0,0.0,0.13704091608113583,-0.06747972022230787,-0.0684503020028909,0.2568169396103151,-0.19787711340331576,-0.10360902556658244,0.3491464667081727,-0.3309744859833687,-0.13380258522155064,0.4328445927814558,-0.4359857632957879,-0.16249508071556687,0.1683556979124619,-0.4833882945526058,-0.054644514559895115,0.24976348811416121,-0.6905274756684477,-0.10456178409906468,0.30355012987723806,-0.8155231996399774,-0.14466376880342577,0.35182202523350914,-0.915208731003981,-0.17010073377724128,0.09398520532158394,-0.5199468176085712,-0.04968404834356076,0.15160288352554557,-0.7413443681474268,-0.08884664304333795,0.19188962829339712,-0.8857412884947088,-0.12185766597957458,0.22952761098099314,-1.0,-0.1451685777200664,0.024081357047997184,-0.5119601466544733,-0.053796892877428046,0.06282607092657926,-0.7201746063963305,-0.08927678775174322,0.09939115055953258,-0.853703382737616,-0.11275318179403827,0.13904485306805994,-0.9598873371023199,-0.12896889137150583,-0.0471922456789307,-0.4700018548461276,-0.0650606704787167,-0.044554316204133415,-0.6226778314720256,-0.09718796898655381,-0.031955806010461635,-0.7296998874169215,-0.10991120261620642,-0.01498339380587819,-0.8218121922684845,-0.11623428469390774
OPEN_PALM,0.0,0.0,0.0,0.11505949879147784,-0.11214828713410642,-0.05233198130106156,0.20961697414633695,-0.2843654044324121,-0.0798830273621946,0.2668018902803988,-0.43311037594854235,-0.10533844110390043,0.32324093889386,-0.5502984875107334,-0.1315981312597739,0.0998917528649462,-0.4962367410808014,-0.05223861613989918,0.15774606301978394,-0.7010805444592039,-0.10464499230361107,0.19330493577229604,-0.8283845344490034,-0.14576151016810165,0.2240413615253593,-0.9324805233436864,-0.1721913337893005,0.02418900957383988,-0.5080955529355186,-0.06081099313899876,0.053794992410858194,-0.7378931008860087,-0.10367782708391937,0.07442677993576226,-0.886008821950825,-0.13835058072002354,0.092317865614584,-1.0,-0.16261701720346292,-0.045772300053912814,-0.4785370398693889,-0.07712426090985444,-0.034256113564552264,-0.6966735834036849,-0.11811393136727838,-0.016402562123177332,-0.8351100877177137,-0.1440318868432426,0.00456091164440505,-0.94432468279555,-0.1615527735424336,-0.1145246860873227,-0.4116448064859162,-0.09858602927824717,-0.14238713334369038,-0.5659627090325842,-0.13772748979764876,-0.15077533290058565,-0.6759950286203579,-0.15296920025091382,-0.15186613404178706,-0.7728957844836273,-0.1610275074808911
OPEN_PALM,0.0,0.0,0.0,0.10900705475310933,-0.132288600063599,-0.04354785859654759,0.18537723399305103,-0.3077693427131619,-0.0655074963525506,0.22600452966953652,-0.4508132551752932,-0.08777499978800236,0.2595320592460313,-0.5619464197974058,-0.11209539019248373,0.08413274208081317,-0.49949296161017387,-0.049579389917267826,0.1241346587629961,-0.71486951091431,-0.09890533434398383,0.14484487886758485,-0.8455062570849387,-0.13707806773047643,0.16203682554092938,-0.956098260566241,-0.16173806607069222,0.006995108104337655,-0.5027495342049025,-0.06167503252573825,0.012371982440242462,-0.7385778419253229,-0.10159622181586328,0.011469265342197579,-0.8847264221005519,-0.13361808500518893,0.011863101086778903,-1.0,-0.15593436414872686,-0.06146127358169707,-0.4632102572430984,-0.07995244289599411,-0.07969857156914727,-0.6721000213225308,-0.11733029350000031,-0.08792712497337477,-0.802919835214478,-0.13949383005116306,-0.08786613963119058,-0.9071647836232241,-0.15443744485791266,-0.1270212982930471,-0.3856681765192806,-0.1029776975851917,-0.17366436236641444,-0.5272202936879836,-0.13818059280287975,-0.19772832951206923,-0.6275505639412883,-0.14973601669512737,-0.21391870921954287,-0.7171737739349318,-0.15509936200251193
OPEN_PALM,0.0,0.0,0.0,0.11305808679927441,-0.1430858694297767,-0.056327000596733734,0.19279379803023217,-0.32826909265322557,-0.08443771441059324,0.2303711676782249,-0.4844261355844966,-0.10877647590763684,0.24990404128635396,-0.6103547748617599,-0.1346047655382725,0.0433723367152127,-0.5069670722292039,-0.05576458156679023,0.06225074998074564,-0.7329404818035354,-0.10535842809295956,0.07309380285164876,-0.867831195316839,-0.1475842695084273,0.08241842257024085,-0.9747273864603351,-0.17449619600248725,-0.03378898851062684,-0.4948842265164138,-0.059604851634997624,-0.045667205788705485,-0.7230672224445083,-0.10023917160549306,-0.054381446687968564,-0.8778249274752495,-0.14102056826343734,-0.06161494914657795,-1.0,-0.16981829480896748,-0.09989975210404742,-0.44988024728231774,-0.06977703099670468,-0.12514180913326584,-0.6603662648610774,-0.10913097525987639,-0.1342708170923602,-0.8044311949411442,-0.13968786922815898,-0.13657157205106193,-0.9160100460789673,-0.1603628550300263,-0.156658345026834,-0.3723170538514666,-0.08485040732204636,-0.20244458345152067,-0.5071571737982932,-0.12088334260673848,-0.2241973750204284,-0.5990821776022031,-0.1342442550692238,-0.23555325129411206,-0.6696088578815447,-0.1401234403875719
OPEN_PALM,0.0,0.0,0.0,0.09370736913690371,-0.15646501999876797,-0.0646037564909939,0.1517822227927067,-0.34736417622145266,-0.10160575982778541,0.16748476313420682,-0.49857217562009204,-0.13485648466270297,0.19528642919616596,-0.6286196630263907,-0.16866778796256074,-0.0222959329189843,-0.5208963312389738,-0.061415197749650326,-0.006108721981168404,-0.7393601099816905,-0.12020706317377644,0.001638544826738403,-0.8806383323423729,-0.16844451655543935,0.009254603217333514,-0.9975139600599949,-0.1990066984903605,-0.11231379463155401,-0.5012983798813399,-0.06479742289651012,-0.13464643062901072,-0.7253925872535976,-0.11267532518735211,-0.14354736813825433,-0.8758819932933095,-0.15186035605728698,-0.1490474024668268,-1.0,-0.1779779715810745,-0.18913829041538116,-0.4435460519834995,-0.07686585812690641,-0.23930305399463822,-0.6371733120722327,-0.12104914780551228,-0.259987579298324,-0.7748935746410357,-0.14709865740896436,-0.26940059598743765,-0.8922346055348513,-0.1631363931940181,-0.256337556516635,-0.3505856345914778,-0.09525873072828221,-0.3227870893088342,-0.4856336959497983,-0.13283282040374017,-0.3568609790508869,-0.5831509938868004,-0.14406398785743119,-0.37895365425618666,-0.6705043206511194,-0.14800054567041077
OPEN_PALM,0.0,0.0,0.0,0.08240268429770484,-0.13479317600824553,-0.0607121768929076,0.1273157076521877,-0.33667156298681955,-0.08926584011313272,0.1510516106429072,-0.498366643310041,-0.11506751209396743,0.1727180951707498,-0.6326782228393514,-0.1399498768639261,-0.06586173359732748,-0.5417794320268623,-0.03269619149910204,-0.06536861951628214,-0.7418316094429338,-0.0805730303646343,-0.05965454961354427,-0.8767900496489006,-0.12769591829086593,-0.05198315698009544,-0.9910543052260986,-0.16036064979948966,-0.14730028745792056,-0.5250473025240155,-0.03651590881696857,-0.17766289639300845,-0.7277573675154336,-0.07289073953500266,-0.18824476029459347,-0.8731078990393785,-0.11180167760083835,-0.19036219108719735,-1.0,-0.1407588126348126,-0.21366812592006892,-0.46996155799407296,-0.050775152228364456,-0.2566228221017963,-0.658377207361837,-0.09126527407655925,-0.2714014457537012,-0.7879432669705171,-0.12195486237853256,-0.2759474165214913,-0.8997907010630479,-0.14237688506499452,-0.26453829415205804,-0.3790014292540665,-0.07175279040209061,-0.33645714809172084,-0.49744871720697614,-0.1137552755256343,-0.38772708425742003,-0.5714918991079483,-0.13209878954871665,-0.43037984516057143,-0.6303096145728202,-0.1411691774320921
OPEN_PALM,0.0,0.0,0.0,0.07761277009803498,-0.15411505017318403,-0.05763029168278556,0.12567844716412951,-0.3399464815876168,-0.09670531131126997,0.1547103907535949,-0.5038230993979638,-0.1314166006118067,0.16866024194138027,-0.6473689051786965,-0.16636129755351065,-0.059044525212119975,-0.49775792391957513,-0.06894297884457747,-0.06812623709898862,-0.7238096660720468,-0.12611328189108073,-0.06758743651207336,-0.8678638731847911,-0.1710268461303407,-0.06315052112446844,-0.9897038247765982,-0.19914435523635887,-0.1394587438870636,-0.47842845286398983,-0.0715771496249709,-0.17985044352774968,-0.7109869458785817,-0.1160013612032609,-0.19852292378985414,-0.8682810767520912,-0.1520368934771802,-0.21113389744916183,-1.0,-0.17824278736858096,-0.20965861636743055,-0.4197398085842779,-0.08093032554781758,-0.26741720068461217,-0.6163034872924563,-0.12334160198108349,-0.2991337129571321,-0.7485588525643999,-0.15026459726159916,-0.32134606852463765,-0.8573121869826722,-0.16805921714381253,-0.270725281671372,-0.3336066645649251,-0.09507135954964625,-0.35215761332305,-0.46255584880354034,-0.13390921667209996,-0.40169739218943556,-0.5482694306927125,-0.14928302563060314,-0.4456021712405753,-0.6156729648157452,-0.15681332726720992
OPEN_PALM,0.0,0.0,0.0,0.08152153539230185,-0.16032968633020356,-0.05675226897834003,0.12580007964802745,-0.35101255135559206,-0.08902633748080499,0.13961012942532808,-0.5235447935942558,-0.1170528861215185,0.1558927451839022,-0.6670745051336576,-0.14452022452186447,-0.0628691055841634,-0.5144985488411918,-0.05417614460191454,-0.07932252181084626,-0.741238988633042,-0.09934291495997209,-0.08649016515284706,-0.8815998930782278,-0.1346245700253367,-0.08973625691215573,-1.0,-0.1573222119737687,-0.14966956391346725,-0.48605643383291736,-0.05559800756438652,-0.20530861437424142,-0.7115758030813899,-0.08976080496093916,-0.2351689505258617,-0.8576008992729537,-0.11880360789781076,-0.25477602931221266,-0.980374584781685,-0.1396690752622217,-0.22259436878666608,-0.4166113404447902,-0.06388587956305218,-0.2882051105129963,-0.6033517367725054,-0.100825695624191,-0.32580824275588693,-0.7240904858095032,-0.12443200115641477,-0.35084847424587007,-0.8297471799925894,-0.13956415012376125,-0.28724482477977265,-0.31567349307127357,-0.07674916248115814,-0.3720381229361327,-0.42785659877930976,-0.1122292245316439,-0.4187836643308316,-0.5058383199373248,-0.12354896613192816,-0.45638706822456615,-0.5766068962369838,-0.12734358885780311
FIST,0.0,0.0,0.0,-0.18490587291681446,-0.2675224833535113,0.0497798688608502,-0.23331465642864108,-0.5489050631414872,0.046060847648881145,-0.18692393505113036,-0.7808323682713662,0.03522270527826388,-0.11656075559901988,-0.9069922027243839,0.03153274634620025,-0.26926251731200285,-0.7768457922634044,-0.03415339237179363,-0.0999675345981025,-1.0,-0.03520531946371987,-0.04770501223828755,-0.8844205125017036,-0.018291855052654744,-0.07242985998697664,-0.7924897589191519,-0.006047602285590283,-0.11900243543649096,-0.763289361576639,-0.0712146631963431,0.07145510090709183,-0.9201382994239915,-0.042466933383407054,0.09083590971005102,-0.7943389850231416,-0.015912241302600612,0.04727581537441349,-0.6982530850766218,-0.0074887069713679665,0.040606991432268855,-0.7070495618100604,-0.09689874468184513,0.17243883977899085,-0.7796661908439596,-0.05738237954224788,0.1732545927783875,-0.6722256361372335,-0.023747516648794178,0.1303461975495795,-0.5791608517199889,-0.016342097163322977,0.18196525670648328,-0.6265473204486601,-0.11864569879218552,0.25203752277825203,-0.6517487879273338,-0.06634739757356398,0.23840417937586195,-0.5483443574892395,-0.01874396009988234,0.19907720681709679,-0.4732465959813571,0.009088785279576307
FIST,0.0,0.0,0.0,-0.18398440133929725,-0.27111681218895894,0.041063636413717804,-0.23475760484014757,-0.5582509820456025,0.03569031983003985,-0.20034010133479313,-0.8003444455490061,0.025920862097911557,-0.13914371540119885,-0.9404728050857689,0.024548180772275923,-0.2600867723474508,-0.7560028112129765,-0.04299164074714898,-0.09228390266081787,-1.0,-0.0482551984600348,-0.03896560261846845,-0.8907901859137122,-0.03085526713459905,-0.06402678807723747,-0.7996917473522281,-0.016892672401412425,-0.10328902323674875,-0.7409157283741419,-0.07498292643333627,0.07611489726999451,-0.9296834293813333,-0.0522225046167991,0.0978992659344045,-0.8081856189452514,-0.02531313335385607,0.05528918741073373,-0.7082277818095758,-0.014523412011211373,0.05780816536371334,-0.6893308497576168,-0.09656685825102745,0.18454661728298985,-0.7766038479077279,-0.0625944284867104,0.18483178962702923,-0.674797187827565,-0.02883098282723337,0.14040660245935827,-0.5841193118444867,-0.019703196183719855,0.19776582126836664,-0.6122806138507941,-0.11440160660775514,0.2647791899879455,-0.6523750458741026,-0.06720923577416972,0.25201985972185836,-0.5522971431861,-0.021867030876907726,0.21274696391397177,-0.4771916760591421,0.0050462642125710935
FIST,0.0,0.0,0.0,-0.18221204982836453,-0.2605237639668293,0.0633277264945154,-0.22880494693494965,-0.5373863677437705,0.06460177217714962,-0.1746211558687115,-0.7559193147523642,0.053866412531930134,-0.0868494222930746,-0.867351791562253,0.049851260052743054,-0.2887297297626588,-0.7492573654603969,-0.0024137183402740477,-0.1286095598992646,-1.0,-0.0046644641455548174,-0.06812364684020053,-0.8943225939730687,0.005533196284048924,-0.0886451744086168,-0.8066907029858491,0.012463577688802246,-0.14840087360328322,-0.7623901142526132,-0.04619804552659717,0.026791836387691306,-0.9529225950289953,-0.018004976334433827,0.0600276679847248,-0.8261460154270878,0.004242164714652276,0.02143043670552522,-0.7246519740344939,0.011241727609262543,0.0084211501017277,-0.7325252606751135,-0.07995681885529887,0.13286914077491746,-0.8222183745580168,-0.04034714178879296,0.1463755251373483,-0.7081938686673678,-0.008406071982669202,0.108812154310949,-0.6089389331919294,-0.0011915593038419395,0.15372314985074206,-0.6699473945484675,-0.10959316754500902,0.22355875155359972,-0.6924739643018287,-0.05750982434056687,0.21534052888656466,-0.5806284577366051,-0.013089771217982042,0.17588028066529332,-0.49682538371763874,0.012537890216274952
FIST,0.0,0.0,0.0,-0.18540344100613862,-0.2482107553083211,0.07257741961476774,-0.2312682439513018,-0.5116774730181739,0.0785137355557806,-0.179345064663365,-0.7350290048245489,0.06966284842054538,-0.08963953258922834,-0.8486486639069651,0.06726509116638203,-0.28346617465910123,-0.7229907525446767,0.012555880477879705,-0.14941436546670372,-1.0,0.01537496937884983,-0.09186872904079495,-0.8931598725282454,0.02901473725926629,-0.110310947634315,-0.8058549204968323,0.039583415150460426,-0.14340774024753436,-0.7423865359975439,-0.0324340218361617,0.00043927966737334956,-0.944849701295203,0.006303139705609113,0.03361578245279356,-0.8255526079071416,0.032109977422789086,0.001977430595694414,-0.7303118563033943,0.03988629364204825,0.011890123089711447,-0.7147714643497936,-0.06727670707359586,0.1061309354506219,-0.8190236323858263,-0.01941995843471762,0.11888469742126168,-0.7102340333669738,0.015833070787058392,0.08904378978451638,-0.614588009977079,0.023616328461817233,0.153400411750758,-0.6561822026676158,-0.09733551550464696,0.20130488105844355,-0.6906242556575404,-0.03797982472258399,0.19079940296677766,-0.5831553184293682,0.010130863571392507,0.15788058045135583,-0.5023765191307101,0.036967744500256625
FIST,0.0,0.0,0.0,-0.1971562225943568,-0.25518330793277433,0.046542633416941606,-0.2368755074177093,-0.5638525288986467,0.04993707985092694,-0.19874129886725037,-0.8339168340254901,0.04661217974057525,-0.15050424687851208,-1.0,0.0525225193280756,-0.26893569283839885,-0.7635417535677781,-0.004272355144752585,-0.11471923395440922,-0.9871859097096605,-0.009897806129727935,-0.07399789877351587,-0.8650891868226376,-0.002325218373170419,-0.10293988579583105,-0.7636171752543617,0.004631969094824538,-0.12136597356035804,-0.7501739378734205,-0.03958759311263665,0.023836779873804326,-0.9268196668830292,-0.014250486744997978,0.03898772159359513,-0.8061805087843883,0.008241780857691158,0.0025001746500386266,-0.7055259272221419,0.013905941783797575,0.034112306418236316,-0.7057212639643727,-0.06755926775894489,0.1292354669124654,-0.8232948560646294,-0.036789593516875184,0.12861771446516054,-0.7091659731534065,0.003148993679615266,0.0946072815840182,-0.6076270858810195,0.016999239834431842,0.1722852431908528,-0.6389397013111301,-0.09271094623059765,0.21562097075578363,-0.7059213484746438,-0.04698784165829356,0.20418780271260337,-0.5940051967712464,0.004665520342232765,0.17653598774261942,-0.5129312245104203,0.03556798107225636
FIST,0.0,0.0,0.0,-0.1776575723468052,-0.26662819096740936,0.035895139192534266,-0.22424501362642105,-0.5668270365563502,0.03194377257561985,-0.17216119730399282,-0.793081098042292,0.018334244481938995,-0.09339312942613541,-0.9165239353636269,0.013098972468317475,-0.24901701358999986,-0.7732542526970928,0.0010330737371663078,-0.09328512664411823,-1.0,-0.023859588730807575,-0.043550055647347805,-0.8843688035855243,-0.037516453403741955,-0.07571177125262915,-0.7820893285266726,-0.04510491395085799,-0.10976598696822464,-0.7661487622755108,-0.03851098777657288,0.05568418921919312,-0.9402509278643676,-0.03872865243003594,0.07826125326652383,-0.8238948100530838,-0.03719087789669971,0.03743325995401127,-0.7175619387549983,-0.04035114120776243,0.037747742762868054,-0.7242894894802349,-0.0741985091827663,0.16247288548833436,-0.8325652902031951,-0.06382413543430632,0.1633310243244398,-0.7233833027138675,-0.03925307352601903,0.12062439896311726,-0.625271530340587,-0.02992590476781989,0.17291371474237974,-0.6524959358875314,-0.10859669484809355,0.24868964328964427,-0.7087026288381436,-0.08047176707758055,0.23601311442341433,-0.6004872032112267,-0.03949099745619965,0.1982184443817191,-0.517086222220977,-0.012084708211511709
FIST,0.0,0.0,0.0,-0.1832387558881708,-0.2904319849695326,0.01601866869011533,-0.21731977107254122,-0.5976162908734933,-0.0015156709532475059,-0.16035371242691968,-0.8385252225816845,-0.02153484675838987,-0.087938494601841,-0.9799296812928783,-0.02923344431538667,-0.22533304597020443,-0.7605731295806674,-0.05904504292369071,-0.06341283632494724,-1.0,-0.090233814158564,-0.01933408390722395,-0.8899689389135843,-0.09350535218735855,-0.06199210371464318,-0.7856311266005586,-0.09212637430681082,-0.059569039597253695,-0.7208145611141008,-0.09055906869801252,0.09549049645274632,-0.9062098484266069,-0.09429366913222537,0.1076499969408325,-0.7955413760033669,-0.08303602357507395,0.054559416662536914,-0.6935035344647554,-0.08228887096243591,0.10342442192270639,-0.6476562780438826,-0.1164483545197376,0.21793000595702022,-0.7507301673299223,-0.10601091645697976,0.2104457272440447,-0.6500707677725642,-0.07165793692230167,0.15388019428111527,-0.5569014600730683,-0.05981834560527992,0.24425541389082944,-0.5502680804428802,-0.1420350843161889,0.316607849751132,-0.5971170870563499,-0.11732603040115933,0.2952647429710722,-0.5024724031846152,-0.0751852079109156,0.24216064713091506,-0.4279932282675215,-0.04865981416844635
FIST,0.0,0.0,0.0,-0.16303058971294876,-0.3005197796437325,0.019788903231097957,-0.1985386492321562,-0.6088346636958915,0.006552412149206279,-0.14518309676714236,-0.8459346477645022,-0.014229474943722873,-0.06700291246612411,-0.9886979660155422,-0.023055837953942962,-0.20397035662891805,-0.7760131973199413,-0.016731326271984377,-0.05675506804669314,-1.0,-0.05515873696440419,-0.018395694650493944,-0.8988826631500029,-0.0775581554325563,-0.06268669144947017,-0.8046221846474031,-0.08813089827131011,-0.04306867469635668,-0.7399050361983716,-0.050832116090120776,0.09129640161673241,-0.915919852679466,-0.06181778568265019,0.10857632075119825,-0.8113672919616456,-0.06746970170688095,0.06033485987461332,-0.711581281456181,-0.074292871201827,0.11807992931205023,-0.6748335516791424,-0.08249865704289881,0.2136024861062962,-0.7742744784638556,-0.08049123152648037,0.21487656353863044,-0.6756059782899403,-0.0568005681807325,0.164346447285751,-0.5787768162723382,-0.04671533560991806,0.2610634245663178,-0.585526838897224,-0.11435784835575226,0.32007245167888215,-0.6299329117924374,-0.0950014905749167,0.3018710563667585,-0.5363508907265725,-0.05819179535598154,0.2530721414360398,-0.4566712475434289,-0.03202855682332899
FIST,0.0,0.0,0.0,0.05587677518709354,-0.30331253646074696,-0.01563052730793606,0.021626690852215878,-0.6038029585782992,-0.025338041500168388,-0.02221225952143634,-0.8341466284577778,-0.04316283989874171,-0.05408005070407684,-1.0,-0.05511712674181312,-0.212013106958019,-0.6560447381722005,0.019081215566865137,-0.2105643235387717,-0.8603227227386314,-0.037027498441817054,-0.14215202359772014,-0.7956540126783115,-0.0872136631475466,-0.11865191414384722,-0.709063200920253,-0.11230174916033493,-0.2687866207253296,-0.5569700722930414,0.005641227902870572,-0.2532231586821372,-0.7473009973864784,-0.025253097749526086,-0.18129267125137677,-0.6839480260290096,-0.05292671215040844,-0.1515653431980626,-0.6063156221812762,-0.07203497301432614,-0.30379304469347373,-0.44491070053917015,-0.015990374226284233,-0.28062588131379795,-0.6217476631693639,-0.04421033722065567,-0.21571171187003374,-0.5683800177342017,-0.03452304865478411,-0.18880993650147218,-0.48829760450743653,-0.025201119695505154,-0.32354077739374476,-0.3314928018319484,-0.03996092909295108,-0.3206688070979595,-0.48694213385769314,-0.05128047480398292,-0.2686743015677691,-0.45089685319160233,-0.0240007221300993,-0.2454176457980983,-0.3789052396887002,0.0008740009102943336
FIST,0.0,0.0,0.0,0.08611141923047967,-0.3038362866017968,-0.06192840968970133,0.06125821397976925,-0.6417303805548911,-0.09316035408031768,-0.016437982698689103,-0.8631308521334408,-0.1291114319821005,-0.08910567128222056,-0.9633152337334133,-0.15834308770570363,-0.1367153480419868,-0.8551844907410501,-0.016831252065818408,-0.16106104728214216,-1.0,-0.105477029088481,-0.08428330618170608,-0.8736979358081184,-0.1745551316686206,-0.027776961075837013,-0.7440717462260574,-0.210358444523524,-0.2528483593868677,-0.7493644202760067,-0.02378205785272335,-0.2642002565038059,-0.8353274967357909,-0.1135035896833845,-0.15582595071901698,-0.6659463355549111,-0.16078012165659727,-0.08337376007940124,-0.5138424296853039,-0.17778116929957322,-0.35179265333541815,-0.6051053077756113,-0.04529206934706071,-0.33879517605346754,-0.6745800629989028,-0.13385180206390287,-0.22680585049632462,-0.5376525580663943,-0.13855803771686276,-0.15589399683980895,-0.40282679845563146,-0.12108353496583939,-0.4395692535774886,-0.4374623853072054,-0.0728104711731023,-0.4013832406525122,-0.5009486364270151,-0.13276744926381057,-0.3037779295358475,-0.4188994926499053,-0.12357068471764367,-0.2417539461181637,-0.33000965341693983,-0.09995934901349884
FIST,0.0,0.0,0.0,0.08385237774505457,-0.3280585647876587,-0.0450496328301977,0.025434572774095537,-0.6676950170377621,-0.05883205536533879,-0.12351279111744437,-0.7850986278747119,-0.07734796023968331,-0.2515778557558556,-0.7605377981042177,-0.096280948307135,-0.22918654934020852,-0.8380622201044234,0.009653631997275426,-0.24938274065414318,-0.9451290299640855,-0.07627535747296635,-0.21361351842130175,-1.0,-0.15072310088105326,-0.14639487023625486,-0.9905373949775858,-0.1897714072283047,-0.34542211208460405,-0.7156507800047379,-0.003417601085489982,-0.34206902705613834,-0.7883933954269133,-0.0938056262248093,-0.21963108930704345,-0.7457090793629512,-0.14572685018520687,-0.10748080732222909,-0.6630101420319303,-0.1572916162154921,-0.4170351802723415,-0.546177249797644,-0.028660394335273245,-0.3514057116249491,-0.551607229645842,-0.12060723424711987,-0.19594773938814436,-0.504167831128895,-0.1334575042966682,-0.08014995404809346,-0.4423839187804015,-0.1155370958750358,-0.4443021674171314,-0.3467736054423001,-0.06037780112243099,-0.34624829520465017,-0.34512214510475175,-0.13106040123711826,-0.2127047849319418,-0.31156117356050955,-0.13654994417757826,-0.12112188782842931,-0.2775712571617258,-0.11831845731520342
FIST,0.0,0.0,0.0,0.1056341837736469,-0.24701415352448983,-0.07991853118350885,0.08190546982586476,-0.5756164367704016,-0.09765015996303951,-0.04737761980896816,-0.7743018406393908,-0.11505637182601626,-0.16159579218820194,-0.9010900649283864,-0.12932274906871255,-0.14487983818437383,-0.7473701176262114,0.011132910060653587,-0.23093722075517817,-0.9360907528139863,-0.0619135638814496,-0.18878742019747882,-1.0,-0.12189677079075956,-0.11662610590410652,-0.993204847879331,-0.15144949933685437,-0.23873047484587132,-0.656831906137676,0.02414052465788655,-0.2918530524979152,-0.8026044372850915,-0.07390869425246704,-0.18908149685687484,-0.7086023099599157,-0.13063113697652964,-0.10131675551299124,-0.5871840456845085,-0.13893766169388433,-0.3166134835372725,-0.5426308752442661,0.0218904994187183,-0.3363435563373854,-0.6412638751423078,-0.08467938408151077,-0.22092982097610298,-0.5284265941470508,-0.097086445783736,-0.13971769085931382,-0.41347400927777356,-0.07160916810324172,-0.3798600008103248,-0.3985382097076019,0.01333155171338445,-0.3664230794746068,-0.4715306634467387,-0.07534343800728947,-0.25655027375175476,-0.38374711099178854,-0.07852338537402333,-0.1804569920120676,-0.29662473013290663,-0.05203663487992556
FIST,0.0,0.0,0.0,0.09732583428550765,-0.23159838015307113,-0.08644529643974386,0.05790675689193397,-0.5870038420409733,-0.11046172150538636,-0.0845192658559918,-0.8094918747009046,-0.1324589734669124,-0.23311105757331976,-0.9379041457505317,-0.1444328443243671,-0.1403295955501642,-0.795185074039478,0.0029366582356580425,-0.2226495852934505,-0.987631361311056,-0.0977757011619649,-0.18111059921468514,-1.0,-0.1634166142724777,-0.14399939981318127,-0.9663655870348377,-0.19463170023585505,-0.24831989957437456,-0.6843876756004333,0.006432579103206838,-0.3096837184532087,-0.821001090949906,-0.10473281093369197,-0.1767078203215367,-0.6964064401266685,-0.14886228938167836,-0.12934730387909477,-0.6189663731011108,-0.15179370359652553,-0.3297703698381233,-0.5294990882138431,-0.010040766678837056,-0.36209381136006186,-0.6257243451835007,-0.14386840807026546,-0.20443710882777127,-0.49508462023625194,-0.13540113046225885,-0.15663807560757176,-0.4331831927027051,-0.0963720365471106,-0.39724888545119913,-0.3352611634513466,-0.03209347897848713,-0.37978969510227834,-0.4109499811443656,-0.13829300772264552,-0.24013296157442435,-0.3257915492005258,-0.12766003252895847,-0.19017504039989913,-0.2821873663022809,-0.09290950043845331
FIST,0.0,0.0,0.0,0.07331453383064084,-0.2566263779875598,-0.08060287684099894,0.02884345910849542,-0.6034757919960576,-0.09971856754874049,-0.130456581518744,-0.8294586984612433,-0.11842562740150438,-0.29355649161216785,-0.9518012349928432,-0.128010528927471,-0.11254674013425799,-0.812511873122636,0.04053437243039102,-0.15835066103904163,-1.0,-0.046239271659003954,-0.1585157091992484,-0.9960190948025347,-0.10874424205966189,-0.1713878199159994,-0.9643166818078369,-0.14096131377614396,-0.23011487069816783,-0.6903212185162405,0.042118633454291496,-0.3118220564530539,-0.8388438729044526,-0.0567300718698518,-0.20290896206807696,-0.7186638904719719,-0.10563375577652764,-0.16295849062281934,-0.6456326658052187,-0.11294960511388985,-0.31786171409332603,-0.5283191608217988,0.024251688868388396,-0.37478263956679325,-0.6408218175799332,-0.10690694980404132,-0.22666907890900814,-0.5070030263531597,-0.10243358921189931,-0.17860597314464238,-0.43583200260315275,-0.06402256803871254,-0.38940574198317357,-0.3310457000016928,0.0019252170308107755,-0.40211868232320097,-0.4468389750650318,-0.10151438469465812,-0.2726201795122098,-0.3563309841008308,-0.08704449405199538,-0.21905017840248428,-0.29974626784259956,-0.04891855272497055
FIST,0.0,0.0,0.0,0.09792562552013954,-0.2502642244477825,-0.07091504615752613,0.0184784485090836,-0.6403883365067751,-0.08823144172896463,-0.16402540986352054,-0.8787643932113255,-0.10559786248610746,-0.34372354212776046,-0.9645220384574754,-0.11612042237139979,-0.19010337089073656,-0.8150665907445436,0.014167668711637035,-0.1761726489692541,-1.0,-0.07566495082544843,-0.12818750531411918,-0.9425147571479734,-0.1334558924100737,-0.14520994957706052,-0.9006495463996681,-0.1656178355225887,-0.3152286552766305,-0.6829038666175405,0.009276121631439569,-0.3212920330725013,-0.8143343373261156,-0.08101692104319205,-0.17822331925682203,-0.6516004194611419,-0.1103898453160273,-0.16424480246935846,-0.577605721985896,-0.11285711034177985,-0.39868351553784037,-0.5065503443549239,-0.013744826908240476,-0.39130841988369486,-0.6183516826111713,-0.14100143441158355,-0.21931273301607504,-0.4669586748325891,-0.12322843522577101,-0.19339503294109767,-0.3874414158617118,-0.08423090033294231,-0.4611800049984927,-0.3006603678787582,-0.039784493064000205,-0.4160783990394649,-0.41611266705658345,-0.13759481024928197,-0.2706732763573871,-0.3201307853044314,-0.11783338038406091,-0.2350162451013483,-0.2586864270310241,-0.08279208645722957
FIST,0.0,0.0,0.0,0.11058807477145587,-0.21335073128374185,-0.07005943519416989,0.04196523651122999,-0.5970408846606851,-0.0807376281990228,-0.13988856529119348,-0.8354058746312476,-0.08880769696745389,-0.3077415390180927,-0.9519930533664355,-0.09053301767681768,-0.10016877789331104,-0.817885072108963,0.01557708631651642,-0.1051947362835615,-0.9821090728115726,-0.06988805486180003,-0.11739172938659155,-0.9994035137795636,-0.12655667997413128,-0.1674674271996671,-1.0,-0.16078850661777494,-0.24214661328088855,-0.7036231963610681,0.011031588738663466,-0.3062874404886064,-0.8024825536929084,-0.08937904098003395,-0.17643929092896588,-0.6474180929274299,-0.11832775296710676,-0.13900220035977373,-0.5831084094101583,-0.116082769450201,-0.343413741348728,-0.5375145919558527,-0.011157553264787894,-0.3825936329147474,-0.6144419717189207,-0.14882576570347292,-0.21892717169863696,-0.45656132228605306,-0.13017215886996786,-0.1767355736331134,-0.391357693600555,-0.08648793212731062,-0.4238205804997624,-0.3360632641336129,-0.03638384926800348,-0.40616032775898403,-0.41252955638885885,-0.1448396557032586,-0.270022672749676,-0.31157073484906705,-0.13150413226960997,-0.22556131653552858,-0.2767147149125215,-0.09896358878492806
FIST,0.0,0.0,0.0,0.10393907774685937,-0.20874339598639116,-0.065536711274098,0.035309289488007774,-0.5609448309649276,-0.07861081163276981,-0.13672256418050024,-0.7790524402743716,-0.08820380750612618,-0.2793126921846254,-0.9043695615969174,-0.09753128634487827,-0.09096229114905588,-0.7327091495540515,0.009609444101754789,-0.07084654216979204,-0.906776406222157,-0.050111770826144264,-0.09706400886021802,-0.9708746066481739,-0.09209460542828658,-0.15307509967016955,-1.0,-0.12070297722484534,-0.22112417657703676,-0.6194165404655304,0.00965517348959714,-0.2744464427302562,-0.7499901677216742,-0.06523673574554628,-0.16109119838721503,-0.6136647790310763,-0.08451834184699694,-0.11613462306929255,-0.5338694069509595,-0.08076790424991838,-0.31194735919570504,-0.46950755580242803,-0.0038951522455902285,-0.3451219518116398,-0.5768469024438917,-0.11169361355775996,-0.20501198566866533,-0.4386633345358655,-0.08482648818091666,-0.15835648976496242,-0.3565062734791165,-0.04294326229658212,-0.3831569673466395,-0.2919934179572847,-0.02058010181632024,-0.3739989890961247,-0.39704342176880986,-0.10558896740567672,-0.2543180695911666,-0.2936981650783693,-0.08155614040230752,-0.20756582892418365,-0.22842349006551455,-0.04712074396363156
FIST,0.0,0.0,0.0,0.09511543603240478,-0.2159706219144824,-0.08183517216848021,0.05099742022334464,-0.588058294004072,-0.10278718418039626,-0.1247096091886659,-0.7921905583222749,-0.11586117004349551,-0.29033844880050463,-0.8697662664333543,-0.12358478971302647,-0.07436512271762041,-0.7746916387604682,-0.007966792510488681,-0.08705898086284605,-0.9692575386069207,-0.09132568932593706,-0.13315042502152272,-1.0,-0.1501782117250556,-0.20162894187857103,-0.9877186504528007,-0.18456400227885453,-0.20537114219648292,-0.6678912452302157,-0.0018879851919519025,-0.2812879659097781,-0.7857221875050703,-0.09956362338798641,-0.17351517800557256,-0.6504311673599991,-0.1356293708791327,-0.1307751818307417,-0.5736868681157403,-0.1377326607704104,-0.3034397759571896,-0.5207210591293463,-0.010575814708699801,-0.358140554806856,-0.6083415236858111,-0.13304838042091385,-0.211996969364722,-0.4727500950146443,-0.11447282540264103,-0.16281920864232555,-0.4012656491454582,-0.07219737002068216,-0.3863301583118516,-0.33779488341838354,-0.023324661772673543,-0.3934242982805914,-0.43298505283207556,-0.11630145014371691,-0.2659661477449448,-0.33294458863944437,-0.09398412501614162,-0.21309535340285177,-0.271563899253502,-0.055258954659678144
FIST,0.0,0.0,0.0,0.1235331075419694,-0.2239974773799976,-0.0734533577619395,0.08226818023866811,-0.6033148407991601,-0.08568077645041966,-0.07820530667708618,-0.8323923602157937,-0.09386025909712471,-0.22955341083640357,-0.9431972837541479,-0.0983940641298149,-0.10629463294666167,-0.7917636245999744,-0.0047844360323681554,-0.10356016875821605,-0.9802393008799114,-0.09017649204347,-0.10025147104497319,-1.0,-0.14796888282968482,-0.12511040417286906,-0.9831948370658512,-0.18135510470529287,-0.24293136459294015,-0.679806015583928,-0.004312369880313464,-0.2963026532330824,-0.7997422540432315,-0.10336033219457409,-0.16305476943390276,-0.6542771433437686,-0.13657460369049726,-0.11056987799778638,-0.5695457965736872,-0.13645539190115077,-0.3388924306108126,-0.5183831186944386,-0.01933818805062235,-0.37288267865965774,-0.6046800295922731,-0.1475570587866484,-0.20872808592516193,-0.46495883605131927,-0.13237577645305618,-0.15281822635136025,-0.39102666521130897,-0.0921614272457779,-0.40818933992673645,-0.32006532235909263,-0.03748907898263658,-0.3870762391237059,-0.38061505736271256,-0.14091606652799127,-0.24531504011988772,-0.28799314083591315,-0.12813675056192642,-0.19108872883469616,-0.240092889786711,-0.09538712409055188
FIST,0.0,0.0,0.0,0.09737314615576238,-0.26216666171180547,-0.04656714208999432,0.05087442194709643,-0.6096826872706882,-0.04694642924094571,-0.08727304599922295,-0.7937390373695633,-0.050722293776663256,-0.2283329471958732,-0.8375818705387028,-0.05601730514550688,-0.2046945430575731,-0.7461846714363186,0.028587932518682694,-0.23459977877398963,-0.8990807536446421,-0.030898084937720505,-0.17935529737881006,-0.9746953529210958,-0.08476194204217137,-0.10948624410926802,-1.0,-0.11685349692118904,-0.301083807547723,-0.634341493818896,0.023474179370210107,-0.3108600904381772,-0.7590476620060217,-0.046329428885733416,-0.18823752682032205,-0.6819384032156708,-0.08652007149578003,-0.10213814221408486,-0.5891567475470875,-0.0965764268485166,-0.36682396642449355,-0.4811235164889238,0.006052707640117373,-0.3379619425652991,-0.5615347631354225,-0.08194528764732907,-0.20729879248323635,-0.47907989252393457,-0.08807401314767609,-0.13453088911738204,-0.39184887741639185,-0.07074412709496115,-0.4066077431153912,-0.29414960742122026,-0.01512126255738553,-0.35011476483716103,-0.3598731077128737,-0.09211779658658213,-0.23217685164017865,-0.29913129322902837,-0.09175395867153989,-0.16697143334566922,-0.2386621669692549,-0.07252293561913352
FIST,0.0,0.0,0.0,0.11542895144559367,-0.309001361879185,-0.0611001426354889,0.08840398057499765,-0.7049043849732773,-0.07872881064070038,-0.044839467189356746,-0.9430764584661561,-0.0971425008964953,-0.17730723971272103,-1.0,-0.1070738070653336,-0.25759779900884816,-0.8603414301698473,0.01863885269802108,-0.242465117032515,-0.9870170217541976,-0.07201282153399824,-0.09974217440153105,-0.8676877096478206,-0.1449412638658779,-0.02285428818381782,-0.7599812322171786,-0.18437156959734124,-0.3646001953145339,-0.7316259124995517,0.012030918050504222,-0.35120428534898007,-0.8436986185662201,-0.06746597142922495,-0.18411779271435133,-0.7182547350468096,-0.10795803055699746,-0.10106717176918173,-0.6068276777356474,-0.11912494992437737,-0.4342411660092543,-0.5568789940838672,-0.011824756672694121,-0.39430524491262336,-0.6411905392787016,-0.11005430989033618,-0.21963064378586214,-0.5390623282464388,-0.11009352394025479,-0.14055342396328827,-0.4470620088932909,-0.08938010773805796,-0.4668117158636362,-0.3479942655282576,-0.04044703905225402,-0.38142105208349003,-0.4090306359177411,-0.12306486814220167,-0.2271582950244548,-0.34037665158224445,-0.11806974124271577,-0.1509549642636885,-0.28299664332071733,-0.09405765326323769
FIST,0.0,0.0,0.0,0.11017589851664591,-0.2935938574641709,-0.07488549309692402,0.0354624502760377,-0.6860472005873933,-0.10045578929577108,-0.09214646030447794,-0.937107900998197,-0.1232357065948305,-0.2462306215959998,-0.926174438165697,-0.13642906651441244,-0.37446776191051545,-0.8584818856070041,-0.021866533185997305,-0.32360046796289754,-1.0,-0.12386693152953876,-0.18840444169749243,-0.8916197696897596,-0.19645363296909393,-0.14962352686952804,-0.8029246519322639,-0.2369779905947515,-0.4643943609773779,-0.6961552224101716,-0.030524898287821057,-0.37849244033124524,-0.7914863979404057,-0.11450858121493014,-0.21289973767124562,-0.6900001394129784,-0.1513723860623194,-0.17087500232354963,-0.6124563172667621,-0.16393588250206045,-0.4931642621800472,-0.48464133687752103,-0.056931710931735914,-0.3654117271873896,-0.5519714156923249,-0.15460753865272872,-0.19426632177444839,-0.4849858031116977,-0.1563088126549965,-0.15377178908675204,-0.4241622441771846,-0.14081113591419311,-0.4750193725951261,-0.25106418573526407,-0.09075549597667336,-0.31544872971541166,-0.3100538831161589,-0.16156911120788978,-0.17688253991858283,-0.2735956465973939,-0.16025351014045108,-0.14149487889659274,-0.23822483131029612,-0.14375934827675516
FIST,0.0,0.0,0.0,0.037072645435782266,-0.35885932397691284,-0.02506535926477456,-0.05385837941728298,-0.734014941642642,-0.05538540254144605,-0.1628140660769329,-0.9505942512106204,-0.09562272608186674,-0.2918313779188946,-0.9043084826148227,-0.12811565985180956,-0.5061176369816802,-0.7869765760945452,-0.005155058191159336,-0.3673393867285265,-1.0,-0.11084035724071821,-0.2084389362733192,-0.8779224146933584,-0.1950066795977993,-0.1813685026324466,-0.7531695549070753,-0.24824981188660222,-0.5673391813894766,-0.6145668695416481,-0.04625400248993528,-0.3680476597801816,-0.8107771320353558,-0.12746607343399036,-0.1999858609397019,-0.7015308906199949,-0.1657320412585346,-0.1831553923794572,-0.5990344371187294,-0.18874886204682534,-0.5542404567209818,-0.4169186470151329,-0.0993111287669975,-0.3371246255495753,-0.609656332832306,-0.1806620785774402,-0.17775644207268063,-0.5285620751681727,-0.17038126569294285,-0.1658350435142781,-0.4388148299381988,-0.15756660559947253,-0.48208842134165014,-0.221529740721315,-0.1576611165639911,-0.24546244700785802,-0.38176988180684285,-0.20732528088099236,-0.12940012249941038,-0.3200807510481092,-0.19259106734715423,-0.1348889819759249,-0.2392440472209413,-0.17507188794653306
FIST,0.0,0.0,0.0,0.001859734383509992,-0.3504383649643191,-0.017674603132794262,-0.07877162847207675,-0.6879020207521611,-0.03759883692802378,-0.12662253690281677,-0.9125443043277892,-0.06933401121266075,-0.19124205734076277,-0.9998525283840966,-0.09891855776537209,-0.5195490664320528,-0.6623190470205427,0.007340423549303856,-0.42979108187747006,-0.9319574901895066,-0.06893904284364655,-0.314529864398732,-1.0,-0.1426430888866312,-0.24789573645034704,-0.9958367198737553,-0.18896861397496054,-0.5261446506626447,-0.5326792073400645,-0.028147938709274217,-0.3908187747007974,-0.7965025765637438,-0.07722090599948328,-0.2864849805186644,-0.8219000935662715,-0.1194804005321407,-0.2459111539374642,-0.78285139720977,-0.15255906253445892,-0.4769955451282696,-0.37890820729816915,-0.0726721406902258,-0.3149852668035248,-0.620201376960353,-0.12479932012100771,-0.2224937506109738,-0.5889267809013086,-0.1303026141425419,-0.20585836580222605,-0.5219299789126761,-0.13332202041567162,-0.3827462398927479,-0.22156716522127726,-0.12251553501619952,-0.23806247992514698,-0.4195941737539626,-0.15372900751190524,-0.15876590277486838,-0.38727945591911406,-0.13856416678404343,-0.138368315946765,-0.3242018238440376,-0.12421434763228453
FIST,0.0,0.0,0.0,-0.00411799042486081,-0.36233813486340116,-0.007044297912586253,-0.08460242755169083,-0.6578560378608018,-0.026872701481275706,-0.14490329318824913,-0.8337663697448636,-0.06206204761745313,-0.22746805887480334,-0.8866275249914274,-0.09776947793724394,-0.5037419738188785,-0.6335611507966631,0.008617445465241725,-0.4453736738641629,-0.860579900583984,-0.0654267941956104,-0.3502452680541631,-0.9626328753425769,-0.13648818630122486,-0.27835712285128694,-1.0,-0.18166432220380868,-0.5229949925529603,-0.490679552182938,-0.03140750812981993,-0.4100130617672388,-0.7329876371289241,-0.08118028916722266,-0.2905626768508315,-0.7987917210906968,-0.12521890285302303,-0.23044019987906741,-0.7969018221034418,-0.15790276882201507,-0.47830856658229304,-0.32354808902942434,-0.07865825070699299,-0.33866741180689525,-0.544786679615005,-0.13327814739076996,-0.22157324929128788,-0.560771246312472,-0.1428842722863936,-0.1799907599121537,-0.524944310802003,-0.14668025023059186,-0.3836066968387382,-0.16296792668657778,-0.12978230870228658,-0.23837332572487574,-0.3530064314152516,-0.16577433225534902,-0.14501323191049942,-0.37362203590808074,-0.15708217114800432,-0.1133529739733163,-0.34417887553627846,-0.1456289775590024
FIST,0.0,0.0,0.0,-0.01382986583174371,-0.4006792475221951,0.0005709309680110527,-0.0971204407778885,-0.74675283499742,-0.018012061970462664,-0.16432920816702648,-0.9610503088784446,-0.05363791909251197,-0.24889962599500512,-1.0,-0.08336972819841955,-0.5695031766282074,-0.7267360923255385,0.02992688582452803,-0.4710908217231223,-0.9720703378377985,-0.04519411932044035,-0.3520457997592732,-0.9415774994313425,-0.1179712349370832,-0.3271307493305549,-0.8539955240403941,-0.16601967269977821,-0.5898001758038722,-0.5635735772946565,-0.017668595044802338,-0.4119587355385026,-0.8172250562985431,-0.06352087400684685,-0.29676633152235565,-0.7679109648211914,-0.10528471056276639,-0.2922179444443475,-0.6633873601553496,-0.1392487955536417,-0.5416884094519887,-0.3776548740780041,-0.07390591728298866,-0.3325228146537356,-0.597343976972136,-0.11943396445799728,-0.22726809974164627,-0.561135476604763,-0.1251714601021684,-0.23228871975571289,-0.48080671987322576,-0.1311283651744766,-0.44375628650097354,-0.19193454650803596,-0.1346978087947798,-0.26224620570216545,-0.38394937406956875,-0.1561009812634978,-0.1736620260727265,-0.3723993738077827,-0.1414494799350791,-0.16793240218946212,-0.3118849118740914,-0.12989588011518788
FIST,0.0,0.0,0.0,-0.0013574080751273937,-0.40109771786640086,-0.020793121435694527,-0.0945123105384763,-0.7556007628419276,-0.053304486761078386,-0.1813996151036744,-0.9765580636773176,-0.09968040773197037,-0.2775212974518771,-0.9749370556113751,-0.14051713135319813,-0.5932197551979932,-0.7443536230337054,-0.0011433710144814467,-0.4927434754735646,-0.9726464197877175,-0.10314263031586467,-0.35994555473291534,-1.0,-0.18972306741088416,-0.3012618976841057,-0.9676958909431449,-0.2417617239849345,-0.6202236271234616,-0.5595363619043245,-0.04661906484128849,-0.44063197593560155,-0.7838684873425459,-0.12236205046725392,-0.29150854287386363,-0.778076424448426,-0.17103847868582686,-0.24766080220040054,-0.7173283403967995,-0.2017556545136922,-0.567410383760627,-0.348683055066488,-0.10368628590316048,-0.3470058826705425,-0.5533409087947134,-0.17728959188767154,-0.21205509937983408,-0.554511361019969,-0.1889399279737811,-0.18545616917068558,-0.5097586299130601,-0.19111757574958052,-0.451015550382507,-0.15007357216930226,-0.1668261927231237,-0.24045035724858085,-0.32859546353569663,-0.21041496851449773,-0.1345653904848316,-0.33599922549078626,-0.20692110501057584,-0.11340540158116552,-0.3000310920766094,-0.19780541704097535
FIST,0.0,0.0,0.0,-0.005114165341969862,-0.4074668330584897,-0.02814517516739311,-0.09161934280182041,-0.7714371846107372,-0.07012234908228691,-0.17811802058108384,-1.0,-0.1235486982612225,-0.2863117036343738,-0.9857997454601278,-0.1666266467639437,-0.6076747918864178,-0.7592066427973635,-0.016653898270708938,-0.46459237098443545,-0.9911678626078947,-0.1318442831520031,-0.30498760727568053,-0.9416068696052651,-0.2220064014350475,-0.2615802642460618,-0.8632751952380245,-0.27537630398316987,-0.6289719238559324,-0.5697236212010914,-0.06124929852220015,-0.3989262527670069,-0.8055654598307359,-0.14831725933717343,-0.2470407882812616,-0.7390204919453482,-0.19494401409617765,-0.23434211471131514,-0.6431706308528076,-0.22389511962994382,-0.5713689689154323,-0.36325476767046494,-0.11854683618011144,-0.31179602269069445,-0.5902923246819489,-0.19862163396266802,-0.17780108377531162,-0.5461545413577771,-0.20555191838869052,-0.17572149549603086,-0.4737536707719887,-0.20521294843949944,-0.4519212436798344,-0.17397168862939688,-0.18235527411187594,-0.20676273194574438,-0.36555255951231347,-0.22702278140389853,-0.10399024676501611,-0.3335289427681459,-0.22406353099658521,-0.10689931809065382,-0.2699156403361511,-0.2157545792031686
FIST,0.0,0.0,0.0,-0.003971498816743815,-0.36266117001511544,-0.013745319751590069,-0.07609175798218375,-0.679444993110917,-0.04245062018028066,-0.1233315758955534,-0.8891624913817955,-0.08309080222991713,-0.18014609569303516,-1.0,-0.1143344995684402,-0.5422857889781248,-0.6812196033598118,-0.0024829542145053457,-0.4150384791184604,-0.9199677084509373,-0.09105601331975144,-0.29340711466349817,-0.8797742660687724,-0.164360556278144,-0.2547309695247136,-0.7952769499064466,-0.20890920624805565,-0.5568924809796638,-0.5307345176490963,-0.04339847281556044,-0.36746105777293536,-0.766928674698267,-0.10321882264341557,-0.2536064925086018,-0.734148258328008,-0.1364978514690489,-0.22568967558283176,-0.6618490583823754,-0.1604345291087405,-0.5046919204264326,-0.3605237456881575,-0.09462898868566204,-0.2795571530823303,-0.5714508069050863,-0.147761247022439,-0.17585014682460953,-0.5439481844498544,-0.14798610474670687,-0.16181288658607298,-0.48161486244304313,-0.1477462782014313,-0.3980971990972397,-0.19809867885254293,-0.15235501377244695,-0.18660330939052716,-0.3700374761731993,-0.18061580529903926,-0.10417066291941472,-0.34948312695314,-0.17375064841209364,-0.09805023056779855,-0.29881356508128243,-0.1655151935846386
FIST,0.0,0.0,0.0,-0.004352743487088758,-0.35625714310683515,-0.023005862917345146,-0.07321544921099317,-0.6547382649132534,-0.05523752045677607,-0.10934852438099547,-0.8476494869586411,-0.09548357924606254,-0.1265372548524575,-1.0,-0.13107508007774596,-0.4531131807981636,-0.6470593947209224,-0.02437842462662689,-0.3698778401284084,-0.8558541674960843,-0.10644902961014859,-0.27766148397953466,-0.8825379501067643,-0.1799692518851838,-0.24171909395546295,-0.865438189852977,-0.2297939241155033,-0.45079048763933005,-0.5191539648430483,-0.0573209999496871,-0.30660108036304706,-0.737755610342976,-0.10828086175818337,-0.22415142075605993,-0.773310682543582,-0.14885991404208407,-0.20491382633596125,-0.7703024453336881,-0.18721140332827346,-0.391782477649419,-0.3705205376762776,-0.09855094280968754,-0.19769400848093732,-0.5712834724651135,-0.14981440183095204,-0.13158221819138718,-0.5704163466328231,-0.15295403093802604,-0.13672719716382853,-0.5367363248041684,-0.16060336071190331,-0.2968868192018364,-0.2236670003757869,-0.14590892182388296,-0.12926814288447028,-0.3908052617933483,-0.17854509116685793,-0.07022845318540083,-0.3855578396234751,-0.1702124021494484,-0.07344266919392255,-0.3508101751827227,-0.16491421354909439
FIST,0.0,0.0,0.0,-0.040877978989955516,-0.31926986641386373,-0.0058299311701604595,-0.07920779819443437,-0.6042462378256398,-0.04382613388189233,-0.06702431418006388,-0.8080177749894533,-0.09190674419983229,-0.048970721578894545,-0.9719346159143332,-0.1372122187028108,-0.38409077183825074,-0.6201625695530315,-0.06624160362309228,-0.2867279325669593,-0.8386443529259956,-0.14713212002624634,-0.1802170258782679,-0.9456318719394385,-0.20757447556861336,-0.09404349728304907,-1.0,-0.2472608558609327,-0.3406911356624629,-0.5030123897480993,-0.1102480162746513,-0.18886599720810318,-0.7438428161227914,-0.16829360405886454,-0.09242770764243735,-0.8532103554780657,-0.20083020208524635,-0.025008352663576434,-0.9182707618541567,-0.23275600479902567,-0.25277473528899347,-0.3726122135275351,-0.15613310616191098,-0.03228299041431384,-0.6082655091258009,-0.20517813549073047,0.024355889073151955,-0.6134235232729754,-0.19784237340413302,0.025074066076629008,-0.5882125995096584,-0.1974643040446574,-0.13711174234607096,-0.2520436328373292,-0.20660074942040996,0.04471346996799268,-0.46372988898017564,-0.23197784394041093,0.07198312436105925,-0.4591245192059126,-0.21440261511653114,0.049047731181959466,-0.4215929278899021,-0.2028745545116028
FIST,0.0,0.0,0.0,-0.06421786914991127,-0.34896993961937595,-0.004519843376418654,-0.10875539871242973,-0.6370574367615096,-0.039417269239254815,-0.0999683708642146,-0.822110161010833,-0.08467225858446299,-0.048629431879087165,-0.9412589270580906,-0.13110475130601373,-0.3299918334779098,-0.6407717259263547,-0.06163932040016279,-0.21066055961290436,-0.8091495031581244,-0.14230525764287674,-0.11519699808476108,-0.9224330322284028,-0.208552328980633,-0.02541533282221427,-1.0,-0.2536924310600769,-0.2779687764834148,-0.4988329077940937,-0.10699704847663241,-0.10949459181340518,-0.6669962149148762,-0.17247269112694993,-0.02500273813782474,-0.7847403058468717,-0.21614207222867665,0.03810280156267504,-0.8715615547958641,-0.2527645615228701,-0.18768622981117886,-0.34046109824521803,-0.1531710969060657,-0.002340639337483087,-0.5065238476187779,-0.2136850880615682,0.05242784330105732,-0.5684790570977738,-0.22372434546193226,0.07360884899513465,-0.6120818717785236,-0.2297393471256373,-0.07659800013909324,-0.1952569206173241,-0.20225856822849675,0.07074900458799459,-0.3445381125880629,-0.23930640589086416,0.08919457936164533,-0.3805903300216094,-0.2330391415674882,0.0802784530000204,-0.39816813373939675,-0.2258220921931371
FIST,0.0,0.0,0.0,-0.10406368753091484,-0.2712314278816854,-0.004393411211696324,-0.1511770641830125,-0.5664789407667388,-0.04823941480681296,-0.127501464498365,-0.7789396694200924,-0.09588275548585062,-0.08150197179722227,-0.9088668412247427,-0.14486907176389768,-0.29575259600272136,-0.5317445847324146,-0.12913696449424597,-0.195065695624062,-0.769284109306444,-0.21347328928706374,-0.10652252541980879,-0.9121672381164609,-0.27015633976541026,-0.02516816408459145,-1.0,-0.30676136033591467,-0.21047764171026398,-0.40468352485764403,-0.17423407086494047,-0.0998507224577237,-0.6380325582887231,-0.24590309149115488,-0.005393743257820928,-0.7886927220761945,-0.277029695897649,0.0714827138547454,-0.8955572099744578,-0.303425115942791,-0.08963363062228097,-0.28632462399954084,-0.21447188883412438,0.010172777043418367,-0.5153025307544656,-0.27633065643131727,0.08227589798650467,-0.6386280646844027,-0.2731529429310902,0.1332296789245602,-0.7211405192511897,-0.2701058525559254,0.048751230263035725,-0.19196366018235747,-0.2549360551547136,0.12217155564334105,-0.39072900787199527,-0.28862940924425146,0.15712505887536654,-0.4914603285540885,-0.27232889882225647,0.17979566238374753,-0.5645978833567147,-0.25909352122646473
FIST,0.0,0.0,0.0,-0.08857158910121064,-0.2469840255968962,-0.03911044398284376,-0.12236209435602632,-0.5499378017502252,-0.10024334234735507,-0.08499573187921514,-0.776267277017796,-0.15730089692114427,-0.027810109039150398,-0.9319143063860156,-0.21719485432667884,-0.29221486883167835,-0.5626692216248824,-0.17896436989004122,-0.14050683195038335,-0.7581002623957859,-0.28086469399122227,-0.04654607500458355,-0.8989652024942385,-0.35062520608685976,0.029378076644803637,-1.0,-0.3980923277568877,-0.20258176950570628,-0.4360611849407293,-0.21527318962157346,-0.034415642021965544,-0.6544907924904731,-0.3022882699864436,0.07044203142835176,-0.8027769399249678,-0.342310182301697,0.15103272751646626,-0.924017987221266,-0.3777353876742064,-0.07351803552101631,-0.30299714735760935,-0.2489724182055628,0.08543299247509606,-0.5299712764342561,-0.3254782368469007,0.154819723646572,-0.6124735583510268,-0.32118549797506457,0.1947581956790452,-0.6742436160544427,-0.318403777360534,0.07018170563175087,-0.1803000104485174,-0.28597744433671335,0.1768551539776323,-0.3949421290135614,-0.33614479311413825,0.21056798534841864,-0.4657322143562629,-0.32280107533450736,0.22547762538713728,-0.514259860541864,-0.3114155674281339
FIST,0.0,0.0,0.0,-0.015423656134442595,-0.28140627205476487,-0.024393381341108276,0.0003693246694725906,-0.5426949645995324,-0.09167141316241634,0.06417403435274083,-0.7299442933696372,-0.16110244876141275,0.14127663163660747,-0.8754352618418189,-0.23432384972024156,-0.20746158239268067,-0.5464035121609375,-0.17047066736948527,-0.11944831960144303,-0.7739843954111171,-0.2884677356277991,-0.005468529751196432,-0.9161126159088466,-0.36890377016338527,0.09112966681215241,-1.0,-0.4184037234957419,-0.15988305930118646,-0.4100865608280217,-0.2179400881092745,-0.05087088707922138,-0.6552779765827886,-0.3198875632941377,0.06156055069349266,-0.8280243788708802,-0.366788377529758,0.1549588578821076,-0.9447967681509399,-0.4011077194318317,-0.07098779717630156,-0.27446044362567806,-0.2631973023722834,0.045558234907320735,-0.5111139757733727,-0.3539790896359185,0.14528220727242544,-0.6768227444323015,-0.36220483556273214,0.22047908161138016,-0.7933556751488297,-0.36382268704563475,0.0457749334316669,-0.15298456792838888,-0.30929197610234016,0.15253156664426365,-0.35107800343580964,-0.36891510236776964,0.22441656839047505,-0.4933886867686903,-0.3611250725272544,0.273621286718733,-0.6031375957212657,-0.3521242181651112
FIST,0.0,0.0,0.0,0.16482351456504865,-0.30497029011043436,-0.07985084072678336,0.3272903580663749,-0.5961958126378049,-0.18003213928587455,0.48922919771988055,-0.7744285117315669,-0.2700340076873146,0.5638357842553657,-0.8740279252722761,-0.3405894147562563,-0.056342534608955705,-1.0,-0.24290777280120154,0.35277949083047205,-0.9894479591788141,-0.3712839541130798,0.4175947906795118,-0.7752739429208196,-0.4154926686171729,0.3336671801856288,-0.6972228307197044,-0.43963593475254187,-0.08704801203872584,-0.8166933744148503,-0.27887630493264653,0.38567972608088996,-0.7666584618718123,-0.39543116390740235,0.4055438618213335,-0.5745341125011311,-0.3953339861980938,0.2996487316002267,-0.5505304742153161,-0.3989316076806476,-0.06373905299801418,-0.5692887484582526,-0.317822076348054,0.37955827448104423,-0.48781617727595256,-0.41797594601503657,0.3594182314311702,-0.32587555181461886,-0.3720431084616409,0.24783708908561877,-0.32979644171837574,-0.3441394891053889,-0.0016155608150903143,-0.29902860983194357,-0.36405500402521807,0.3465877974560572,-0.24287462676616395,-0.4272580170401855,0.31242975822543084,-0.12706350094528762,-0.3970644711877837,0.19682400030477787,-0.11469886517865222,-0.37618852649544265
FIST,0.0,0.0,0.0,0.18299715576197884,-0.3154500980037071,-0.06731529197546428,0.3542604981144939,-0.6278229328674606,-0.14976615779693775,0.5040136246458018,-0.8310309563883503,-0.2253507013073879,0.5360989198287066,-0.8890704561433411,-0.28525062367673404,-0.01842283273323817,-0.9703553433325521,-0.19840718859353745,0.35627117199650593,-1.0,-0.3087308005627728,0.41289228114280846,-0.7999101188827578,-0.35183828373170134,0.3379940132518056,-0.7219925112384686,-0.38248657958571847,-0.05032197413554339,-0.7934623804248248,-0.23582561315731443,0.3899972303300168,-0.7565135181200332,-0.33340543091835584,0.3898646057481305,-0.5812751667128279,-0.3395425468929601,0.28849175490551165,-0.5556731629631207,-0.3549470052626897,-0.026323316360227538,-0.5507332967594861,-0.27673006020868113,0.39433069859599035,-0.478275267912308,-0.35660211610275194,0.3548823422885996,-0.3436382811001981,-0.3284100048685444,0.24589103479131602,-0.34805883418198863,-0.32004530191565006,0.03459450966188721,-0.29795071052687644,-0.32555118613279216,0.3711450987493875,-0.2415535718090206,-0.37245784425964307,0.32530013635298377,-0.14502751027973668,-0.35771484433421114,0.21292903253296971,-0.13653767283805954,-0.3542307193368743
FIST,0.0,0.0,0.0,0.20458127577540094,-0.3002452388636576,-0.08461449591070307,0.3600719705335503,-0.5964173530441175,-0.17895115551559693,0.4833749000193355,-0.8026850122093296,-0.26198498530148256,0.48295112190592054,-0.8624703705081045,-0.3268324532810642,-0.05667147402918162,-0.947946679051574,-0.22110068091161245,0.3171845253547617,-1.0,-0.33690379006066384,0.3526776164203018,-0.8012222961336106,-0.38565310055430196,0.2666695524393728,-0.734127183895188,-0.42361556007924717,-0.09461802991725206,-0.7628431134920596,-0.24971068092715734,0.3421620838882168,-0.754115843286758,-0.36675521541515055,0.3476692861431373,-0.5880474961517383,-0.3867549356068025,0.2662280770458265,-0.569757715864667,-0.4129802420716787,-0.07067863210068986,-0.5290012384508805,-0.28061316628295696,0.3681244721457366,-0.48000787289813407,-0.3622727514467531,0.33677326208822883,-0.340987725860043,-0.32846903317645176,0.23991987436844325,-0.3273366657630691,-0.3188660764392467,-0.004534091000131892,-0.29613074080934204,-0.32242266175861145,0.3448097404873233,-0.2708745696900357,-0.3737407683361763,0.3070604853574737,-0.17614892117739048,-0.3632758165439261,0.20169040115070586,-0.15968423269197035,-0.3635212467295311
FIST,0.0,0.0,0.0,0.21018188291538362,-0.3055528867241185,-0.06406001358503449,0.34884172537113983,-0.5966846579823785,-0.1382240231131376,0.45356110122661636,-0.796020874082105,-0.20650732951358808,0.4530435442966929,-0.8630010632838666,-0.2563370187941293,-0.03695283644654752,-0.9728609833731623,-0.1640285660033653,0.2803862525654254,-1.0,-0.2805230046763502,0.3401047388699286,-0.8362230083403571,-0.33170354217935866,0.29119175302166167,-0.777794076393845,-0.3676459804658896,-0.08783343835497444,-0.8101817115389167,-0.1993045372768135,0.33340841764787726,-0.7494448741352316,-0.32656414938117617,0.3446130110513186,-0.5726103345793474,-0.35404640093805106,0.26417189659443896,-0.5482536684471611,-0.37499642423989504,-0.07296931472227747,-0.579731990770092,-0.2389099600995103,0.3518166066152816,-0.4825554287726735,-0.3330146524835722,0.3145968513215964,-0.3466996266456559,-0.31024107646402416,0.2115336147977581,-0.345781691445026,-0.29811273712662345,-0.016368594791162244,-0.3385351446540557,-0.28841127600300004,0.31825616733026846,-0.26460280129830527,-0.35181510611708,0.28125770189941895,-0.1744285746265787,-0.35319771254106264,0.17752909624298868,-0.1794852515019273,-0.3537053349914226
FIST,0.0,0.0,0.0,0.2116777842578676,-0.32041286063880436,-0.0597427384691159,0.34013231390780635,-0.5985899598589911,-0.13581039449062893,0.4241874884121802,-0.7928992801630556,-0.2081970137271162,0.37663891642239294,-0.824749247953832,-0.2605089291202413,-0.052377552397093,-0.9637133202871696,-0.15899200552661727,0.24619643999843288,-1.0,-0.27132505292794296,0.29819745348814797,-0.8152330475324054,-0.31481022345574355,0.23368229854962125,-0.7446947265182283,-0.34537068142337435,-0.11811573056339998,-0.8154688455562753,-0.19687222741270338,0.26849534984644485,-0.7743829454090921,-0.3150244175840766,0.28962094970045105,-0.5896303146250557,-0.3317717331301379,0.21201723243223405,-0.5712513709370901,-0.3460198663472342,-0.10956660789274292,-0.5943990954133376,-0.2393930631562466,0.28779010451284986,-0.5034265962984905,-0.32696736659932013,0.26736417958575576,-0.36532022289200233,-0.2996832243489797,0.17124072919798525,-0.36736545640025603,-0.2865642223732185,-0.052278320121863446,-0.3565372926687496,-0.29131972526165933,0.26478996619937034,-0.2725132860316445,-0.34818367854054083,0.2384650611849023,-0.1932109685453592,-0.34806718742292175,0.13960466424706272,-0.21074857400938735,-0.35013951075973615
FIST,0.0,0.0,0.0,0.209028363782081,-0.33455490526744863,-0.046922165548332534,0.34238241358026555,-0.6205591174556003,-0.12109811713427997,0.4388272353671641,-0.8080721101621494,-0.1979181848154114,0.4231120432562086,-0.8506733354136037,-0.2619478955989015,-0.05577520086802179,-0.9512593421123425,-0.14489280240283728,0.15260196450920782,-1.0,-0.2509078500111803,0.2290390123516412,-0.9928403629175854,-0.297418996585583,0.25138117351490996,-0.992384399467102,-0.3302422564420616,-0.11920744478072767,-0.8038778884173067,-0.1906436944828475,0.2650333430160289,-0.7705652955040336,-0.3033600321798138,0.2752788901379135,-0.6181601949034142,-0.3052204176756629,0.20599659251523325,-0.5966658085910758,-0.3039650209862632,-0.11059717605454544,-0.5821900590002428,-0.24210874237146648,0.29354655769154575,-0.4866630091853375,-0.33482730742377725,0.25985614321995476,-0.3717642441386514,-0.2965619031583031,0.17228873865139935,-0.37373077516613296,-0.2696491599596302,-0.056339585595004515,-0.3370217168822947,-0.30366546109615633,0.2743335217650083,-0.276517182807998,-0.36689142670308766,0.2349344851381164,-0.20978783973217693,-0.35746895661152556,0.1380030851434728,-0.2134581610534581,-0.34848227968436374
FIST,0.0,0.0,0.0,0.21214625640280452,-0.35278620384834286,-0.07052647423782402,0.3630168788825517,-0.6418050440627989,-0.15814077252904718,0.48043511824753876,-0.8136128278599194,-0.24520277216803799,0.47011173120935806,-0.8297060234799772,-0.31116409915305876,-0.03544947536358242,-0.9965849817149223,-0.14896051030922663,0.26024827139414636,-1.0,-0.27234373831037095,0.3042641467165571,-0.8628594576839709,-0.32233329401931127,0.2609789933519817,-0.8368683095990603,-0.35499951718202427,-0.08263477676463109,-0.8281366363025393,-0.18835360428665485,0.3484298749106937,-0.7770150954063283,-0.3115472693511067,0.33391268875407176,-0.6026493117363558,-0.31730726275909404,0.2449407627057071,-0.6138123100349959,-0.31892409388550325,-0.06963939193034717,-0.5999102396435015,-0.23827531704064792,0.3641653724827745,-0.48902961561981567,-0.33240025668324125,0.30992903936740895,-0.3670947879960281,-0.2955723288381558,0.20625034057470848,-0.39363908616994225,-0.2711347453973522,-0.019582288904227366,-0.35218877904723844,-0.3011473003055636,0.3216860567200688,-0.2684943419188433,-0.3593430036150415,0.2615237236773592,-0.20222607197781572,-0.35373203529303043,0.14357021439556314,-0.22188423335876292,-0.3491534340560631
FIST,0.0,0.0,0.0,0.2363424593853581,-0.3556280596737334,-0.058507695365100115,0.40793310451100656,-0.6225690205554395,-0.15808408615576675,0.5139641906946382,-0.7897545281697091,-0.25656627338452676,0.45256283487063564,-0.7999760847254185,-0.3411040865366325,-0.027645438751038802,-0.9658718205082276,-0.2105731113743948,0.17177450467396685,-0.9851968413664264,-0.34031480514230045,0.28682882202386056,-0.993291059814963,-0.3919525616188787,0.3406474698093825,-1.0,-0.4235657464558213,-0.09677295559443909,-0.8059573683647318,-0.2588783893710952,0.3417133138576256,-0.7265490384445289,-0.3970489607653914,0.3556508729510221,-0.555700984827914,-0.389978173969291,0.28034095796237996,-0.5363965055859179,-0.3782117428754901,-0.08866012885828344,-0.5660355927725604,-0.3122059475297273,0.35792736735843417,-0.4087004426259126,-0.42942025207325246,0.3212057242379375,-0.3172499406226459,-0.3888799225006621,0.2236344972712517,-0.3528220265672214,-0.3576600250308769,-0.03365712398233208,-0.3116441577275192,-0.3748372386655221,0.32415869031681743,-0.18966204739690357,-0.45190529850165506,0.27723003893820436,-0.14586838498333424,-0.44190907139238633,0.16484642169395738,-0.18284551747617872,-0.43323930102445557
FIST,0.0,0.0,0.0,0.24822952448986577,-0.3502432638604329,-0.1080337447976963,0.4319212284687115,-0.6006946145732784,-0.2550026718432968,0.5701219819838376,-0.7738682735220169,-0.39067253247618333,0.5183284018944299,-0.8077243882721946,-0.5051086761939484,-0.0338169482751823,-0.9919972436788275,-0.31003229740659444,0.23589473757577517,-1.0,-0.4808051242575901,0.35886935489122695,-0.9384882448040963,-0.5406295481801193,0.36318546922737394,-0.9044903921463988,-0.573102509008547,-0.10383724306298271,-0.7958131506355112,-0.3547375777444102,0.37224213141356227,-0.7364299087062237,-0.5353764552509216,0.41122385299703634,-0.5357804214021432,-0.5318435663868607,0.3218660344271755,-0.5268375656532588,-0.5208424681651435,-0.08817377389948187,-0.522427410165994,-0.4060205892832803,0.3998806592825638,-0.37923977091825256,-0.5488383316028281,0.3871647144285445,-0.2758053235821814,-0.48775054179561983,0.2709685499967595,-0.3167607650330866,-0.44301878637709663,-0.02161198808298882,-0.2365799688395062,-0.4711256995148015,0.358108703456522,-0.12332217426886385,-0.5614376092544375,0.3292039489377355,-0.08740365593297196,-0.5382976085075177,0.20592889927225255,-0.13205687034586025,-0.5198014097361487
FIST,0.0,0.0,0.0,0.24017985978668055,-0.3576534442894497,-0.12824331856758525,0.4256975233794971,-0.599544172079945,-0.30903715276336247,0.5859551231380364,-0.7672906939342408,-0.4767994599397822,0.5640103422299583,-0.8040839576667405,-0.6238806729956056,-0.03210311838647186,-0.9773962536447135,-0.393120423703362,0.2441179976050144,-1.0,-0.5959816685823948,0.36559306994614515,-0.9770716761121164,-0.6612171083578163,0.3832302582238658,-0.9471994281590943,-0.6899067878150642,-0.1047398130141188,-0.7655637536024453,-0.4377742299332885,0.40114276339258037,-0.7077274291810439,-0.640974637460732,0.4206497687358989,-0.5213887201062527,-0.6137137253415079,0.32608290440742893,-0.5241874968559813,-0.5826460719034804,-0.08357923647257905,-0.4862070203511157,-0.49072326207648337,0.4265913118004493,-0.36016970291032285,-0.6524036281414953,0.38870132041479966,-0.2698660757616144,-0.5634652617621337,0.2713862675107492,-0.3143819365401872,-0.49652182404146533,-0.011904794208451414,-0.20492197302228438,-0.5601296796944266,0.38353208401945127,-0.11344506593098543,-0.6638116413032709,0.3425923162165823,-0.089615648018522,-0.6274329705766367,0.2219004045843289,-0.13009808503430398,-0.5957277988563361
FIST,0.0,0.0,0.0,0.1312316356526284,-0.3518281690805016,-0.0769289586894266,0.2894017905028645,-0.6332681504911758,-0.19533277663864543,0.5012217382022488,-0.7557739305829937,-0.30881533490285645,0.6338701911561795,-0.7934231298198327,-0.408556899105431,-0.055922248309821246,-0.9474061521237163,-0.2674819572584198,0.27463189688898715,-1.0,-0.38900855442920207,0.39913429048872834,-0.9572147847019152,-0.4239337677066152,0.42633952981082823,-0.9181930970484644,-0.44755156801027074,-0.07890424118071238,-0.730926177097255,-0.3151264931606022,0.4280422710855861,-0.7045806834244431,-0.4355094211095746,0.42960418413461215,-0.5533036434715822,-0.4129799456018968,0.33880006456760775,-0.5530538867470077,-0.404152122937493,-0.03979378906983064,-0.4572843986544076,-0.36569956268568354,0.44469734253937404,-0.38505210804384155,-0.4589076040627233,0.3814744309819536,-0.2736091852436344,-0.38963601352206984,0.26334814199027196,-0.2811234379669269,-0.3515248817016229,0.025565870748921304,-0.17267812930186222,-0.42904513882835793,0.4036570102957169,-0.13079570828115844,-0.49473697189015237,0.33878832888213006,-0.0735682383701224,-0.4625224085659405,0.21317531268400355,-0.07640187297272702,-0.44261391170560976
FIST,0.0,0.0,0.0,-0.0685804585855179,-0.3968907127375844,-0.057426158925478664,-0.2003447823561377,-0.7790644655561177,-0.10310287725484575,-0.36022073566061424,-0.9704520896184283,-0.14002444356298874,-0.49581420478323057,-1.0,-0.18361503247248961,-0.1091039406374726,-0.7906687028813062,-0.17274728336411427,-0.4170870263146389,-0.8450646779220617,-0.2631712579176773,-0.5126076664105783,-0.8147634930450154,-0.3151596316630006,-0.5318283458566779,-0.8379145039693693,-0.3514461398671967,-0.10961018357162042,-0.5333355194533451,-0.19717887264213252,-0.4531308361596742,-0.5676716572663506,-0.28334362176924605,-0.5530196563419342,-0.5568725367112011,-0.3163676776777038,-0.5789685885784599,-0.5797740176513576,-0.3479526810505747,-0.13285550995933817,-0.25968076401771384,-0.22199369656578072,-0.43044952873498604,-0.29214495849495004,-0.31639297420926826,-0.5375166301272322,-0.3142628715623263,-0.3269758445536134,-0.5857502451577442,-0.3528572588553476,-0.33280583624635734,-0.17076095714580172,-0.008443420091067513,-0.2472844505273425,-0.39417274095727073,-0.05843967245676167,-0.33103656247542523,-0.4887330497623375,-0.0797543425712519,-0.3379974418578151,-0.5515989906371603,-0.11465980849588697,-0.33718186294200575
FIST,0.0,0.0,0.0,-0.08867613870958178,-0.34679940735255943,-0.019651747835129175,-0.21978485075711507,-0.7181695321657301,-0.08052864017084414,-0.3707387195604748,-0.9470017289165817,-0.13940241660623898,-0.48668358223417096,-1.0,-0.19664532793978973,-0.15640888624075977,-0.7834940890721047,-0.208448997928589,-0.6074841624444032,-0.8415200293286728,-0.33489373876102874,-0.545420757266909,-0.7315678764262116,-0.3737040836260163,-0.4304827299961604,-0.704596488513298,-0.3829497380147962,-0.15245934949061676,-0.5535653933230992,-0.25258080485972956,-0.6443934583176362,-0.5969105106703294,-0.36002673373480576,-0.5621019460615627,-0.5322465719944437,-0.3384051169989511,-0.43991649716149644,-0.5197142045212145,-0.3234212817543611,-0.1760261239223195,-0.30526665157811544,-0.29538094470601434,-0.6197484068442247,-0.37252389281729525,-0.39036444732758985,-0.5427684502732208,-0.3166420694357774,-0.3259054695070371,-0.41891525850231426,-0.2969664057986315,-0.2758598784612486,-0.22520776284268304,-0.06466162477665449,-0.33703199857865007,-0.5694002734739654,-0.14020956696098982,-0.41109250125879615,-0.5099073211048579,-0.11584796814339234,-0.3793848870118294,-0.3993552898267251,-0.09943114233589574,-0.34599051253471635
FIST,0.0,0.0,0.0,-0.10615881866332895,-0.37375854310465223,-0.03542658232498411,-0.25095488776681896,-0.7709492661583428,-0.11429366805333853,-0.4062878013886313,-0.9977776436502331,-0.18540205892078004,-0.48918655413463574,-1.0,-0.25164631927761705,-0.1552609546836384,-0.8186882942926723,-0.2722505863839088,-0.6380778210951005,-0.8502211415654065,-0.4022129078027511,-0.56413751558682,-0.7380449402660043,-0.4241479012728446,-0.4439267317028613,-0.7188374842626537,-0.421367789724742,-0.1446985573995156,-0.5816878600425086,-0.31320814544273873,-0.672636027725632,-0.6083552551098556,-0.43675797091294266,-0.567348352779135,-0.5431877721498056,-0.4037005487082647,-0.43622095740926675,-0.5353142894737731,-0.3790076187914243,-0.1702019799281556,-0.3336653724337644,-0.34969349320780424,-0.646775453895688,-0.39676543104358525,-0.4554939490162784,-0.5428881879990407,-0.3442803437992469,-0.3790705461485825,-0.4080365504412331,-0.3216987478704193,-0.32041564080322293,-0.22855157377869162,-0.09149388077343816,-0.3854964793275125,-0.5960288358556409,-0.1847291678506849,-0.46665606530809034,-0.5161928904862794,-0.1578814348729756,-0.4296203785209703,-0.39537265845248043,-0.13080548926277186,-0.39251108067719787
FIST,0.0,0.0,0.0,-0.07968673295157729,-0.38494778166912597,-0.012195395927326175,-0.20888677703338052,-0.7853804417053933,-0.07521303508914218,-0.3636462521164275,-1.0,-0.13663191276356942,-0.47853344993065705,-0.9945088099201232,-0.19847630328254678,-0.13996287396182344,-0.7913744219630429,-0.2244205913256439,-0.5832094128962174,-0.8456799117218954,-0.34695417507606074,-0.5209530256862377,-0.7456199432947713,-0.38327622127321803,-0.4095995282674563,-0.7193446123592209,-0.3921383096343339,-0.13134774388472323,-0.5548782669553929,-0.2735149106410592,-0.6365131866134441,-0.5903933155956553,-0.38413298976217114,-0.5452770212150834,-0.5348728569159054,-0.3666621760664701,-0.4135978050696936,-0.5192006308850281,-0.3553502558030098,-0.15567059443166675,-0.3143762496404041,-0.31718332173536135,-0.6160025533096417,-0.3790393888086606,-0.41312768849596426,-0.5213992823825928,-0.31995374273115396,-0.3473175637072492,-0.3875715076978565,-0.2914560019235696,-0.297194621275508,-0.21016858427281485,-0.08213699422213508,-0.3585273301166289,-0.564714233985639,-0.17296125238120455,-0.4305313418469685,-0.49060184542458074,-0.1287323189747832,-0.38988627335558235,-0.3725914232268166,-0.08989625032739326,-0.3516315692689988
FIST,0.0,0.0,0.0,-0.08458813167310594,-0.36613827272214766,-0.035369767766819694,-0.22156172369030858,-0.7472431922696485,-0.10198674191893302,-0.36701246195556275,-0.9708058867932264,-0.16337776991129227,-0.48051619629575126,-1.0,-0.22006361529401364,-0.1508997047231844,-0.845576741587759,-0.22326921376586642,-0.6137130565360288,-0.8590265163412618,-0.35451664665866406,-0.5413032448235038,-0.7116576868250019,-0.3924662702228229,-0.41808122052631463,-0.68488641031104,-0.40114951719885295,-0.14566862663699987,-0.5989900698253159,-0.26122006368426814,-0.6367471374695516,-0.5884022764063355,-0.3847761139303809,-0.5336613373338107,-0.4993661761981847,-0.36532697761323624,-0.4011910645267334,-0.49061754806759517,-0.34829540649603846,-0.17039719966584593,-0.3346299741477204,-0.2988264178831952,-0.6074560873662084,-0.35564888050331045,-0.406890795257655,-0.50603490753289,-0.2814373896738776,-0.3412622100018741,-0.3697070733916273,-0.26480553682467234,-0.2868442230824979,-0.21621057271109217,-0.0809074582106064,-0.3364989036922632,-0.557382176643333,-0.13641949954496765,-0.4188807691710868,-0.48254923537728145,-0.09809808930348204,-0.38715092146598,-0.36230384738442434,-0.07980923053043665,-0.3511901150154299
FIST,0.0,0.0,0.0,-0.07661884805857333,-0.3836683884092458,-0.0318927521856535,-0.2195994737928002,-0.7824548576419446,-0.09978369218326548,-0.3705926086776067,-1.0,-0.1630868021622545,-0.48489740824307065,-0.9784113992311407,-0.2217200431727311,-0.1372692204277629,-0.8165828352270096,-0.22471995956184773,-0.6194567939256392,-0.8307836024019782,-0.3572677779193089,-0.5416851382557085,-0.7031951989307431,-0.3957566044375532,-0.4165331799865621,-0.6829490340536902,-0.4035550110787838,-0.14591933775368235,-0.5596695986617447,-0.2661073280326047,-0.6489191037635124,-0.5718217488148608,-0.38828538552922265,-0.5410574551132867,-0.49904238470269713,-0.3675904136712024,-0.406080015013868,-0.49260103833889834,-0.34963922468233466,-0.18205728488393427,-0.2943758748315,-0.30647219254387503,-0.6281947327549545,-0.3458970214675454,-0.4137785092859619,-0.5231463797991294,-0.27737188737433555,-0.3465851717500288,-0.38623927269358777,-0.25824514590700665,-0.290376007245315,-0.2384889167458163,-0.04401992706003081,-0.3468860055129456,-0.5724437175443905,-0.11829406128136385,-0.4245907799951446,-0.49374873305451006,-0.08154858183309945,-0.3895868054705988,-0.37532835317237134,-0.0591354514356109,-0.3523191715443099
FIST,0.0,0.0,0.0,-0.08413460898723903,-0.37700153165311384,-0.003856411973352472,-0.22931039191970692,-0.7582690008677266,-0.05772373568485892,-0.38005251182006194,-0.9806609709994404,-0.11493005153036015,-0.4915644222264087,-1.0,-0.16922955309527962,-0.1567356669274282,-0.8421376190672953,-0.16801888530992956,-0.5857526145605795,-0.9185338430906477,-0.291790166148718,-0.5286479361902248,-0.8013002593375163,-0.33715115514700844,-0.41506216606705515,-0.7613395906767357,-0.3516330508951478,-0.16064386859018578,-0.6240561283983335,-0.21925121124459165,-0.6448916532258911,-0.672825308204044,-0.3291645681421782,-0.5482158377274106,-0.6012128563614729,-0.31516454433047,-0.41693628757259943,-0.5812970237465762,-0.3020141082610546,-0.19090770932067297,-0.3945322715179054,-0.2693839089920741,-0.6169260625449533,-0.4519526651254422,-0.36378808752665953,-0.5148581557551848,-0.3863416041667688,-0.3034487986983426,-0.3827533198073493,-0.36573018953419395,-0.25433182788379316,-0.23744363103337912,-0.1685224624948087,-0.318080393053287,-0.5640027201374916,-0.2496234598552108,-0.38633844053523386,-0.48210052883002574,-0.2045025138860778,-0.35012191787103986,-0.36053951728064687,-0.1751460393075275,-0.3130765726748069
FIST,0.0,0.0,0.0,0.007157378584172575,-0.3191889899408018,-0.006124863560438503,0.14781866379116682,-0.6465650192360199,-0.05565688470935967,0.3306178788775448,-0.8209244987216309,-0.10649167875593714,0.4756314946989618,-0.9293492666225878,-0.1379218295123111,0.00024631569936245043,-0.8275893788351407,-0.15274904097666525,0.34353383404675825,-1.0,-0.25502684972668155,0.37107347120100237,-0.9339283725112211,-0.27884102839209973,0.2984722843660913,-0.8724228239609745,-0.2703644551020797,0.04910734818352474,-0.6565098992857243,-0.19702236048016297,0.42985771646072124,-0.8469019652882293,-0.2904297300916914,0.46671986447718194,-0.8269054639548279,-0.28194675963867516,0.424292816062389,-0.8227670145925768,-0.26337295412359624,0.12475006201094105,-0.463767930998638,-0.23877602856357694,0.4943590647500567,-0.5970868017587978,-0.29755287969983274,0.43206990527280426,-0.5081667013608909,-0.22934828852407604,0.316692069219364,-0.4579480745768966,-0.17194624587171456,0.2058562521251874,-0.2606716642300953,-0.28168023887384963,0.47336560294972685,-0.3957917102338391,-0.2862504053502963,0.41453018038603906,-0.34003716136908463,-0.21767193738343363,0.3170824789382132,-0.2955538487592362,-0.16644762672842528
FIST,0.0,0.0,0.0,0.09470989190480432,-0.34584096050615803,-0.056093486153792144,0.2467014901776994,-0.67789081553303,-0.14307340475403574,0.41293413359463005,-0.8892795321055491,-0.22157751052035227,0.45822235312024595,-0.9015252740632789,-0.2859216077640304,-0.05761193854177283,-0.8794910706236747,-0.23833590723178016,0.31855500886905447,-1.0,-0.3293600790498815,0.361167531904387,-0.842895621220353,-0.3498422982742893,0.2785150600048846,-0.7634248273068971,-0.36480800843128935,-0.04292750755093454,-0.6734867836242292,-0.27599382749401846,0.3876329187842855,-0.7605192121829323,-0.3516995031538609,0.3799079736959173,-0.6196289790034398,-0.33209937432452524,0.27691004336487457,-0.5772078542024285,-0.3337910618630958,0.017990497766485595,-0.451487703298764,-0.31061605940875786,0.42276044671893137,-0.5337102982415171,-0.3613383637097477,0.37354127393915754,-0.4212946652724422,-0.30852074362307147,0.26687588058569195,-0.3914073829160424,-0.28912084061957705,0.10426549222249061,-0.2421057925318041,-0.351929053971229,0.39862661401142074,-0.3287940787726117,-0.3718452707651066,0.3381890436749103,-0.25420414046142625,-0.33432860868611247,0.23021716677647655,-0.22220572621786655,-0.31917313874927794
FIST,0.0,0.0,0.0,0.09398907946801148,-0.35534656596459907,-0.05678983686772303,0.21870528517566182,-0.674550195951115,-0.14536306277211683,0.39483578181654994,-0.8523168791427936,-0.22899907612582246,0.5036144899345848,-0.9247826797305418,-0.29955366090509433,-0.07781036812444386,-0.8757439235520689,-0.21869851256915368,0.30065990192978015,-1.0,-0.3218105381265924,0.3236310242959749,-0.8420587032937598,-0.3666322608275413,0.22936062227538898,-0.7764966647290097,-0.39966651949142745,-0.052316458421129766,-0.6583505887649085,-0.2587967931498337,0.38089502924366164,-0.763964628527313,-0.3420500549698336,0.3585876654224992,-0.6286403467868434,-0.3401460790799897,0.2444207749552808,-0.5870828632353076,-0.3555674914285913,0.021269162995285813,-0.4301879013071121,-0.2978697925657318,0.4295514896702313,-0.5261662930424558,-0.3489190022751464,0.37539325204523316,-0.4127753535639683,-0.2955931624621151,0.2572112744991484,-0.3765122314305729,-0.276732297921168,0.11731627260239488,-0.21636200574846035,-0.344986026041012,0.4126111318745043,-0.32168574756279444,-0.3581567878487408,0.35798224694819025,-0.24091896830633586,-0.3117421428081026,0.2472502683853614,-0.2057626246300279,-0.2916687409018127
FIST,0.0,0.0,0.0,0.02266033263888462,-0.4501482105142403,-0.00912986507208336,-0.11189105144451478,-0.844183326265935,-0.02783919872396175,-0.3458149734614069,-0.9769113215625301,-0.0438999768137976,-0.5310754531841191,-0.904455533772946,-0.06873327199342219,-0.2706076118953533,-0.78394655817698,-0.0640003428333364,-0.4772337588112021,-0.9555212769662219,-0.10568856378479259,-0.5441679623563731,-1.0,-0.14060789429731213,-0.5447591655963143,-0.9960094805564603,-0.15928078027456943,-0.3952757002357848,-0.5773531876015299,-0.07507885471578406,-0.57485808868868,-0.7714292737787228,-0.07645131915857603,-0.6115130992692924,-0.8446114672123928,-0.08290566555737805,-0.5905628721907091,-0.8574270163082779,-0.0993242498960232,-0.49009970153045024,-0.3590500597143952,-0.08199878518897198,-0.6518804401043107,-0.5683007720876685,-0.07837400361255292,-0.6300501682860228,-0.6234625335701424,-0.05486282406376022,-0.5626562765667603,-0.629320894712152,-0.04852957728045075,-0.5481830640552118,-0.15628988214857106,-0.0874352597760413,-0.6789360799906587,-0.33593905239502864,-0.07574045666966364,-0.6491210819469966,-0.38682391115972936,-0.03206218692243069,-0.5845262896977816,-0.3899901056422421,-0.0021109742170408213
FIST,0.0,0.0,0.0,0.02130226511859819,-0.404345335612698,-0.018616973946672496,-0.07249225372177505,-0.7771869138352684,-0.024983066677376545,-0.20595565626706555,-0.9436697547902272,-0.03289591956338457,-0.3289942303582876,-0.8680010818078211,-0.03877842349217223,-0.4869615446256856,-0.7313966895790298,-0.00859179555712856,-0.539261536315502,-0.9423555215233753,-0.04923960320248814,-0.5150150918868865,-1.0,-0.0836037076800447,-0.46033519718878363,-0.94847964450222,-0.0988438399863284,-0.5714749982192464,-0.5435342320203244,-0.01857314926399908,-0.600582529026284,-0.7090166975330626,-0.042538355483151234,-0.4819364805185555,-0.7284792215732364,-0.06080804994571237,-0.3674982044067716,-0.6700385978346036,-0.07245097299897768,-0.5848039390269962,-0.3367809465299048,-0.03101444786883427,-0.5901925736638413,-0.5016468261034737,-0.060724101788643965,-0.47345638340812496,-0.5262983919794857,-0.05548987448917166,-0.36726225455279343,-0.47794722143077617,-0.04889853555536821,-0.5552322993090676,-0.13413860495761806,-0.044790304504070635,-0.5641364383740533,-0.2838554651328442,-0.06636230278415943,-0.46770566220291093,-0.3242518608875276,-0.04696041827382216,-0.3800306289621768,-0.3012504600280172,-0.02525687783420603
FIST,0.0,0.0,0.0,0.026289597054898577,-0.4500546979410111,-0.03174642517342772,-0.06744775889752846,-0.8595448840476358,-0.0663791838164786,-0.2754897612568009,-1.0,-0.09359335612471992,-0.45102446384325595,-0.9440035355680068,-0.12617915461542226,-0.41829923694063326,-0.7965702317828934,-0.12406610643977102,-0.5475742391660838,-0.9392492262997368,-0.1938588418221958,-0.5127241736209133,-0.9348464694527671,-0.24647295290843776,-0.44804186873398094,-0.9022910252734553,-0.27667614981493366,-0.5384584396849823,-0.5678556107982599,-0.1383521975993379,-0.6560349406556325,-0.6857054540931293,-0.17604555880009476,-0.568689196807849,-0.6602673252559464,-0.19358965072486295,-0.4604554618060598,-0.6172193480775742,-0.21495278541306503,-0.5890236255410596,-0.33347331237643346,-0.14787835445538633,-0.705854969003845,-0.45118108054519906,-0.1811943820034192,-0.6068572962455027,-0.4395737589010656,-0.16607000092924085,-0.49692180385497176,-0.40398934377601886,-0.1620168805527005,-0.5965811183139946,-0.11337634364652023,-0.15737138746849713,-0.7070642778918724,-0.21340548575053297,-0.16805186787893114,-0.6171344567159187,-0.21315081166556654,-0.12623100810629456,-0.5215092505055654,-0.1942235751564644,-0.09638878371287969
FIST,0.0,0.0,0.0,0.023460333758924267,-0.4638013511160378,-0.023807695379098232,-0.1043662580980678,-0.8548739477568726,-0.02947952170066948,-0.30221894239903907,-0.9895710352178615,-0.027793994842806754,-0.44117454498479225,-0.9031165334162496,-0.01819266106668426,-0.538890562024325,-0.7593485546748197,-0.019557916781820672,-0.583027657677923,-1.0,-0.04730940931417532,-0.48081313209585586,-0.9857739406626046,-0.07946786465067716,-0.39675700099691075,-0.8824829625193993,-0.09438857105996717,-0.6549623622700641,-0.5355941703488132,-0.012677234924218852,-0.6701069631901301,-0.7366324350322379,-0.0018874652601856958,-0.5482653537645645,-0.7384452843345469,-0.0109648007220885,-0.449522719930613,-0.6487194064579728,-0.025311637742470545,-0.6916346463722396,-0.3097193230074928,-0.006045671590385858,-0.7026381882294954,-0.5268355832064802,0.002657315807015979,-0.5890272976877963,-0.5395388178604352,0.020108489191670218,-0.4978677132047388,-0.46152336799101473,0.02442163280593982,-0.6815537502196194,-0.1122668883153107,2.377344003038108e-05,-0.7001688748471459,-0.33033960436655124,0.013939349555369688,-0.6047402217828423,-0.35170566331698655,0.05408340325917364,-0.5269303688804365,-0.2934435479000869,0.0856372792896747
FIST,0.0,0.0,0.0,-0.01453768235670095,-0.5392957158732905,-0.13555127724048868,-0.27570992041392933,-0.9280427350725637,-0.21153224922457647,-0.578638546221793,-1.0,-0.2746983799744744,-0.8130053899956774,-0.9759392108599613,-0.3367169523011766,-0.915517513871349,-0.7351887296192502,-0.1594890140904398,-0.789442169599148,-0.9158635185887793,-0.3522581231233068,-0.6071742133752261,-0.9097311583230836,-0.49626295572233564,-0.5016048835524614,-0.8776058168677798,-0.5789344324694725,-0.9776221199719008,-0.38293399037668147,-0.1573843961489485,-0.7089372420233199,-0.5759520240029555,-0.31719909541650537,-0.41887784787060023,-0.5979377819701628,-0.3826938248273551,-0.24858195400929228,-0.5860173211756383,-0.41278919300080413,-0.922208766483211,-0.05554522416269601,-0.1740605521861076,-0.6066392521910724,-0.2438246384275631,-0.3370042820471623,-0.3351005831725043,-0.29414489221753626,-0.32369864944932997,-0.17061622243616237,-0.2965474811704133,-0.2911803446032198,-0.7964462722977356,0.23615320530494033,-0.20448595538879508,-0.5304347045722978,0.05509302491383535,-0.3295691691494127,-0.30012020423252517,-0.02070843219479168,-0.3214952998843536,-0.16802567414831238,-0.054652791245980936,-0.2865551178180673
FIST,0.0,0.0,0.0,-0.040750215942914045,-0.5096313290529871,-0.148708954567112,-0.3204392031293842,-0.9083411732990025,-0.2272823283931803,-0.6339415496173546,-1.0,-0.2905543758896179,-0.8896495947975638,-0.9249748295839041,-0.33807670603744944,-0.9776008054533151,-0.6413292730563762,-0.1906337039632971,-0.7235853675981097,-0.7547947579513757,-0.425776006217356,-0.4022568097666716,-0.7689061459829116,-0.5622361448059421,-0.289961267818729,-0.7990946902800931,-0.6276134122065397,-0.9765741825804215,-0.24224943744807742,-0.19544199273261506,-0.5519825485115069,-0.48460780915597956,-0.38102063377772377,-0.24692095664086355,-0.5209946028025814,-0.4203866831502514,-0.16939029824879925,-0.5287949560136663,-0.43254633235992784,-0.8653622064139171,0.11968849203074367,-0.22889796307278704,-0.3961917022903703,-0.15649781856393835,-0.41405408842421004,-0.15048002596816698,-0.19783451895621174,-0.3915321365203363,-0.10206975093666958,-0.18415556692579815,-0.3537513419604472,-0.688877426950776,0.4298485373650013,-0.2780785835029123,-0.30072677857186086,0.17194007515363582,-0.4020028233013289,-0.11088242252188313,0.1013605779017501,-0.3997795740894518,-0.08525591298463367,0.0978339687831823,-0.37341569514952516
FIST,0.0,0.0,0.0,-0.025300097197789553,-0.4463210936406476,-0.14161009112250822,-0.279325699132049,-0.8548812761191364,-0.2391849326385018,-0.5625546884183973,-0.9989811044265005,-0.3147859774169943,-0.7972637610201154,-1.0,-0.3736229285811653,-0.8401410449661633,-0.7243315338666135,-0.3078967680398187,-0.7117432602103945,-0.8053064936412211,-0.5332925186535932,-0.41668554234359534,-0.7820593055088912,-0.6296257522434184,-0.31284134239817624,-0.7696308126115761,-0.671827030645882,-0.8310095615621189,-0.3580261941396171,-0.32717755522461983,-0.5539241815536894,-0.5703422410020365,-0.5160942247367568,-0.275297295169799,-0.5499992571367653,-0.529733975687296,-0.22378663716761105,-0.5066806863639243,-0.5331440111700931,-0.7200349171785689,-0.018537695878047402,-0.3648946113905541,-0.39353844525762627,-0.24106719992951922,-0.5459814372454268,-0.17765717617614146,-0.23122074324378922,-0.49348971104761197,-0.14943853875413235,-0.17361678214062948,-0.4489474685859144,-0.560889632157585,0.2890551222765917,-0.4163700811342559,-0.2661892706047454,0.07401785009124186,-0.544932827142539,-0.109225657609904,0.07675627856276555,-0.5316577308114232,-0.11315944425489123,0.13748182917429838,-0.5075787313465453
FIST,0.0,0.0,0.0,-0.03234260202801338,-0.5369096689585647,-0.09217266086160354,-0.30586883375047186,-0.9230848540524264,-0.1412794554646964,-0.602326956605227,-1.0,-0.18343955347225072,-0.8159227089929542,-0.9447555102655357,-0.22289073421616112,-0.9239985947486368,-0.6907688732458906,-0.12611759925638752,-0.8223772641676177,-0.7755476443492093,-0.2722894996570151,-0.6012664718807893,-0.7899231039471416,-0.3826464981470245,-0.4648681704020023,-0.7931574732533097,-0.449897745198506,-0.9458579997861574,-0.3488323757694515,-0.13531649619407424,-0.6667863166921605,-0.5259349613010358,-0.2469026463944971,-0.41064216059579167,-0.5741259183775893,-0.2984596809977209,-0.257979820241293,-0.5822644840174478,-0.3323469821295592,-0.8634604096613213,-0.019711159746967473,-0.1575236000233842,-0.5337612185536821,-0.22050990549466376,-0.28545034897762844,-0.30576736761943,-0.30457077644501956,-0.2921302196519527,-0.16246200475254266,-0.3237767876041119,-0.285116612007298,-0.7223496610158396,0.28180199484595697,-0.1890107123245706,-0.43156982288159446,0.06548984138552548,-0.29797614851437554,-0.24226893543480965,-0.028558897270451973,-0.30865890238154436,-0.14591375160654707,-0.06637139658855593,-0.29477372603777274
FIST,0.0,0.0,0.0,-0.12439489976494965,-0.38127681432539245,-0.14563928986428662,-0.24202031684657574,-0.7048254136138477,-0.2893319868584813,-0.32949042080406943,-0.8881468083976588,-0.4225829965780139,-0.37255480986279516,-1.0,-0.5584317583643966,-0.6236978221268101,-0.5065291764784927,-0.3289903334759344,-0.318530344686334,-0.7575882034849005,-0.572916404504705,-0.12601066775323722,-0.8840434512630841,-0.7426332712368983,-0.013767080163115626,-0.9737261603782479,-0.8436762733143143,-0.5642530567924567,-0.18980505667108447,-0.35128537151854694,-0.1775004036710769,-0.4910986463743835,-0.5662162096589074,0.005007146874502184,-0.6492182327117701,-0.6403726861143177,0.08837660289927946,-0.7571717991592805,-0.6875104278970376,-0.4345971579388826,0.08447345578203279,-0.3866785877854618,-0.0645377939077636,-0.21155452918948267,-0.5714381285107261,0.08165615676959105,-0.370668121688678,-0.5604221073746168,0.14186437518761222,-0.4668366600526019,-0.5395764923261925,-0.27959179913760684,0.2966494758778085,-0.4370871828367254,-0.010542317191186208,0.070045330365493,-0.5466974939506299,0.0931588860195431,-0.047717172330162844,-0.5237079858766666,0.12277804809591875,-0.11901686315604677,-0.49673358051938243
FIST,0.0,0.0,0.0,-0.048526281085017185,-0.3398716969185864,-0.006936597979832831,-0.2306505433218937,-0.6892289717651017,-0.0009905134318308952,-0.4310090363684754,-0.8124537417748176,-0.005121965829101926,-0.5576750247998016,-0.8301886242443093,-0.005896456894796695,-0.19419082685730327,-0.9959818928654404,0.06566665774838933,-0.48748641221569866,-1.0,0.046663623070352406,-0.5194237176177848,-0.8130102251265205,0.014344252330153757,-0.4487506234566624,-0.7209368626057472,-0.006759037176228895,-0.228250289829006,-0.8176862594086934,0.0485583701765078,-0.5331501126230188,-0.6952115321773599,0.05005278504694396,-0.49902010540243597,-0.530507909846782,0.02956333367131653,-0.39210708966786195,-0.4903915526468523,0.011474507002179843,-0.2725538271566791,-0.5952541210813326,0.025049890947270764,-0.5369676642070433,-0.4723736186663581,0.016915751440625758,-0.490270286500017,-0.3393044278759389,0.008297410475201477,-0.39065889202969506,-0.32539030354723886,0.001779315940269175,-0.32171034239904667,-0.3793578199611657,-0.00023064044966491677,-0.5009650278343702,-0.27656552117770417,0.0060101362978727665,-0.4635375142363833,-0.17720540415587246,0.029957079712312068,-0.3848287888164628,-0.15511281103965024,0.05262272642671367
FIST,0.0,0.0,0.0,-0.09608131709104675,-0.4337068394846328,0.003628300945106972,-0.28752349192320775,-0.7889445132106707,0.0012301491791132158,-0.4458480675114012,-0.9614848383447706,-0.013942399697717866,-0.5727340394204075,-0.992803019423681,-0.03489004537748787,-0.5171527806374301,-0.8124334950618083,-0.0027528884261797813,-0.655496201670483,-0.9955966161249322,-0.07363421651703517,-0.6716390588627746,-1.0,-0.1457974921744024,-0.6731907109881816,-0.9662605633632233,-0.1955444403438924,-0.49817168733171546,-0.6374861020899896,-0.049248791354317596,-0.6382799223343436,-0.7910387591212333,-0.09143194366156963,-0.6462617260641915,-0.7935790531115573,-0.13970662389285024,-0.6451163271937417,-0.7629674897043868,-0.1857052347939331,-0.44502656391066164,-0.4193170308354526,-0.10001484389455968,-0.5785572334360962,-0.5401348110247582,-0.14605848350501333,-0.6033082302964576,-0.5276734941897826,-0.1493126079790728,-0.6172530289917411,-0.4904881717669214,-0.15943725488651317,-0.36887172674589414,-0.1835641836887588,-0.15115981237532822,-0.5041159960315909,-0.254946410212667,-0.18377086026649664,-0.5275395759532677,-0.26410683284062725,-0.16097186444564535,-0.5464272379311812,-0.2523414063767919,-0.1455232755528308
FIST,0.0,0.0,0.0,-0.10128216645809089,-0.27099857603385286,0.01437134368711867,-0.25545672124855356,-0.5208146483167742,0.005388256740756021,-0.3789809344930803,-0.6964483818987071,-0.011694980750256517,-0.48147486002839573,-0.8232774740255263,-0.034064447846371394,-0.35203809818292847,-0.5312566687787886,-0.03477325508893005,-0.49796970661999507,-0.7477935389364158,-0.09428278814085272,-0.5734748325698157,-0.8890297301806506,-0.14177363353979455,-0.6291100942814224,-1.0,-0.1727197983820077,-0.33929910780507155,-0.4668606277091098,-0.07472410404405645,-0.471713931737373,-0.7072213976357565,-0.12123021331696818,-0.5467421140898033,-0.8524665415709471,-0.15534331125366482,-0.6092414238945161,-0.9734717285564158,-0.1823210117527842,-0.30328061385446536,-0.3987096258141693,-0.11418815080154139,-0.4190095749859499,-0.6326343433414884,-0.15352757533834946,-0.4885203735202586,-0.780931568144585,-0.15938552389589355,-0.5462759151541814,-0.9016087444832878,-0.16567861260113495,-0.246424639180827,-0.3246180198125594,-0.15299145215856233,-0.33610018322632945,-0.5108215159464211,-0.18351363190123363,-0.3815274193322133,-0.6503373674563894,-0.17670759752010676,-0.42066604367525934,-0.7651297522370535,-0.17079107563278303
FIST,0.0,0.0,0.0,-0.06971474475322768,-0.2316422960211272,-0.02594468971959503,-0.20644889894843915,-0.48930965208980287,-0.03755517501442793,-0.3219076841213893,-0.6699483318908608,-0.049055426514368505,-0.39931160723862447,-0.8128110884960912,-0.0630273775773478,-0.2865449363739172,-0.569348677762163,-0.03452948306648449,-0.42190823169189945,-0.7717594052482378,-0.08948012139680672,-0.5146692529173429,-0.9012859210280926,-0.1396016156168779,-0.5918831368575186,-1.0,-0.17383617686634362,-0.27726715932981233,-0.5299558110598291,-0.05119828935149881,-0.40401040641649566,-0.7480966288016291,-0.09763776445040775,-0.4957278226696124,-0.8882444019773094,-0.1399306914016028,-0.5799866843735938,-0.9959801882547414,-0.17120606686587012,-0.2535148389997755,-0.4705560063170311,-0.07177901887968952,-0.3710492385065755,-0.6906613137891461,-0.11412358253524446,-0.45340384323636074,-0.8293029459615547,-0.1299227129771693,-0.531712223996279,-0.9293080029362664,-0.1393004417706492,-0.2213344422172998,-0.3900531562125256,-0.09509721846463107,-0.3122053788817515,-0.5777203866620843,-0.1294305437186152,-0.3649306212058598,-0.7064487378982891,-0.13019994067921234,-0.4142577053639041,-0.8050487933639607,-0.12725240083298947
FIST,0.0,0.0,0.0,-0.025798190849167638,-0.4208868870156974,0.021240889440098266,-0.13844514836252547,-0.8105147871970959,-0.012152431660179965,-0.3019540776988585,-1.0,-0.054760346099652114,-0.46700363259173105,-0.9858858934650674,-0.1050691277275324,-0.13178071644420494,-0.8301959765287438,-0.09104065716986788,-0.5011775085731511,-0.9616052223438339,-0.17748378323917896,-0.49161027363344134,-0.9067605166178897,-0.23838080527111977,-0.41231746839744726,-0.8541297047466127,-0.27167272733124964,-0.14912786161243846,-0.6223092818246353,-0.14392983219580863,-0.5379072446725958,-0.7072999843946788,-0.2084560911702013,-0.4997968464454171,-0.67606836908042,-0.2252840439262468,-0.3959016658591476,-0.6457499672074971,-0.24130926909254655,-0.1799346851546473,-0.39318761968374877,-0.19115726828775276,-0.5131747657335585,-0.47409676649925014,-0.24173614927602816,-0.4771438920808505,-0.4442603877584609,-0.20782885679214091,-0.3754818009607048,-0.435601745094366,-0.18579756030276942,-0.21910510770337663,-0.16955163672802984,-0.23483925939165326,-0.48487403590930145,-0.25708753518751093,-0.2663208619977063,-0.43518157448803707,-0.21847378537102452,-0.218491219139167,-0.3367798935212323,-0.18981367104338456,-0.17946456372207656
FIST,0.0,0.0,0.0,-0.026250237199901227,-0.365559917469932,-0.006340693710904899,-0.16454768088235952,-0.7249407559883719,-0.0622144084619664,-0.34759884821582626,-0.9384437413493066,-0.11907968929287378,-0.4931850014584996,-1.0,-0.17519697788534075,-0.0901927871255298,-0.7605119591799203,-0.1665824887682961,-0.47659977772948636,-0.9104233299318896,-0.2724605498523935,-0.45117057075031625,-0.8062892154718737,-0.32105529756640633,-0.36306617593120977,-0.7346853239814869,-0.34506203697093213,-0.11466527348675074,-0.5527530858372631,-0.21335444564423475,-0.5401772722717362,-0.6601912959087279,-0.30898543870852685,-0.4713760418284591,-0.584062095231929,-0.3100958226744679,-0.34823184047493017,-0.5482563611761534,-0.3107707015948958,-0.15437090109099902,-0.3303964742537803,-0.25493649235823695,-0.5121334422070836,-0.4197851063602635,-0.3346121759502717,-0.44697518897642946,-0.35643284410172094,-0.2784979761223988,-0.3309289040865195,-0.3415344517574145,-0.23753572715393853,-0.20275727019849715,-0.11623432285153715,-0.29403060914634194,-0.4761245169473518,-0.19340634211406327,-0.3584983351509244,-0.405381605134745,-0.14561783729481562,-0.31536955997028226,-0.2969084974905886,-0.12466710220758634,-0.2752152758559428
FIST,0.0,0.0,0.0,-0.038825640963472595,-0.3256578716497085,-0.030202845637738673,-0.14488585066315146,-0.6775020433372531,-0.0748479352239605,-0.3000474067003597,-0.8947111860033472,-0.1209272290316118,-0.4331555954262424,-1.0,-0.16372359986685658,-0.09201812811804332,-0.8018766800507118,-0.11345812154728695,-0.43521265063431186,-0.8519969833259852,-0.23091056450771097,-0.43367751576129226,-0.7724411388072014,-0.2904663284733867,-0.3668512954534869,-0.7481507877615424,-0.3158959875853948,-0.0825067999583995,-0.630439567941841,-0.14654801235555523,-0.46164810701791437,-0.6070794856596327,-0.2560908878239596,-0.4177851053634652,-0.5501703897621945,-0.27393154691746435,-0.3255328149435107,-0.554722836694445,-0.27799415518562676,-0.09079946327703442,-0.43025664060680574,-0.184788626403124,-0.42374252610718255,-0.3971982831500763,-0.2889216628118527,-0.37376705891510753,-0.337363115545378,-0.2563492359971427,-0.2778070923741569,-0.3485480342170461,-0.21980843209945697,-0.11054183370137863,-0.2233732898016894,-0.22356049218537602,-0.3829427757101594,-0.2172448731535792,-0.29736117604138473,-0.33513984976606104,-0.16168683631417052,-0.2713144282813992,-0.2417001586816471,-0.1587987282498633,-0.23724901740312462
FIST,0.0,0.0,0.0,-0.06441420620018394,-0.3402024017090742,-0.03654210094414174,-0.1904823775674433,-0.6847765821390251,-0.08178173484696688,-0.34292073018853464,-0.8896179012109136,-0.1251420959146353,-0.42214623409717966,-1.0,-0.1573738974838413,-0.10547713251072961,-0.8336475776938994,-0.08922445011582993,-0.4446526766554261,-0.8398054299509503,-0.18001152259281394,-0.4058248869558553,-0.7259631504828327,-0.22337546680960005,-0.2991867767090742,-0.6921597778395157,-0.2428464862246924,-0.102780957809626,-0.6534541332962907,-0.11493413443047586,-0.4887518681023912,-0.6237492096489884,-0.19635653910037257,-0.40785405330318825,-0.5440665595301962,-0.20895273963757177,-0.2910270012645616,-0.5456691159564684,-0.2135827109154975,-0.11574690565603923,-0.4465465253295524,-0.14464890004350084,-0.46537364442826484,-0.44051381198267936,-0.216789489043611,-0.37647831564224404,-0.3735459337637952,-0.18864429243182185,-0.258771099977008,-0.3766836871551196,-0.16208067725851943,-0.13817850436848558,-0.2361949029544758,-0.17651266635646548,-0.4060667822654813,-0.2592884206391784,-0.22999295383467094,-0.33327844784641325,-0.2150215789776211,-0.20630083507125893,-0.221685675007664,-0.20619569330548743,-0.17551149894215867
FIST,0.0,0.0,0.0,-0.011363970877207145,-0.30589281037500254,-0.011745645433423645,-0.11197665903626268,-0.6525977110001939,-0.026835083387101638,-0.24791337331733812,-0.875944380090624,-0.04507880821943861,-0.3681597595982703,-1.0,-0.05999092358987232,-0.14901350499567395,-0.8863020237919295,0.002824851724749077,-0.38965862262457773,-0.8743590202694809,-0.05823038685726128,-0.38282433794384535,-0.7572308522431901,-0.1109127411712214,-0.32427952467125176,-0.702601489279247,-0.14074836175431454,-0.1978816752252021,-0.7742318940770848,-0.01600230378724415,-0.4379161986810316,-0.7326981373539483,-0.07291992612268493,-0.39710775014559274,-0.6275800410967509,-0.10467346905592229,-0.32247323415527845,-0.5700345750467884,-0.11991242358334758,-0.24437544743776538,-0.6199630912210093,-0.03854287149377718,-0.456033729562014,-0.5985394902995341,-0.09071590497160566,-0.3985049547046554,-0.5104752407401056,-0.07641993644087672,-0.31756298876743433,-0.47083972783037864,-0.05721661977192892,-0.2799173694923237,-0.4523033997531524,-0.06161355882722563,-0.4570194203543328,-0.4782800545407479,-0.09485951250279315,-0.4080498890642644,-0.4064636188144337,-0.06794798970763141,-0.33435736328926957,-0.3776813262882338,-0.034934183492832754
FIST,0.0,0.0,0.0,-0.015560598397689637,-0.40790469508891514,-0.01030205921086407,-0.1663066734100331,-0.773929240302106,-0.05262708295742982,-0.352772568754107,-0.947500249272305,-0.09286981599399896,-0.4701365771969299,-1.0,-0.13622748616289146,-0.1893580547389969,-0.8625218188348952,-0.10883618578135468,-0.4957035065105121,-0.853268710739612,-0.16891196568832506,-0.4435917796601007,-0.7825396463096287,-0.21312630293032822,-0.3562569751196207,-0.7437979248531096,-0.24104489495025078,-0.2364248705285654,-0.6571950198396729,-0.1386745781161412,-0.5385645278902673,-0.6285590378929943,-0.18358224149761912,-0.46283620226735683,-0.5842978870117717,-0.20148066873953818,-0.3614298259418589,-0.5541650699223832,-0.21942498986593667,-0.2840683162286482,-0.4297010053782752,-0.16043616297143712,-0.534201962223533,-0.42259043779424643,-0.19327739498328686,-0.455215677606217,-0.3974127336702614,-0.16763393832122922,-0.3520001249364806,-0.39820319717259134,-0.1541513943652117,-0.3312726822781206,-0.21267913068235741,-0.18061287901604425,-0.5176196477031509,-0.22792018000463707,-0.20457641303060176,-0.44134532563372225,-0.1950796049604588,-0.16481428938673318,-0.35374623238425656,-0.18514505245530216,-0.130781946830725
FIST,0.0,0.0,0.0,0.04340700733496976,-0.39704583074218747,-0.034599715693691045,-0.04989396570878632,-0.7416852155460865,-0.0814430821780791,-0.1785675312876757,-0.8789361861575619,-0.13301783294326144,-0.25284412499030373,-0.9072393876963409,-0.18010122023597525,-0.5142216110112634,-0.9230344213735681,-0.0879823171255484,-0.4376244900427687,-1.0,-0.19954677034555937,-0.3145602896649106,-0.8561184349785631,-0.28986265294134195,-0.2663952153751694,-0.7479230294910748,-0.3488870799420243,-0.6030780840990635,-0.7072773181278538,-0.12486606676234972,-0.38224737478027304,-0.7492410626831606,-0.19161309798297335,-0.257435876534802,-0.6292573129477533,-0.2278585999071046,-0.238216914737386,-0.5516879370709818,-0.2644777979315668,-0.6127487007019431,-0.4494338702319081,-0.1674356423162195,-0.34397313710306165,-0.49424732744940525,-0.23024398114409683,-0.24397024466114386,-0.41343743056495963,-0.2145403839652795,-0.24181406068606093,-0.34194908513376887,-0.21104810957903597,-0.576349948659156,-0.18650235405329718,-0.21625861361333507,-0.32602487762998567,-0.2417029646214911,-0.2523967377398505,-0.22569066911384783,-0.18381304044291175,-0.22298594459283422,-0.22733475939484857,-0.1350750654414984,-0.19961737633186233
FIST,0.0,0.0,0.0,0.0035032241746020855,-0.48916826842828015,0.0059039188013459915,-0.16363313327100373,-0.8433640987620439,-0.010632318457736944,-0.4236300202042131,-0.8880202226457177,-0.034237911223991196,-0.6104363004068492,-0.7777992256246359,-0.06059456336258616,-0.4701104626693114,-0.885946551510503,-0.011252964748387299,-0.6349035717321247,-1.0,-0.05881288224379706,-0.5711269199378616,-0.8894339031406133,-0.10298422549755604,-0.46498926299167764,-0.7744757196150857,-0.1308447332244131,-0.6062341722570451,-0.620642602523837,-0.04151167674324357,-0.7471319336138507,-0.6527886012601777,-0.04557397209622336,-0.6342860785496386,-0.5742635395364603,-0.05729981433951567,-0.5008555813498626,-0.5124399787410308,-0.07719842094131654,-0.6615730306012417,-0.31885791410188535,-0.07062349939520782,-0.7645776520717766,-0.3549746090489888,-0.08920892894978326,-0.6439637225315378,-0.3123993245464292,-0.06977700635711065,-0.5263294792064547,-0.27572913861237097,-0.06315487919166037,-0.6612143622974842,-0.030640155079879862,-0.0959365997358019,-0.7321500436750983,-0.08225459766171819,-0.10068113049218498,-0.6302375556691097,-0.051230429408650434,-0.047718933676985424,-0.5374080032441433,-0.02385131419548216,-0.007007810122603016
FIST,0.0,0.0,0.0,-0.11340417439797701,-0.4954695728347101,-0.08933876467112095,-0.37514490339684137,-0.8678014325923613,-0.152478492046209,-0.5945328035541766,-1.0,-0.2045553211548808,-0.6881550156557358,-0.91461897581394,-0.2526291687806108,-0.937227392522046,-0.4976356808085945,-0.11667290291901962,-0.661695561517091,-0.7340675999491464,-0.2627550731360542,-0.45104987573578204,-0.7128453206864385,-0.4005752184498207,-0.38996112485268264,-0.6418336710165848,-0.49440888490674284,-0.9015155782215492,-0.12202247323612132,-0.1334754106530121,-0.6040118057712455,-0.3568070130830132,-0.23398165725673398,-0.4013527714434229,-0.362752276746847,-0.3097856297152987,-0.3423807768914151,-0.3101251868791148,-0.37273794154472656,-0.7816868391506582,0.21033992016835348,-0.15876329970622768,-0.5242528456318164,-0.03636250498210198,-0.27240160942855496,-0.3511111897876431,-0.07771167160987741,-0.2813824182107871,-0.2954511196117528,-0.037964824080168526,-0.2838842313472288,-0.6299219546683704,0.48017753717063816,-0.19106614592811802,-0.4393658743045844,0.23948635668470683,-0.2702805951771952,-0.2728185635131503,0.17689130783462695,-0.24793590131026336,-0.21411210225660388,0.18308172041972498,-0.2203556418600943
FIST,0.0,0.0,0.0,-0.10040324750785865,-0.4789216966295046,0.04630091587154055,-0.29412107347512,-0.8004512863854631,0.08272669173595797,-0.4950272342120085,-0.9284163139053836,0.10256283492282034,-0.5850194004863244,-0.9575204763224147,0.12349827025050905,-0.7395220873634275,-0.5519345891657159,0.19347787809025896,-0.8137768147854318,-0.5902540656416158,0.23028964752668032,-0.6910553115960181,-0.5977289947294552,0.20078827568339824,-0.5655072885541893,-0.5905712241143206,0.18955622575663042,-0.7713661711951448,-0.3032898768641089,0.17545438444350575,-0.7965798268164133,-0.3277496166745624,0.23878840657771205,-0.6698424595019415,-0.3338992131502053,0.18589701264629138,-0.5486846007380136,-0.32312778496478367,0.14840073349988175,-0.7584627824941812,-0.04902446084720736,0.16085883790659056,-0.7945940426919224,-0.08533246159049215,0.20379088548567698,-0.6866968188695116,-0.10983959798834708,0.17861666703657747,-0.5633195152347914,-0.11571854666116511,0.1655841143294682,-0.719870000462892,0.17965521418938657,0.1520970997762796,-0.8920369968016163,0.12919600991607483,0.21724290629676546,-0.9645568762371007,0.09643300813515912,0.26666247251611025,-1.0,0.07426735174668606,0.30869604746129964
FIST,0.0,0.0,0.0,-0.09936600031942824,-0.529143624090867,-0.0887117299455343,-0.2757001969807493,-0.8756667597554039,-0.14982651203616412,-0.43230012618349567,-1.0,-0.207334059345635,-0.5157260034203106,-0.936571077920877,-0.2590925987973579,-0.7892000097136074,-0.5970669575767539,-0.08789258213712027,-0.5957955491130262,-0.7032399550558859,-0.21078431633592978,-0.3782420332074612,-0.7120597237412706,-0.32159519648682694,-0.2523378037720553,-0.6958188524306902,-0.39247061433539365,-0.7878592516973127,-0.26816888227201274,-0.10301727882039036,-0.5100526496199084,-0.4019486056770431,-0.1918472622628928,-0.28202244777301544,-0.45355261179287976,-0.2590179371157643,-0.1707287914124239,-0.46489511639049824,-0.3136260689462283,-0.6994217601616942,0.044082965414887786,-0.13004706229334123,-0.4369033486727383,-0.09638233505780998,-0.23823815802094178,-0.2313155493371864,-0.1992555080356751,-0.25693619547530416,-0.12021756612491512,-0.23427679858181333,-0.2607671453166642,-0.5794622117323565,0.31110162581503237,-0.16385054726013284,-0.3715994201723605,0.1809448911562275,-0.24047050727556252,-0.2129031263805698,0.09660369322559946,-0.2264939163688066,-0.12024325114438436,0.05542640401321424,-0.20384739092149032
FIST,0.0,0.0,0.0,-0.09692461394783138,-0.4518819364507091,-0.13820775409688124,-0.2880712956728855,-0.8171347074111881,-0.26428171997901556,-0.4710939291049188,-1.0,-0.3797141237465083,-0.6032870239655201,-0.9658338702710269,-0.5036722836308676,-0.5352421769987958,-0.6008784059345491,-0.3179070146914462,-0.8212499426864259,-0.5360346729023835,-0.4976208148347905,-0.7055156170439709,-0.5453293660274091,-0.6109216362891315,-0.5565259045288583,-0.5920634575891618,-0.6724606686429457,-0.5352752378814972,-0.2263077750991223,-0.3313132931219955,-0.8091276994693366,-0.19895508305038526,-0.4905509743233845,-0.6715157570097517,-0.23829415498073056,-0.534385572175151,-0.48894632312307096,-0.279644873029318,-0.5623895274150597,-0.5108176656120968,0.1264600482157983,-0.3523488227114855,-0.7900595337208938,0.13248533375805707,-0.4944618414596605,-0.6631479752019248,0.06191941349511447,-0.4665701001646874,-0.4838887320306863,0.006760829852287837,-0.43563310769146796,-0.48750322765916887,0.4430471998397633,-0.38283056441670305,-0.7300253145006962,0.43950075653917714,-0.48110783904163096,-0.627596666883855,0.3605518512887711,-0.4462761177279797,-0.4845323333019617,0.3010596374886278,-0.410247839813856
FIST,0.0,0.0,0.0,-0.13262528524257292,-0.4357529565856614,-0.027667443750410595,-0.3039200051720794,-0.8281729868997934,-0.1534753922157876,-0.46582333038812146,-1.0,-0.267781863660402,-0.5850323374686024,-0.9027950779044458,-0.3878496514231664,-0.17409219231515205,-0.5289064164912709,-0.45177628332196607,-0.7551580716764003,-0.4749041608899808,-0.6458341986387439,-0.795613789338333,-0.5733240427462784,-0.7182851536775705,-0.6728111448732961,-0.6207079523115124,-0.7265588045670005,-0.13583053777653264,-0.1482729804346941,-0.5008134624315543,-0.8104432903045061,-0.15567192734186247,-0.6971619983260248,-0.7965466792137481,-0.27534522432697117,-0.7013921486754993,-0.6162362586710151,-0.31317323832031935,-0.6811155022900883,-0.1754323834426414,0.18619437919483176,-0.5292041675344332,-0.817135386361514,0.1338131873657594,-0.6533927377178744,-0.7953508753026025,0.01971424261362412,-0.5643016348916682,-0.621930574412095,-0.02758202893969978,-0.47888139146870945,-0.2565248415452066,0.4783728063559109,-0.5543612455011355,-0.7624408862453816,0.41670246416060264,-0.6079464423394626,-0.7622134105314072,0.2971460178580408,-0.5252304661214499,-0.6282215948681479,0.24992110184446886,-0.4543143735316508
FIST,0.0,0.0,0.0,-0.05235945136857357,-0.4466759036516411,-0.09722276137545306,-0.1559070139902963,-0.8090421203266189,-0.16192637796166157,-0.3087950201497301,-0.9845518735756715,-0.2182613605245513,-0.4202832900992624,-1.0,-0.266168491060042,-0.6892681773955925,-0.5958415700058963,-0.046203779609903003,-0.6134153264646117,-0.6778508091566351,-0.12140887770583067,-0.4491164493592857,-0.6551780989245356,-0.21745320893945547,-0.3495105101836947,-0.6067878844976212,-0.2808197092618836,-0.7339563560581572,-0.3336169131035782,-0.03041816512942656,-0.6728480965367803,-0.4105371474609391,-0.07059503972030014,-0.5253140629035428,-0.4052036820159801,-0.1302735204115634,-0.4130645944633317,-0.3615983178508254,-0.17409950067035057,-0.7216415492145585,-0.07919997206163983,-0.023298110648101403,-0.6744299843577669,-0.16261181435284525,-0.05640913937415685,-0.5584396994352228,-0.16103581470369907,-0.05918354696315758,-0.4528735090742819,-0.1226587410520092,-0.05921315279269135,-0.6775287870690874,0.14129866269465485,-0.02648420328620137,-0.6640860907574382,0.06438167698382662,-0.04215156893639361,-0.5523088943069094,0.056310820754303235,-0.01030490297156995,-0.4572122795590287,0.0720062503959288,0.023953392891502032
FIST,0.0,0.0,0.0,-0.017866481894614126,-0.43517648693786976,-0.020182965265842054,-0.12860989312914123,-0.8012272863208935,-0.13016532660823196,-0.30979977735033143,-0.9576135726923668,-0.2279344471518625,-0.4794901057414052,-0.9546990914773891,-0.33746934309236093,-0.0670605676829948,-0.84577103128439,-0.43954711407159225,-0.4711837115120289,-1.0,-0.5400144929978551,-0.46744620240887885,-0.9365755361344109,-0.5178203011390545,-0.3882445001750653,-0.8570820174790302,-0.4957963252956105,-0.07535002010918378,-0.559222528375065,-0.49637173277053054,-0.6273328740222247,-0.6521182410185118,-0.5995636421510351,-0.5678035516894415,-0.5979365743084675,-0.5375570107855208,-0.4229916474454953,-0.5452171816401924,-0.5061969044106395,-0.12709200577690935,-0.25814213239847317,-0.5305017318915211,-0.645521741244157,-0.3491417135185277,-0.6063328132745418,-0.5633893525923168,-0.3220430537870332,-0.5101057651210265,-0.4001835607545339,-0.29502173707008944,-0.45737157906663495,-0.2003878936329757,0.023617733009949505,-0.5585582173365478,-0.5994492440763844,-0.0669948875039715,-0.6375385098453735,-0.5283723641377874,-0.056875229266793136,-0.5857892809429519,-0.38783937009884684,-0.03846857393722104,-0.5457735397979905
FIST,0.0,0.0,0.0,-0.09311272029830857,-0.46727530777486886,-0.07522058321901536,-0.21214228052833256,-0.8514296468688866,-0.18953507772663372,-0.3494440884258384,-1.0,-0.28965538788339523,-0.43329865356232744,-0.9081224947766958,-0.3870377116680589,-0.06718393639542387,-0.8065544006618087,-0.3807467319100195,-0.5669176618966558,-0.8158011752473254,-0.5098638208848016,-0.5300885394751487,-0.6831362197798867,-0.5044332014273571,-0.39980595554008846,-0.6591926140285153,-0.4842803980350665,-0.05087252822122353,-0.5101835734846206,-0.41654439100998325,-0.6128885421005688,-0.5313942634176925,-0.5439795772898759,-0.5421672746964914,-0.450279487516874,-0.48995423505636854,-0.3998039273185692,-0.4413688343086966,-0.44877395774158396,-0.0781203321855008,-0.22040480428211648,-0.4456111716401635,-0.5968653667400573,-0.2892604459253466,-0.5544842999332593,-0.5187248650183367,-0.25195604359448065,-0.4652401023158618,-0.3662350583103827,-0.2389391432414828,-0.3952159797195614,-0.1367958793074108,0.043934883835443514,-0.4779791081509706,-0.5294489736227256,-0.06772073902420178,-0.5684416753368648,-0.4941860889300205,-0.07501411092867447,-0.5310890464054285,-0.37907820768655953,-0.05460051205269229,-0.48928582338678195
FIST,0.0,0.0,0.0,-0.10547794519633175,-0.43527486835755086,-0.06632577352261482,-0.19761569822294006,-0.8220472941719215,-0.15809866164799746,-0.27948261282529024,-1.0,-0.23880560367590883,-0.31237860972560494,-0.9239141989899116,-0.31624626948204104,-0.04741872682482595,-0.7483025236066032,-0.3031240239322737,-0.5035767461963911,-0.7372803930964491,-0.42400568283138157,-0.4559392410810055,-0.6024910980669285,-0.43182387572368,-0.3293439072912317,-0.5854226733464493,-0.4213895406431046,-0.03671131025545252,-0.4709234992687414,-0.33376837051681046,-0.5160600241135553,-0.4897199398164014,-0.4437057579508058,-0.43704466340211495,-0.41168223236044993,-0.3953150527993158,-0.31186962731617207,-0.4007115186623214,-0.35868235987680813,-0.06336625525878777,-0.2089438345934366,-0.362745462150033,-0.5128973275732805,-0.2788109165083435,-0.4561673635104749,-0.4368859610822187,-0.2317772042512066,-0.3763914155710978,-0.3041953623601051,-0.21527216298199897,-0.314185854483302,-0.11492631031538172,0.024098683098520923,-0.39636437649211914,-0.463755183570494,-0.07198392821019349,-0.46623038212742135,-0.41937978409341914,-0.07218411621667171,-0.43189564400459485,-0.3075731191341233,-0.06101194254525939,-0.3960813394169775
FIST,0.0,0.0,0.0,-0.10762721546970593,-0.4372792867897604,-0.06123678716713491,-0.1982802335440307,-0.8207211164206242,-0.14763344046277388,-0.2687479134783614,-1.0,-0.22431916695573692,-0.29728811204614536,-0.940579378130146,-0.30086382071227086,-0.030435743034865386,-0.7369329514646286,-0.28469093003265,-0.48081233852861366,-0.729213881780247,-0.3996453478209465,-0.43710429406456186,-0.5982960071265181,-0.4159823244769654,-0.3132338757413014,-0.5826262084132333,-0.41415682557440253,-0.01961954448666514,-0.45487482954569414,-0.31417562880933453,-0.5007161371262384,-0.4794323681959399,-0.41477996448920235,-0.42424654603867124,-0.40122341728411387,-0.3741786468279137,-0.29637621089754834,-0.3854318023053377,-0.34800773342066427,-0.04623608341268195,-0.19788448822311078,-0.34154962932093375,-0.49112207613695946,-0.2650290514584771,-0.4236077900194194,-0.4149208395443228,-0.22089763124321085,-0.35214749899536824,-0.28280530692342476,-0.20333282128167485,-0.3014835906535523,-0.09501571759451025,0.025073985324557457,-0.37335778067597125,-0.4350385073673149,-0.06967502590595212,-0.43381985163295217,-0.38034150145406354,-0.05540347238888677,-0.3988858503089213,-0.26280630452738174,-0.027205503361241844,-0.3669731153514972
FIST,0.0,0.0,0.0,-0.11799630386304878,-0.44420412146627736,-0.08229171992270479,-0.21366854471021846,-0.8283038806537174,-0.20118327494846724,-0.2866824287553873,-1.0,-0.3009577291715996,-0.32381984765826055,-0.9313128798284359,-0.39793283553769054,-0.013310334214263812,-0.742233133505605,-0.40263988109932286,-0.4878432644278352,-0.739814354917272,-0.5260038408582333,-0.44303849444961785,-0.6066146857500871,-0.5178308979390973,-0.3203522748307038,-0.596087332301077,-0.4991707628381947,-0.0028822086036237467,-0.4574149277579825,-0.4303564569846875,-0.5161636097007015,-0.4891186222294665,-0.5450783422095874,-0.43588868857157875,-0.406698099151717,-0.4788077499949415,-0.303774623970755,-0.3934838919058742,-0.4357792783572236,-0.03616954736651368,-0.1964646181486216,-0.45110977932927127,-0.5087181208688097,-0.2684108026506836,-0.5389756801077347,-0.43145444454441695,-0.22573633032747337,-0.4393791883119614,-0.294365184152414,-0.20628547338955944,-0.3724327564905139,-0.09420662966995391,0.03176781245978559,-0.4778416289496823,-0.446065343632156,-0.06647915072573611,-0.5540585616101402,-0.39676191155428653,-0.0680236840445587,-0.5171591594828734,-0.2807989781533209,-0.0511063378830931,-0.4830131298142499
FIST,0.0,0.0,0.0,-0.14236392345826387,-0.4488185748022179,-0.06754636379321736,-0.2339824077452536,-0.7552908208989387,-0.25979936699758027,-0.29830708610747103,-0.9069284823803485,-0.43320719528321977,-0.30399366675788064,-1.0,-0.6002402654356169,-0.011547371075127912,-0.7290342908155227,-0.6293822806680026,-0.49801165717536555,-0.7239230694415474,-0.7777638810964892,-0.4770604337942851,-0.5828104913166365,-0.714853299530718,-0.35014209663526963,-0.5608754823148026,-0.6527851482108481,0.0032317868106800803,-0.4292310533701527,-0.6941804425159426,-0.5262125703538951,-0.47235264272371985,-0.82196586429665,-0.4494093023349269,-0.3781923683194312,-0.6615498874139829,-0.30334266090550743,-0.3636107712687028,-0.5546509577017076,-0.03520210424554324,-0.16107735495040587,-0.7415287910881962,-0.5210951039287834,-0.23825934459220116,-0.8232207394415147,-0.439962875071662,-0.1781723950167533,-0.6113019887515045,-0.29436694758354803,-0.1516591661792359,-0.48181601239396477,-0.08647625487650248,0.07175270509820451,-0.7959889495897663,-0.44558428997108324,-0.010246228247061392,-0.887958785884168,-0.4033822979735461,-0.03326711587953046,-0.8098288517846628,-0.295905293745212,-0.03135754215640312,-0.7464179058608864
FIST,0.0,0.0,0.0,-0.11719519013333465,-0.4323512323590464,-0.0807974686205896,-0.20740899252516737,-0.7699672621307406,-0.21034405118490193,-0.2920489217733737,-0.9599331531190174,-0.3235237263462981,-0.326166568956092,-1.0,-0.42934359424272445,-0.02581770692535414,-0.7638858977786965,-0.40324028529262884,-0.5106227208837318,-0.7621390075182205,-0.5430070130990505,-0.4723442565927784,-0.6273618639786658,-0.5399791788017225,-0.3428121542196172,-0.6128369685282786,-0.5224620966518596,-0.010309685478664043,-0.4747167964214656,-0.4421665406804447,-0.5340102831472374,-0.495499714555941,-0.579040942451093,-0.4514175896516024,-0.4092739147728595,-0.5177480835864096,-0.3130560459221096,-0.40490279263386886,-0.47268857210698784,-0.035231832072749325,-0.19578303134324257,-0.47596694003885115,-0.5171643973486612,-0.2639654598471671,-0.5874167589100892,-0.43313884944718845,-0.21629214222685963,-0.47822648172131876,-0.2899568237558541,-0.2037639861533567,-0.3994815699288512,-0.07934449701660673,0.054644660848122174,-0.5152359547150251,-0.4426624974949269,-0.04733263821395109,-0.6124450058138821,-0.39989359428989724,-0.06294923476665462,-0.5732382296320379,-0.2897954880988099,-0.06923732359309673,-0.5313226046001156
FIST,0.0,0.0,0.0,-0.12043330955238617,-0.45660286651526344,-0.07699339063129684,-0.21339800432342565,-0.8119539504896613,-0.20123786939038743,-0.2997531158580824,-1.0,-0.31127847464800046,-0.338635706199355,-0.9998569846619758,-0.4157893091724415,-0.023967678423721536,-0.7698690363002377,-0.38633037471088216,-0.5227495756378344,-0.7603872787224989,-0.5292269545125342,-0.47563593888085964,-0.6327646326310674,-0.5332553389089729,-0.33849131729872983,-0.625012794735629,-0.5192386270475182,-0.008598721652758429,-0.46333804831588865,-0.42853014620500784,-0.548148176636854,-0.5003351218034108,-0.5650982560922136,-0.4584780541782538,-0.42393031752097227,-0.5103142062307924,-0.31521173879564385,-0.4174810565113872,-0.4698140536279874,-0.031293711912826025,-0.17424938237757642,-0.4660604366942681,-0.5308538147542051,-0.26018956812169985,-0.5793091347629566,-0.4416219137078526,-0.22163652291967764,-0.4766818666333726,-0.2954192511391641,-0.21350514220630964,-0.4007626442016668,-0.07458137245825674,0.08431223934932691,-0.5087045556898422,-0.45111224231622216,-0.03329658595521252,-0.6020081907683235,-0.40110972869666217,-0.05714339087003928,-0.5610760252562277,-0.2831404805656001,-0.0674598349692006,-0.5183719639887426
FIST,0.0,0.0,0.0,-0.12732197243469098,-0.42874687675207446,-0.06959777174214239,-0.23099488185909436,-0.8102167493856713,-0.1863115955443552,-0.3024238209398217,-1.0,-0.2895839488973491,-0.35340611873234556,-0.9735667129277216,-0.39013959093476674,-0.050112886165775514,-0.7734278364214292,-0.40755153227145724,-0.4901593404824749,-0.7713256204432063,-0.5437618517980983,-0.4612921008913256,-0.6269933695095689,-0.5364984243689136,-0.3497599237136635,-0.6173002299433739,-0.518395460803368,-0.020630764535782328,-0.4812350168173811,-0.45217035034475417,-0.5228236153426403,-0.5292928912558339,-0.5794374378368731,-0.4621007070423382,-0.4193746194157271,-0.5001876344612465,-0.3326467026110591,-0.40731113305856903,-0.4427750776024595,-0.0405480781562649,-0.1985137701600488,-0.4917200452599469,-0.5130953792825557,-0.2911924095137847,-0.6019376507227109,-0.45305071872739044,-0.2341028950793782,-0.4846607428795699,-0.3154649953410471,-0.21835182330952843,-0.3982894715253469,-0.08401417909020767,0.04517644162248958,-0.5354208339949751,-0.43908039398641313,-0.07756591840283857,-0.6377506891395304,-0.422891629467539,-0.09642414998278645,-0.5991931369034263,-0.3244142812540745,-0.09489163864169849,-0.5568317221168201
FIST,0.0,0.0,0.0,-0.07470624636573664,-0.4153859750703708,-0.05071165300283953,-0.1827279954834441,-0.8016267332754148,-0.13089341758134404,-0.29358513925054397,-1.0,-0.20565992898751195,-0.34009184941273707,-0.9741249371987486,-0.2804809123026619,-0.026432933123129606,-0.7230745065617922,-0.26873590112919393,-0.4542434454492797,-0.8152686518035048,-0.39758242029321594,-0.43278063473117384,-0.6918600160895303,-0.4306823965907971,-0.3275463976977052,-0.6609575859587453,-0.4406913627658557,-0.03420154985210629,-0.45179857924412153,-0.3089198887875726,-0.5264345392756878,-0.5628678449712997,-0.43228223436115204,-0.4703546107546932,-0.48388330239133054,-0.4087330451977563,-0.33575584152880683,-0.462128364096829,-0.3900284788950511,-0.08106100955391707,-0.20315056845582818,-0.34831178240657007,-0.5306442514029056,-0.3413052770787506,-0.45742587999744283,-0.4674438779408619,-0.2880583271144113,-0.3934555417090419,-0.32557310886587154,-0.2705652665857697,-0.3395767834939491,-0.15198782794443524,0.009041128844652184,-0.3901243263921561,-0.47951226116271223,-0.12529450591768376,-0.4716031827115963,-0.43868995827654944,-0.11562288669104376,-0.4419125329108677,-0.32281656669762654,-0.09224653052514901,-0.40955523057395415
FIST,0.0,0.0,0.0,-0.1019264055054874,-0.4253621174126854,-0.04794875415715671,-0.19610669613099127,-0.8200636728376531,-0.1268371402065228,-0.2766395449704326,-1.0,-0.2001244958809472,-0.33025557957556334,-0.9060639641527709,-0.27440698932416124,-0.038538593147442256,-0.7189593641476655,-0.26916770874727236,-0.4827977176330332,-0.729051979519091,-0.3902199065402076,-0.43911756281953257,-0.6035127299351613,-0.4137966266374063,-0.31888154034242644,-0.5922085020665608,-0.41652170645228037,-0.04055405630802202,-0.4422115888961738,-0.3099875525596438,-0.5179386732661828,-0.49394203667799563,-0.4232281589858082,-0.4376871098273577,-0.4125233994859288,-0.39068988661931936,-0.30528963032360884,-0.3946699363166793,-0.36778677252530867,-0.07346875472533548,-0.18946759003151512,-0.3485646779537458,-0.5162416677912322,-0.2814308031822989,-0.4452897968108521,-0.4310840427115221,-0.2235507221637171,-0.37730004423519103,-0.2952220609125122,-0.19860007248028927,-0.3249206114224954,-0.13095093363208668,0.03445610161384099,-0.3901822242695771,-0.4632557487491257,-0.07097413174452792,-0.4582040492740756,-0.4000964099477455,-0.04888892125093919,-0.4238286103854113,-0.27761350416982655,-0.01497623764513801,-0.39159530941822074
FIST,0.0,0.0,0.0,-0.11428740966206011,-0.42848128912701444,-0.036657031089038,-0.20602817187133174,-0.8112402522754839,-0.10479278756610866,-0.2914324069272497,-1.0,-0.17127610731272305,-0.3494528303480727,-0.9301568522133181,-0.23809453241899398,-0.06650148552997741,-0.7539970311753873,-0.2203184969178133,-0.5171355374135449,-0.718020796751984,-0.3418212425130354,-0.4680873707554954,-0.5908041683846625,-0.37387195493543235,-0.34137494266855545,-0.5894058893251934,-0.3812467839789362,-0.05475624334677277,-0.481315254389624,-0.2650095173366763,-0.5448248651558909,-0.4758858697029541,-0.3739541690760381,-0.456499821796786,-0.39595839697405516,-0.34966964474711176,-0.32448179472075483,-0.3929990362772508,-0.33156282216078553,-0.07302055594467603,-0.22206480639948833,-0.30967946167288407,-0.5290145517577352,-0.2594681761167399,-0.40600923606096717,-0.43660562547354054,-0.20327318530936656,-0.3468298313070216,-0.3000388804373281,-0.19642072958721157,-0.299166125230006,-0.11490958955664428,0.017945674742222237,-0.356625100388359,-0.4657593635650095,-0.05171199771100969,-0.4246508279566502,-0.3987330080978316,-0.03149765395040542,-0.3937124159570319,-0.2730176006482376,-0.012019057075222078,-0.36216921328254087
FIST,0.0,0.0,0.0,-0.10286824123055484,-0.42973345758748227,-0.024474322491092347,-0.20782267661395176,-0.8089340707142134,-0.08525211014585084,-0.31591994994189,-1.0,-0.14577822710399466,-0.40974689760739236,-0.9529631071992939,-0.20605483124937346,-0.1064776616163593,-0.8096646942209653,-0.20128163712991864,-0.5539474858585179,-0.7405376043928761,-0.32259852650918,-0.49794464560384216,-0.613938035526081,-0.36129915435148013,-0.3720935027855583,-0.6182467301615997,-0.3744863122332318,-0.08697566644294606,-0.54645878972327,-0.2507415637582713,-0.5818244680171942,-0.5001935202224587,-0.3595974831123975,-0.491150668185737,-0.42171883720510644,-0.3429616671916383,-0.35830989981364875,-0.42558384694465523,-0.3307219701729167,-0.09654564155115644,-0.28779529067025134,-0.2992654183550224,-0.5578249633714202,-0.2842726651681762,-0.3913529617846827,-0.4683912274588802,-0.23283710596366566,-0.3312137878669768,-0.331262743877589,-0.24127874758339488,-0.28536939562866925,-0.12789993365106575,-0.04170290363052569,-0.34920331625606676,-0.4922077915071806,-0.08435791356847994,-0.4186105413666898,-0.42225039592673047,-0.06215137063687125,-0.3852866707536452,-0.290678223493349,-0.05792659370661567,-0.3514077144908938
FIST,0.0,0.0,0.0,-0.10491243138005717,-0.41978279104134847,-0.02122922774831023,-0.21826736205132927,-0.7971925378520606,-0.07890269906785502,-0.3416206915293941,-1.0,-0.13851458354494792,-0.44826015913020445,-0.9837983240844431,-0.1967850555590776,-0.15312499540942315,-0.8431087729228925,-0.17494157598996016,-0.6024441700163596,-0.7632413047129433,-0.3035829592690961,-0.5380575959479529,-0.6239122781159979,-0.3525961199020718,-0.40517557548695615,-0.6300075848571192,-0.3712427064470543,-0.12564274196746983,-0.5963611048135198,-0.2246773546276924,-0.618503232010937,-0.5173833516058695,-0.33630309150708926,-0.5200802849046654,-0.43403696063170255,-0.3241330744130052,-0.3836143092809957,-0.4413665816777469,-0.31367935158983223,-0.12583934107227063,-0.3422825915042745,-0.2761029705117249,-0.5854060297900282,-0.3033013714929829,-0.3718818983684225,-0.4880008441764799,-0.24294385491916423,-0.31369658155496344,-0.3461476123858905,-0.2545689093328019,-0.26777425631883645,-0.1463216380941002,-0.093827473635399,-0.32899011895310776,-0.5173856774981429,-0.0987193147480667,-0.3975595654446094,-0.4401604229108713,-0.06494368647559748,-0.36428345314171656,-0.30172233547005306,-0.06212923440929926,-0.32935580430542166
FIST,0.0,0.0,0.0,-0.09444592005772284,-0.42592321643644865,-0.015257746368154527,-0.21535759403351826,-0.8080065406957715,-0.07147897284057585,-0.3299786636751064,-1.0,-0.12999508441941982,-0.4173897083030804,-0.9716328231089086,-0.19007640692542033,-0.14371214501113885,-0.8627316052032047,-0.18191559314985262,-0.5674104672973833,-0.7785175925850827,-0.31033556641254895,-0.49443805201250485,-0.6725871365252094,-0.3712379405121703,-0.36833793867305803,-0.6830319665521223,-0.4033204377326492,-0.12043908035068746,-0.6159670354450967,-0.23545772068843876,-0.5855760721504856,-0.5276856521788833,-0.3463105427078275,-0.49111188698779235,-0.47516415124452105,-0.352027105447537,-0.35949098601103713,-0.5005046214228095,-0.3598158635053382,-0.12522607058901067,-0.357692064763464,-0.2878816533916175,-0.5666226409515277,-0.31391456771765314,-0.3803436062519361,-0.47566944323936616,-0.28008503875235796,-0.3372726686076633,-0.33340892702534947,-0.3195029234705513,-0.307404080928805,-0.1529136706199975,-0.10595421346913546,-0.34047257449766793,-0.5111093669142185,-0.08836300146254954,-0.41273175659265376,-0.43345610336465584,-0.0730920964272369,-0.3882191235583466,-0.29187561105876747,-0.10461230302984244,-0.3633971013596022
FIST,0.0,0.0,0.0,-0.06255663850510303,-0.4821919703282794,-0.0007818703420217753,-0.23126396727627524,-0.865254139676724,-0.07135232027764452,-0.41167348918787317,-1.0,-0.14444151156358767,-0.5344001026272953,-0.9352165198255336,-0.22672561373320427,-0.1775583235672858,-0.9384367254579682,-0.22317090954541338,-0.6096832265924143,-0.9393907814605376,-0.32642936045220844,-0.5468773329579271,-0.843904127579623,-0.3757716300999421,-0.4260292743750491,-0.8107524335893531,-0.40764741511647884,-0.17442678938063452,-0.6588244238336658,-0.2830788504542744,-0.661644693821459,-0.610384066198262,-0.36360905389887055,-0.574417739408333,-0.5733302191677804,-0.3611910810804776,-0.4291178440467332,-0.5694429970583019,-0.37389570339191974,-0.19748654540313207,-0.35299493140608534,-0.3324625610526147,-0.6402629915856588,-0.33641017155944125,-0.3919236976681932,-0.5510523563751113,-0.32433912348732913,-0.345521221632337,-0.39623947750274396,-0.34797432976880216,-0.32441715091213597,-0.23451190178007167,-0.05925857873384489,-0.37951807486250677,-0.5740744803579035,-0.08083301186125326,-0.4359929872423204,-0.49571345167162434,-0.07248266031401271,-0.40070879830571343,-0.3575598349431314,-0.07712648448493468,-0.37286303146834665
FIST,0.0,0.0,0.0,0.08457551336645953,-0.45639808010484895,-0.02365970564686074,-0.032704695144595834,-0.8292934105916836,-0.034859653827652604,-0.21668407257545844,-0.9355902986298391,-0.04045750585775186,-0.33959561999257887,-0.7983674483358588,-0.04892303939633655,-0.4699937862720647,-0.8166056157769661,-0.053045089118470695,-0.35136540239846425,-1.0,-0.09493946687051533,-0.24441652273976633,-0.8902116187084821,-0.1482654487918341,-0.21764556687522718,-0.7530896211488342,-0.19165460532364273,-0.5603878237447741,-0.5752461619537085,-0.06114189957577866,-0.4199987657771792,-0.7092145781601589,-0.05767791789088774,-0.31268025058826815,-0.6376343894250779,-0.07499760930046016,-0.26922124485733917,-0.546456888770482,-0.10837323061406783,-0.5697044699226054,-0.3222109128971708,-0.06758973231522775,-0.4487814101421866,-0.4641280712932556,-0.07923659551898926,-0.3559596469112627,-0.42187361653012617,-0.07342895668194281,-0.30690228853635854,-0.3453118709034495,-0.08376384161907399,-0.5413175028736716,-0.08896726326556735,-0.07420592421383335,-0.4364251351529229,-0.2294297117205871,-0.0839245115463827,-0.3386731094570982,-0.212643018725938,-0.05782759404155194,-0.2866051628077212,-0.1639623981864816,-0.04101975689236045
FIST,0.0,0.0,0.0,-0.0006965618037803189,-0.41471035208530627,-0.04114728973456033,-0.13903182014746857,-0.8204690638975712,-0.12945488745848646,-0.3308901211388033,-1.0,-0.2014329155693397,-0.47499510764548425,-0.8833392406518396,-0.2833451496373701,-0.37178609941811774,-0.7371861366410668,-0.3034014724410793,-0.5504193055730419,-0.7727018934438344,-0.41660127585737966,-0.4431753022996119,-0.721214651883317,-0.4800771380749916,-0.35250132743605045,-0.6860033842776831,-0.5181406825755746,-0.3653931947690809,-0.4327462051750847,-0.3367473802089066,-0.5204916097830669,-0.5527659251271327,-0.4171313949708166,-0.4205938360438574,-0.510584934011375,-0.42770529552532904,-0.32681851896454517,-0.4590282415440955,-0.4492400374005993,-0.34314632450748017,-0.14895868115807162,-0.3558515755568591,-0.46013415315053946,-0.3029886470005419,-0.412606052574425,-0.384745193860403,-0.27784741875270275,-0.3616714246944362,-0.29633743971798143,-0.24337428085809845,-0.3375497434556236,-0.3255577968393337,0.09623962683993585,-0.37334755903643846,-0.4239993253340486,-0.10113745531877624,-0.40072233528819695,-0.34367798317303744,-0.06632664232577744,-0.3413148464619241,-0.2635665332844326,-0.016336187548923544,-0.30270469681061557
FIST,0.0,0.0,0.0,-0.08870147926021894,-0.4256912783211697,-0.045209694457805996,-0.24714855879832512,-0.8224500818861631,-0.14854047963844919,-0.40568620847545644,-1.0,-0.23857208853021594,-0.5123750561508836,-0.9389793231148702,-0.3275248478744257,-0.11887243994045968,-0.7430554651878402,-0.37262365868156005,-0.6619018445250785,-0.7444324089106442,-0.5145980339254445,-0.5609957787721985,-0.6487039361053695,-0.5366542484857568,-0.42202422872673134,-0.644832322921064,-0.5358138287330688,-0.1102394747348351,-0.4624563350428881,-0.4159992077630279,-0.6761111194972351,-0.4890672993389941,-0.5396343010199075,-0.5661886402489881,-0.4518431457056654,-0.4979036756990298,-0.42818959140895385,-0.43798591443481544,-0.47914893356279953,-0.15142563818548105,-0.18936272802810936,-0.44959782311563806,-0.6584062188719367,-0.2601793809270739,-0.5462980163492853,-0.5495780420505704,-0.22854906116763649,-0.45903342713952017,-0.40170736857483375,-0.20546356555898693,-0.40567286724255497,-0.2304316014136576,0.06014846215547562,-0.48342069499064294,-0.6014523494362529,-0.03853464455297824,-0.5661136610048055,-0.5066193411664358,-0.019634113988939685,-0.524101522177092,-0.36977983301434253,0.015151065613207556,-0.491342632553116
FIST,0.0,0.0,0.0,-0.09026216307517275,-0.4269009129227274,-0.02346391970986757,-0.23608588691996715,-0.81202165375674,-0.10003035177849182,-0.3805250192712362,-1.0,-0.17443069081362464,-0.4920952037849682,-0.9409484105170203,-0.2504289829307442,-0.13604312796216353,-0.7244920372786819,-0.25754242487172035,-0.6295191275786366,-0.7450255786362978,-0.39487694432193027,-0.5491723889022104,-0.660652467700154,-0.4434018840492928,-0.4165798477741495,-0.6498653612669854,-0.46048421971486797,-0.12401847068156392,-0.4676047672854861,-0.3081979480798007,-0.6445874107132396,-0.5016440992555716,-0.42063009855832645,-0.5451059146481033,-0.47059937959079134,-0.40201844115610064,-0.41011798072760863,-0.4542943707526748,-0.3949000896088155,-0.14814303836803697,-0.2171047713286913,-0.35441902410377546,-0.6156494484985598,-0.2844449314627211,-0.4472784514307927,-0.5168798866054223,-0.26146533347613826,-0.3837081263125372,-0.37693498311508,-0.24689296183593862,-0.340041799000059,-0.1980517031878115,0.014416749497363582,-0.40061371615098884,-0.5603984718994763,-0.08649802155242907,-0.4697818588625999,-0.47720449162140616,-0.06695844855780521,-0.4298224493421884,-0.34226771662379496,-0.030430812590177915,-0.3963668654365215
FIST,0.0,0.0,0.0,-0.09019049020914278,-0.4132797342971159,-0.02713358793260425,-0.24217077424265834,-0.8057130633877084,-0.106473439805636,-0.38254730061289627,-1.0,-0.1823603828235257,-0.4802313449814545,-0.9192854804173728,-0.26216156533677376,-0.13169644301780672,-0.7449078398713305,-0.2604580039735496,-0.5907197817981111,-0.7678963036545597,-0.3884472692862897,-0.5377484720739982,-0.6792634026769758,-0.42918998511719453,-0.4313423594738714,-0.657207401486132,-0.44211722067510134,-0.12672131781408466,-0.5008799400064289,-0.30752722293365553,-0.624619335712919,-0.5192495692401184,-0.41688733686700974,-0.5522385657168736,-0.47426484559604337,-0.39423330007066515,-0.42638283339520433,-0.4521861095101725,-0.38211970823770325,-0.15841011062268887,-0.2563536978804606,-0.3501522885039139,-0.6075017851871041,-0.3096817961031726,-0.44224524966424983,-0.5320883129529658,-0.2783390051641401,-0.37862056726824417,-0.4005131780246828,-0.26094896779427873,-0.3325879226141556,-0.2172433724047163,-0.03247472319435564,-0.3925405460799858,-0.5626689040901072,-0.12001950222528157,-0.45733005994984827,-0.4964894500959927,-0.09191153835750174,-0.4160892922671199,-0.37488447935181984,-0.05782296951250577,-0.3814898935636063
FIST,0.0,0.0,0.0,0.07507886588532724,-0.38981185274297875,0.042541222732883646,0.010189951095172583,-0.6876577924767461,0.07063446802677398,-0.13203123970164518,-0.7691250205533482,0.08760880183812442,-0.24618366818813478,-0.7257128803063194,0.1056434651031686,-0.3095452177128581,-0.8026824807769825,0.059101372973522595,-0.3171875943112495,-1.0,0.05677999913049398,-0.2612193529632551,-0.9185135194200521,0.04113451082456858,-0.2144347291571705,-0.7930092252445762,0.03310785382578062,-0.43773358836829657,-0.6341746850741412,0.03729212146488949,-0.42419751750243345,-0.7508469367012379,0.07942602720029697,-0.34308689435266837,-0.689306569925439,0.08353444203589447,-0.27866454923819056,-0.6052452838304642,0.07226151594677514,-0.48675479803603655,-0.42296691830208877,0.018114896382832205,-0.44686725346909295,-0.5137893019909516,0.04894382917494471,-0.3676343564564571,-0.4806902594821181,0.05696632347030656,-0.30811983868136655,-0.4094983179209239,0.048519992251626565,-0.491938751369356,-0.22079117728884515,0.0027097391575237996,-0.4321723900369856,-0.29656798978195065,0.028641793387489574,-0.3596291308760895,-0.273844832454656,0.058298459029090526,-0.3064349844696473,-0.22509541263144603,0.07785618393128434
FIST,0.0,0.0,0.0,0.09200656902025661,-0.2943969922115434,0.12339052052544476,0.05234681332463691,-0.5765759133428366,0.21186383695553554,-0.02583793243777283,-0.7307919170319837,0.28268053843819974,-0.10694782805395181,-0.7692937340651972,0.35306666713160245,-0.19760073540513326,-0.7789474415990534,0.19152259264562937,-0.2855620057793546,-1.0,0.2821365514749919,-0.2936190912997915,-0.9916657293471676,0.3261526815106481,-0.27319758807936373,-0.925770891069095,0.3556045599434879,-0.3328820533589401,-0.685271879398977,0.1686999175114174,-0.4003633531664792,-0.8450877357789321,0.2893839400077984,-0.37341596718270637,-0.8110918259976124,0.3181558904410361,-0.33290593940893437,-0.7476137568674622,0.3222880433994571,-0.4239734658070303,-0.5374650020347707,0.15633036386504254,-0.4625241244648589,-0.6905134413398719,0.27103615591130875,-0.4258169697550913,-0.6606261104116619,0.2878473896275735,-0.38525631781565994,-0.5916312550033699,0.2754735913053368,-0.48837346516531555,-0.3767200852625032,0.15454178446291036,-0.5137534628087963,-0.5019036647083076,0.25948321773999267,-0.4782557621976164,-0.5022159658992768,0.30343769413727756,-0.438543599795293,-0.4601635053598335,0.3234336156833681
FIST,0.0,0.0,0.0,-0.009931077155772502,-0.4541045554881687,-0.03691950887928624,-0.11436183142754017,-0.8494520793484373,-0.07878579377347114,-0.2692616882782057,-1.0,-0.11466103808494248,-0.3950990382230822,-0.9607616133887598,-0.15072080508054977,-0.49185472920712947,-0.8654560767260789,-0.09669552805098441,-0.4910783343605055,-0.9571590627278911,-0.1503120897905803,-0.39430103592974636,-0.8728303545340035,-0.20413700685972658,-0.31212889824120293,-0.7954869901072269,-0.24193073308846597,-0.5377180080880601,-0.6233979183189406,-0.10645145904956765,-0.5240203601077426,-0.6905396214277121,-0.11593644525026646,-0.438277591850064,-0.6398593551650391,-0.1303928476226659,-0.3635374336737325,-0.5780301374773797,-0.15906752541389377,-0.5284606904070303,-0.36406386964816695,-0.1136334643433921,-0.5281218463563215,-0.4551962226254521,-0.12473824173758313,-0.45140313357085154,-0.43546616838585006,-0.10578689962049533,-0.3756302376573599,-0.3801083809883934,-0.1049199468597757,-0.4927818851024021,-0.12992361276509024,-0.12280774374732122,-0.5039765068124842,-0.2325452344530738,-0.12315364704908639,-0.43222406922240203,-0.2330485897457933,-0.08147207666651182,-0.3711427638379736,-0.20453854596615978,-0.051653627559415
FIST,0.0,0.0,0.0,0.020353634997210112,-0.41595922758812176,-0.08752723694313587,-0.13805167032867285,-0.818764600191688,-0.13425011963168024,-0.32952449094554515,-1.0,-0.17162323979442817,-0.45161159418742175,-0.9553401661118037,-0.20194910606134436,-0.6421612154834783,-0.7010393334169854,-0.09576640877354271,-0.5497526477239052,-0.8127592660325123,-0.2115832469493564,-0.346413325252892,-0.7529862481211639,-0.29900765967124593,-0.25398446739835595,-0.7007750282325993,-0.34850324390584214,-0.6827323282616995,-0.4360704493455109,-0.09544985158884679,-0.4735014029532767,-0.5439240509708544,-0.1795500759812786,-0.26856557037859713,-0.49412147893434283,-0.2183914414779721,-0.1852971564499809,-0.44383621621765934,-0.24075564801512034,-0.655756113058545,-0.17275787776285684,-0.10709465578943039,-0.41688135900920265,-0.29937821537935805,-0.1937487373689609,-0.2417351234892556,-0.2761855689369325,-0.18336132670544808,-0.15981226322660566,-0.22479182629542913,-0.16584600234425237,-0.5955393828073482,0.06511678818475733,-0.1279854944110922,-0.4019494509660488,-0.07913937960364902,-0.18210482586581192,-0.2419615182330531,-0.06389884853711085,-0.1603805415588655,-0.16950612307010496,-0.03410284408396896,-0.12966982258202023
FIST,0.0,0.0,0.0,0.028967789199606173,-0.40283020775491857,-0.07604421174647794,-0.1297417049165709,-0.8017589512034398,-0.11876900478740623,-0.3173946202825334,-1.0,-0.1531481557639648,-0.45392357692469215,-0.9841535740783082,-0.17830227980616178,-0.5919939360097638,-0.6671281023122073,-0.09561485106297249,-0.5668768013488438,-0.8271293570023897,-0.2170765323970711,-0.3499958263405094,-0.7923721058523001,-0.3000971005021208,-0.24885016977202487,-0.7371522576905509,-0.34441034686779665,-0.6162721910364312,-0.40879309692274274,-0.1068613889994634,-0.5269252883843167,-0.6052936519416849,-0.2020107557827333,-0.2997008963776265,-0.5725892709472341,-0.23404412704192895,-0.2012963749304606,-0.509290151252383,-0.24817334159550553,-0.5802579166025064,-0.15656978073511366,-0.13009249457075442,-0.44494735745138203,-0.3566394627022605,-0.22183034027808082,-0.2577195850397379,-0.34505483566410183,-0.1901639626567764,-0.17335515042542812,-0.28836772584293663,-0.1586377655553181,-0.5115480751134276,0.07205550915275749,-0.16100931470365826,-0.395016391334757,-0.14590958038908874,-0.21103713693998277,-0.23571688175270886,-0.13265497108768678,-0.17045490884871392,-0.16592137032906584,-0.08712838228439679,-0.13113583653397126
FIST,0.0,0.0,0.0,-0.07457548326764538,-0.33827913091442186,-0.018890883464182676,-0.22234489680132416,-0.6677937112085751,-0.0698247056902488,-0.3763148571453025,-0.8703817694464171,-0.12050319596408414,-0.48617827619393184,-1.0,-0.18159284183921148,-0.169678312568371,-0.7083357826957221,-0.16631735107144954,-0.5479882457632788,-0.7165408651620937,-0.26875188214862167,-0.6011431258729021,-0.7196647875834107,-0.33030464051356023,-0.577651319356089,-0.7327384141780582,-0.36589396048272194,-0.15134289249089683,-0.4996172237811804,-0.21011241511636375,-0.6000868031507697,-0.48069260535805625,-0.2954882492227947,-0.5974786545106219,-0.46686266070351096,-0.31213634015033387,-0.509119173248413,-0.465720751065726,-0.3295712957836534,-0.14978025559406216,-0.25585217427928497,-0.2514385500270189,-0.5618713443970188,-0.24714573267016987,-0.33915643911133125,-0.5360159876358439,-0.2257026066396077,-0.31055295405717165,-0.4301301078778026,-0.2286936441129378,-0.28692679860565673,-0.1718260936937984,-0.007866338463368011,-0.2908694837509889,-0.4944338098947934,-0.04021233663315939,-0.37335688614530543,-0.4687406178159075,-0.020695817119680465,-0.35308396411115667,-0.3789820157115054,-0.006580282441326228,-0.3285927332789658
FIST,0.0,0.0,0.0,-0.040922116244117124,-0.3623897483577058,-0.02277024576327105,-0.19894106422732188,-0.7274373085033365,-0.0801493594883652,-0.3840913593912841,-0.9223719140554187,-0.13201498266698772,-0.5219701607663165,-1.0,-0.193530099693763,-0.21898298735637525,-0.7220937586442079,-0.21832162758164766,-0.6263759412180626,-0.7615314484857575,-0.32831203273664694,-0.6207102761259408,-0.7863367288644378,-0.385317280711209,-0.5400009100116447,-0.7925691049120647,-0.41441706974739834,-0.21036532152661436,-0.5068427820067105,-0.2573303119335159,-0.6518235261121582,-0.5195415370963358,-0.3401280103262861,-0.6363740321195591,-0.5499494076859391,-0.3454869978829602,-0.5392859008621759,-0.5474423015301918,-0.35654249583386916,-0.20906241596535985,-0.25371365400249846,-0.29074844326552984,-0.6108701131712629,-0.2781573371614811,-0.3676005516878802,-0.5861211668467832,-0.3021874224353501,-0.33101134274078053,-0.47930842966897963,-0.31507829109442864,-0.3058286362361473,-0.2244541314408301,-0.001491167229565845,-0.322050285942813,-0.5372439117693154,-0.037287366029072705,-0.3973250107545694,-0.5205473647820197,-0.04574614093672939,-0.3733835793929199,-0.4413994630931296,-0.04541391446323878,-0.34697169512232673
FIST,0.0,0.0,0.0,-0.09005562499420527,-0.3368709516911561,-0.011449832069620226,-0.2367234454560265,-0.6828686585232864,-0.06243543512470129,-0.366214140554325,-0.9036227107504716,-0.11508382133099192,-0.46633427358808366,-1.0,-0.1709095615442998,-0.172934614693493,-0.7790797217999734,-0.18534831820051315,-0.606130979002547,-0.7581529093518776,-0.31130650442128505,-0.577613842716234,-0.6546062696110224,-0.3680204111996403,-0.4774323407310146,-0.6256149588364447,-0.38997987215066476,-0.1501181683443054,-0.5661369657865888,-0.23456658979035308,-0.6104775784783061,-0.5076108537392455,-0.3392482240057952,-0.5678137951221838,-0.4513946866850126,-0.34060032770254606,-0.4604198960789655,-0.44934964364065344,-0.3398987790416033,-0.14604485937900802,-0.3149979977827707,-0.2825157740910274,-0.5620852904804394,-0.2781421896530182,-0.3784199926104109,-0.5197544005732478,-0.24210007200917974,-0.33886430933777695,-0.4068682011259216,-0.2536802606988378,-0.30325067059604355,-0.16096237111968315,-0.06254025957741959,-0.3283132371250642,-0.49217590019200974,-0.06645153685073084,-0.4067450473899264,-0.47445528433029915,-0.04520595905763781,-0.3847069712668194,-0.38699834745334305,-0.04302184249018428,-0.3551456797991787
FIST,0.0,0.0,0.0,-0.10103227367531882,-0.38426747979318304,-0.007222659563241876,-0.27864168847875165,-0.7515808177292104,-0.06845637677463111,-0.4290734747901077,-0.9589449833170453,-0.1335766040453277,-0.513815688908111,-1.0,-0.20511287754870958,-0.19718462912693946,-0.7994589781874321,-0.19495673489610407,-0.6640533217034411,-0.7998781952319857,-0.3210301937482366,-0.6419613562057767,-0.7315366405597803,-0.37656990188527323,-0.5408725751638532,-0.7108955137739121,-0.39979500308537863,-0.17687771685124531,-0.5582971287737684,-0.2518193402527609,-0.6914280015252159,-0.5273813206447732,-0.3579678398010642,-0.6359503247120962,-0.49832156217271306,-0.35625912585801645,-0.5141880579649669,-0.4919825947651479,-0.3549086541301733,-0.18167263254056396,-0.28639575489615804,-0.3051649053783462,-0.6489291491801723,-0.286003101143598,-0.4015419923173445,-0.591165097379821,-0.2724630667610388,-0.3558751957320316,-0.46288468174640607,-0.2852226233279313,-0.3172158257601911,-0.20864644813770797,-0.021510470887477172,-0.3557031380452548,-0.585905565565087,-0.0635678896164816,-0.4333857045325709,-0.5395637293219865,-0.05429488586598626,-0.401325622229833,-0.42025108106561304,-0.04931740791532975,-0.3660265690663018
FIST,0.0,0.0,0.0,-0.05133673216581585,-0.3531649238185212,0.01367127034883371,-0.20173008794794547,-0.6883643161113472,-0.02916124324420839,-0.35970871325179354,-0.8930833456396545,-0.07745182534943729,-0.47728216206306934,-1.0,-0.13463843510149018,-0.1628131829593134,-0.7156336478659289,-0.15098712912221218,-0.5850474544291575,-0.7631042394483166,-0.2494511535571417,-0.5830340148193938,-0.7747225874758034,-0.30231897104749794,-0.5153440083566379,-0.7726285571449099,-0.32620825268085046,-0.17510769599320203,-0.5004515515817147,-0.20352951176031403,-0.6390175548288123,-0.554219732372385,-0.28609632456777373,-0.5899338204053491,-0.5717057048267421,-0.29476561124468836,-0.473546649296857,-0.5504842196061727,-0.30249902710232973,-0.2053575560111047,-0.26989433980811883,-0.24934000921096824,-0.6241521092296524,-0.3488183385514349,-0.32034173526938015,-0.5780714861836729,-0.36353854373009725,-0.2847301568624683,-0.46751031572300616,-0.3504137691461081,-0.2558855421934958,-0.25769635851712186,-0.044044157515892864,-0.29064734790387975,-0.5807057400298319,-0.14548086424249482,-0.35075964022502315,-0.5313749197690589,-0.1531763924980666,-0.3209383335438974,-0.4290495010792293,-0.1377618672604402,-0.2902290621349391
FIST,0.0,0.0,0.0,-0.002893941978113876,-0.42883001274057564,-0.06864573808160619,-0.1602509235803873,-0.8316360308613787,-0.11010013141223056,-0.3769004429989581,-1.0,-0.14172831403448363,-0.5571385867052107,-0.9540692161965386,-0.16878273185462694,-0.5351597182978297,-0.7466878564210746,-0.1035384189379154,-0.7219643803581876,-0.8415078155558682,-0.1779309164339456,-0.5969170584072735,-0.8809986221943814,-0.2311344946153103,-0.45713436866557206,-0.8728077655943677,-0.25770924142158624,-0.5951470536993124,-0.4948101083093023,-0.09777028248092723,-0.6888278801416527,-0.625364984874005,-0.1486069116489595,-0.5501041541402679,-0.65141046267703,-0.16990321413113174,-0.4306435077951207,-0.6033363383590883,-0.18815730464711852,-0.5978916613548186,-0.2543855167714234,-0.09602342295553266,-0.6507072814105753,-0.39628456205351986,-0.14264482069073356,-0.5324046310407371,-0.43305905596081046,-0.12570121254032823,-0.4195518974759618,-0.3978769375145896,-0.1141109778653701,-0.5690895243544631,-0.03896158675839462,-0.1000899177305343,-0.6058357233374702,-0.1993896156055939,-0.1359928280861884,-0.4996333449394921,-0.22006691749593063,-0.1084833908774722,-0.40693445716580745,-0.18596419801311995,-0.08111659087097485
FIST,0.0,0.0,0.0,0.007300107703521012,-0.47994187809023103,-0.038112768334215584,-0.15266837489984925,-0.8567043555262263,-0.056812935288985046,-0.3548059476075324,-1.0,-0.07077793427934585,-0.4958103876780302,-0.9531990599946863,-0.08246457297970082,-0.6433592673558408,-0.778731586119751,-0.03024758266794349,-0.6282110364492759,-0.8610629783263253,-0.07792530315440743,-0.48180294497180165,-0.8311167676349228,-0.13773796011361877,-0.3868734414670786,-0.798537688555974,-0.17784927608722972,-0.7021858428288424,-0.5206844625115503,-0.030189094991656715,-0.5971896120617535,-0.6151757617896844,-0.0327978791421169,-0.4603590412278878,-0.603914641771948,-0.06123364813458806,-0.3717782946829746,-0.5690258829333765,-0.0942715129220421,-0.6833217233500141,-0.26019963273073315,-0.032483615119646696,-0.551104787277089,-0.3744106426379478,-0.04419457591103729,-0.4383400594906474,-0.3903275524550496,-0.047912708848772474,-0.3504769894641028,-0.36422525674890455,-0.057694759493627464,-0.6249968448775253,-0.02530030911092682,-0.03876250400651168,-0.5147177030604297,-0.15003758824259547,-0.045255607819538995,-0.4107191415360619,-0.16410071723415068,-0.027629916603764265,-0.33813597185708816,-0.14488530576844863,-0.009945403293115721
FIST,0.0,0.0,0.0,-0.008119259531895672,-0.3955574632359092,-0.10520353924005098,-0.1646463495223596,-0.8195814790959128,-0.18885028433451254,-0.38730279557659814,-1.0,-0.24870652560356377,-0.5517175396918341,-0.9896091253576029,-0.3068259060355732,-0.4836448940156927,-0.8422369840898064,-0.2510546998942134,-0.6288097259632276,-0.8142169123182708,-0.38771177449834066,-0.549016696501765,-0.781617013534539,-0.467265421734551,-0.4684661134626002,-0.7998009134559082,-0.5081561928603101,-0.5329710948086929,-0.5813781933314373,-0.2431480611840098,-0.6112547680390812,-0.5955448112023823,-0.36805906889756773,-0.5123482801599384,-0.5649640096699179,-0.4072509973707078,-0.4137633212319944,-0.5498861316982584,-0.42532556437838687,-0.5420204356482023,-0.31678862111655764,-0.2366623909190072,-0.570198919244475,-0.3633449676275241,-0.34760972957421105,-0.480833214829438,-0.36089611948538636,-0.3413056055340926,-0.37952859150452545,-0.3511775801783414,-0.32197524577717895,-0.5306979112642832,-0.0658742241480267,-0.2355109807139397,-0.547539754571462,-0.16334716343499572,-0.3203375066955702,-0.44910118280829137,-0.1467123534037107,-0.314817142149705,-0.35660436150101216,-0.12658777792648854,-0.2911900250253345
FIST,0.0,0.0,0.0,-0.09469286443929541,-0.4061179003579407,-0.016574164515382708,-0.2786471958541994,-0.8043913139165026,-0.07839074878522205,-0.46048170432933866,-1.0,-0.13926712674799124,-0.6058826643745173,-0.9742029382697595,-0.2145678156385411,-0.19860830821104383,-0.7863323325941982,-0.21392859870653322,-0.6448761948659175,-0.824380662896247,-0.32631457517463,-0.7424731752082451,-0.8028066372673593,-0.3860599797161586,-0.7344464999044937,-0.7933489257625964,-0.41684633333003107,-0.19540417818970027,-0.5071676383386899,-0.26404305694747465,-0.711380189517569,-0.5290551735306575,-0.3623112410211889,-0.7636257277159063,-0.5314521721437411,-0.3761057591196184,-0.6963711787129083,-0.5437184933270216,-0.38941307868552183,-0.22394808198586508,-0.21134385562780808,-0.3070854479561865,-0.7065944971804902,-0.2657917466012241,-0.40132877783260973,-0.7294438423399856,-0.27585623406499404,-0.3703145263834066,-0.6338353638787154,-0.29147202082866186,-0.34048038020905375,-0.2885689430367657,0.06691197232810955,-0.34658502518542633,-0.6582117705193047,-0.050538364435142966,-0.42487813430751653,-0.667161326622983,-0.06938060060957886,-0.3957991166617034,-0.5816526314041076,-0.0757291692619445,-0.3625125048176859
FIST,0.0,0.0,0.0,-0.07339321537730757,-0.41030783565028317,-0.005150214381615172,-0.27247549318031344,-0.8051102316984654,-0.05969317106167334,-0.48524417461700176,-1.0,-0.11660510030713137,-0.6520885992273409,-0.9870762746185172,-0.18212406771550416,-0.2253697252006766,-0.7969316244184546,-0.18790802139880378,-0.7148126800550362,-0.8341149979803005,-0.30288854488506123,-0.7250324118661136,-0.8148633162473199,-0.3630453799087933,-0.6336724930512408,-0.8025423653529301,-0.3886739754573024,-0.2361647970293434,-0.5338303588271842,-0.23881614153147165,-0.7590312967202484,-0.5508360719901382,-0.34058210159942554,-0.7278197539676775,-0.5500224440088606,-0.3529857151632363,-0.5887149746740654,-0.5458983900408173,-0.3601591430766855,-0.27189963060140016,-0.25130496626605375,-0.2831743637203661,-0.7417951340134643,-0.3089534089549244,-0.3756093218187863,-0.7071676078867045,-0.3043099290309466,-0.3420300537077253,-0.567859552238104,-0.29428040954176077,-0.30800895999732564,-0.3359954349042746,0.025223512542255615,-0.32364915510082154,-0.6913799851697097,-0.09442787634735905,-0.3984575971835211,-0.6526973831696584,-0.09400094374575092,-0.36749276869598596,-0.5299566117332785,-0.06923937541380325,-0.3310594665944011
FIST,0.0,0.0,0.0,-0.07863944183600478,-0.4103438312197173,-0.013677334194157153,-0.2619868758469382,-0.8060576213852931,-0.07823146688425694,-0.48825434601701045,-1.0,-0.1414644870191332,-0.6410368590969674,-0.9471904245133409,-0.20911890986564777,-0.2003831323708228,-0.7822065542524499,-0.22552578795086736,-0.7278589030985094,-0.8081740848115523,-0.3496486273841365,-0.6826297726584519,-0.7555715008345274,-0.40083207534273224,-0.5653284764607819,-0.7318922663663804,-0.41802704079421515,-0.2081680929520629,-0.5226515810462133,-0.27100014823939766,-0.7457973419418032,-0.5473474508475634,-0.3794201221277654,-0.6833804882771249,-0.5352944045688671,-0.3759635991344998,-0.5449596205617838,-0.5210748801690002,-0.37402995551198,-0.2450254567369175,-0.25559390840823776,-0.3095192007431902,-0.7229772707971377,-0.3228448556543717,-0.4011725219046305,-0.6612363583062647,-0.3110904119601477,-0.35003014418127465,-0.5246789093726301,-0.2940611511352469,-0.3081820194971162,-0.3151158521080327,-0.0036357216835738618,-0.34537707532168643,-0.6684444167135245,-0.10779256182447665,-0.4154401421187875,-0.600774534498131,-0.0979149071769354,-0.3778514062699131,-0.4733643275883285,-0.07200779040772623,-0.3409905142206897
FIST,0.0,0.0,0.0,-0.09199734874904629,-0.4032949473349174,-0.00870512386794241,-0.28431368064271406,-0.8000701093604904,-0.06530542106981571,-0.47470104208222874,-1.0,-0.12294089200031283,-0.589939932746055,-0.9402592168408848,-0.18747770796155622,-0.2006466336552377,-0.7779201740407091,-0.20966047694904658,-0.6943422083148449,-0.7880605107341716,-0.32994427118963,-0.6660933364567952,-0.7175375242776533,-0.3779646989674787,-0.5570366853488531,-0.6997684609478584,-0.3940648730130031,-0.1848840655532151,-0.524144512919311,-0.2582337352117549,-0.7059338472920862,-0.521098415292508,-0.3619346463204531,-0.6678581084773821,-0.5008702276218843,-0.355900684932124,-0.5462963743204243,-0.504014073876294,-0.35272361377473455,-0.20462013944347324,-0.2539302291483037,-0.3013220405033504,-0.6830929302943943,-0.2994074170021459,-0.3946708964471531,-0.6370446593255682,-0.2827482580400052,-0.34895640935418526,-0.5060822037066953,-0.2777510400237293,-0.3094347251694076,-0.2611766286402034,0.0007810259801888089,-0.3412527160210028,-0.6285554558540954,-0.091396892893747,-0.4118471781519566,-0.5810043599258555,-0.08372290334610887,-0.37977476399439203,-0.4581584110406834,-0.06500957864322497,-0.34651392755986715
FIST,0.0,0.0,0.0,-0.19287408949467263,-0.4244505757750144,-0.03249967345483347,-0.46677090171990576,-0.7717312564439658,-0.11339158975473365,-0.6813175230422254,-0.9502321880983683,-0.19784924054558586,-0.7850876160324499,-1.0,-0.29336698496181934,-0.3482536750111289,-0.8913164772238834,-0.2213139169359904,-0.7176421888594612,-0.927888361355972,-0.35431666877972434,-0.7928332423489628,-0.7337905001366134,-0.42111379809050814,-0.7717799882934051,-0.6626589739700742,-0.46271279684264427,-0.30232828730546274,-0.5645661414395389,-0.2816108369462186,-0.7208990095388489,-0.5529301804009262,-0.40398804363660873,-0.7817338792030536,-0.44564181214583853,-0.4228114049186616,-0.7163502473004472,-0.41456841376734976,-0.43988900929379604,-0.29147230963231546,-0.21206677248961162,-0.3382339607015716,-0.6906017616837347,-0.19454192335301407,-0.4588289300415726,-0.7377353159712887,-0.14408803271714007,-0.4281863841802481,-0.6738963194312501,-0.14596667289047216,-0.40012731077529906,-0.3128825655511819,0.11537621261541646,-0.39174806775066096,-0.6233515356829386,0.12558471374966393,-0.48346055285048734,-0.6505066743469522,0.1281642164767311,-0.45074827226016395,-0.591915933726875,0.09683894561799378,-0.41346433504430763
FIST,0.0,0.0,0.0,-0.13210727558993063,-0.35506400529653714,-0.031173845673938824,-0.3789888534770397,-0.6830794988295734,-0.10135547074375141,-0.6218406881052477,-0.8339267351097412,-0.16152817907829514,-0.8035345443192189,-0.8592393730140827,-0.24220695514071586,-0.3670362808245805,-0.7746847350455806,-0.2534129972043344,-0.7455206901664716,-0.736232299934349,-0.3727651079254016,-0.907425786466802,-0.6585868036706962,-0.44087674896527895,-1.0,-0.6046979233421735,-0.47997694768646126,-0.3260636458453582,-0.5079062840300868,-0.2952397234225215,-0.7355773056216598,-0.4495140336257358,-0.3775021338975806,-0.8892145196047401,-0.39318452273446614,-0.3955654397420345,-0.9726390208378117,-0.35717675980148594,-0.42176486492326937,-0.31138020411673906,-0.19576221458300758,-0.3290547520687344,-0.7105594530481738,-0.14363800462411333,-0.4051611506281006,-0.8601916786673177,-0.13095895158473006,-0.37778065804105493,-0.939257297578845,-0.14938821308306302,-0.36475468914583303,-0.32654308248457303,0.1323730118093479,-0.3585533669313208,-0.6754703998395478,0.13091701982387144,-0.42713544570089135,-0.7822329572020704,0.10737511471241507,-0.39825336665345973,-0.8317013205726059,0.061487117476880064,-0.37236094637495704
FIST,0.0,0.0,0.0,-0.15052703835981004,-0.42759867164231674,-0.012325100280488116,-0.4295450689520456,-0.8341378567689267,-0.079899990674645,-0.7378222451783041,-0.9756045621896661,-0.1446129958835903,-0.970638143525762,-0.908656991233818,-0.2199889054593327,-0.3720313004563642,-0.8261522233804827,-0.2546861632412249,-0.9625191473709654,-0.7024475025267674,-0.3866889184191822,-0.9997838232577674,-0.6859739743636969,-0.4435314366201077,-0.9071348811122024,-0.6800151323719563,-0.46109132685394694,-0.33431060994913125,-0.49751141313714664,-0.30999087565221667,-1.0,-0.3731323499084072,-0.43002237319508835,-0.9557087733610026,-0.3870273520042999,-0.4393779325806409,-0.7909968839897192,-0.390285060224313,-0.4424183885522411,-0.3303231707858105,-0.1572556739000731,-0.3535849726289957,-0.9410622613216519,-0.08004078319435552,-0.4642803371166958,-0.8655907661341388,-0.09295384814766915,-0.41340691182579153,-0.6959514451979859,-0.09992958123284736,-0.3663557346708334,-0.3668790880998199,0.19052430657411218,-0.3915289314973373,-0.8358436095708219,0.15632052127633544,-0.4905436602855995,-0.7525443115268181,0.1331003428444826,-0.45246986765555935,-0.5932470580200631,0.13000987583550025,-0.40866403039954124
FIST,0.0,0.0,0.0,-0.16559172241763873,-0.4577645364090187,0.018875394677554173,-0.4422955121564628,-0.8390024102916177,-0.04949268480555292,-0.7178420022696431,-0.9617861204965984,-0.11831001466099322,-0.8993137765538289,-0.8098554146144722,-0.19656836381996007,-0.37948227218633934,-0.7589748200630285,-0.2941729558975313,-0.9919568318248406,-0.6452188176148453,-0.43266158167166,-0.9379832544781137,-0.6180093033531504,-0.48471338014225196,-0.7784891267140334,-0.6025032866153354,-0.49687623313629914,-0.34318827697866444,-0.42578093641081693,-0.3622322247950075,-1.0,-0.31963767915826685,-0.4676076631977028,-0.9139073119885837,-0.3389138466854155,-0.44841492143158135,-0.7315803433750376,-0.3496951010004027,-0.43958986955540086,-0.3396141349827529,-0.08676844309804357,-0.41348463877945135,-0.9346105160130578,-0.052169679905823295,-0.49991664935313673,-0.8402822475246825,-0.07883715150156737,-0.42358027976738194,-0.6647541894310671,-0.0951343963963154,-0.36913996129804877,-0.3660763496637601,0.23841142965037607,-0.45792250392771355,-0.8105777956460616,0.18470142376112103,-0.5318982905478655,-0.729665982262874,0.14330220869541763,-0.47567208920727333,-0.5801135849122039,0.13029010200549365,-0.42686307383034494
FIST,0.0,0.0,0.0,-0.17261691281658642,-0.44718875299711874,0.01675443551366044,-0.4421268964961415,-0.840065181036046,-0.05194987770854443,-0.7070064576575125,-1.0,-0.12013131058945556,-0.878128588986722,-0.8459047772561504,-0.19723697539572582,-0.36698358888597854,-0.7752674739578086,-0.30336307664796736,-0.9861494076282968,-0.6625954544538696,-0.43793241713073017,-0.9471925308778787,-0.5898924059559549,-0.47803975301958995,-0.7913093630996756,-0.5489154963631602,-0.48207777235226507,-0.33489527714533257,-0.44605941850859343,-0.36952529129204065,-0.9924956176583184,-0.3337515867099192,-0.4768069045982404,-0.9033444319074772,-0.30544669662106344,-0.45147234177460194,-0.7125108299248454,-0.30712961657028875,-0.4374795436746241,-0.33548840442465394,-0.1135489915576958,-0.4186019142696151,-0.9216404565694828,-0.055506135278354254,-0.5078906463624603,-0.8204426165098426,-0.05049011706393182,-0.4305830538295676,-0.6361616227760876,-0.0673137756644033,-0.37618182274415723,-0.36734072454715805,0.20666216679091698,-0.4607667155027154,-0.809825512280631,0.17713979166246901,-0.5338596412950629,-0.712482621748504,0.1658867441719893,-0.4768090768796774,-0.5441475589853116,0.16134623521589328,-0.4293055634505706
FIST,0.0,0.0,0.0,-0.15700806629034664,-0.42063987357356236,0.0021390249816088036,-0.411176102916715,-0.7863970165070229,-0.06628285213745276,-0.6895359685449158,-0.9071276595228024,-0.12715661182814703,-0.87672329598463,-0.7692931202202167,-0.19825605578639405,-0.3641357743789287,-0.722231908397169,-0.30997674500279976,-0.9375305660875844,-0.6289132484047355,-0.423550279421125,-1.0,-0.5853269181176098,-0.44887657468261044,-0.9262453358639342,-0.5409042851044383,-0.446494089299696,-0.3443801865217334,-0.40883790345414395,-0.3650820890354981,-0.970812330657197,-0.3129394292452441,-0.45764788838209414,-0.9193834768533066,-0.3118505844648755,-0.42809087628484405,-0.7472534837447907,-0.3180194097995059,-0.4100287164577771,-0.34488527063037894,-0.09146393286655144,-0.4018660837457134,-0.8931335515231928,-0.040399929482487905,-0.4817462586116597,-0.8167739403796775,-0.05632561995431903,-0.40640725732806615,-0.6557606542393312,-0.07430127198633553,-0.35348971060900025,-0.3687864334408418,0.21948624204310407,-0.43233786265680063,-0.7795018899373162,0.17581297901035567,-0.500322122973265,-0.69605203920424,0.1427124862133893,-0.4426747549714117,-0.553762318102943,0.13542859057736456,-0.39461463612123565
FIST,0.0,0.0,0.0,-0.1451452912759793,-0.42612985238681217,-0.007944458291058899,-0.42577445514355705,-0.8187033588311559,-0.07275476060776064,-0.741780998278639,-0.9581912394579538,-0.12942203460015786,-0.9549773107050331,-0.8104084073094038,-0.18928945689287782,-0.3992361979643188,-0.7781639101147012,-0.2755979417000232,-0.971638444215847,-0.6918778893330236,-0.4122374845766115,-0.9011691109456058,-0.611789674300576,-0.4663539511729203,-0.7363956729127145,-0.5822217311319176,-0.48007745715162314,-0.4008279346260363,-0.4643083760737112,-0.32198967805970335,-1.0,-0.38898630990689953,-0.41808914297542615,-0.8940153570873938,-0.33337167529276857,-0.394949403397035,-0.7108979342912782,-0.3266931268136397,-0.37911695331310635,-0.4156861570508472,-0.14671412344114135,-0.35614223308146387,-0.9144247737048325,-0.10430153996243159,-0.4329249013747693,-0.8036304382133587,-0.07475675298809294,-0.3503755541403362,-0.6388089259074774,-0.08264194054949146,-0.2931001232903957,-0.4461453620030511,0.16037879506742858,-0.38678080415298405,-0.7955776199409064,0.11748899262752079,-0.4418660554442565,-0.6939564094709841,0.1296983477803655,-0.37377350416272476,-0.5584440950320146,0.1453524385360352,-0.3192821337464242
FIST,0.0,0.0,0.0,-0.04306714906989576,-0.5229897131786975,-0.030031747007303402,-0.24591700659360588,-0.9079084569104594,-0.056386564974077735,-0.5336773699883122,-1.0,-0.0797616763095953,-0.73059900858175,-0.8871396488791533,-0.10131803108661465,-0.5833342547942691,-0.8434535544987013,-0.048773109174900194,-0.7856843119064179,-0.8635246323094428,-0.08518450559181777,-0.6762324447869822,-0.7810514827596502,-0.12865321581926012,-0.5318360146003642,-0.7290960136494166,-0.16061672893791518,-0.6799911760900791,-0.562042701974101,-0.06001438979320416,-0.8265208804890968,-0.5895897766489268,-0.06763049767213747,-0.7022259363241007,-0.5254610714084309,-0.09639755927005025,-0.5623545243547654,-0.46102441392320104,-0.1275683165091395,-0.7174659787407904,-0.2676210053286243,-0.06856371443375146,-0.8283984492918204,-0.3253955002482416,-0.08303474010823322,-0.7022328472811189,-0.2877855192782528,-0.0738100465124236,-0.5737515217927355,-0.2387044554110582,-0.07790132442854338,-0.7155604896717129,-0.0004937187693852344,-0.07725070965745086,-0.7733178454179249,-0.056856719827590975,-0.09231628496421442,-0.6604276389627594,-0.034898674312580924,-0.05557631573455944,-0.5604211150193341,0.002006941918105712,-0.02570840347385824
FIST,0.0,0.0,0.0,-0.36814070492313394,0.14535549585214466,0.1913663979029281,-0.6018133787252407,0.010766592794933768,0.3284471764430648,-0.6787568571098921,-0.22627925712707386,0.4514750471640359,-0.622122361358141,-0.4150372680145386,0.5809024812975715,-0.6800367510622496,-0.5056542593122587,0.27680663959185864,-0.7601858331098201,-0.6808376525071687,0.4864735287727715,-0.6839256307941736,-0.6089478197849378,0.6323724488669317,-0.6135024941074931,-0.5444856174882712,0.7230122909542402,-0.49812573578293795,-0.7316508159604899,0.25598604276419756,-0.5710197545700331,-0.998761811860334,0.48086403453191967,-0.5471885037802449,-1.0,0.5840522690973975,-0.5196664134349657,-0.9738442120573253,0.6329823027267673,-0.323580666284072,-0.8514014401741355,0.2567177050679867,-0.390073217426137,-0.9367215435246357,0.4754225810019347,-0.364644159512996,-0.8104987765462492,0.5300670289593238,-0.31993627751397397,-0.7186745642991251,0.5285577530371633,-0.14864551008206806,-0.9028798987472773,0.27356039149172073,-0.23850505389539783,-0.9184024526014687,0.4769459045406454,-0.22873240801370948,-0.7924074443127507,0.5644541582957918,-0.20001708190172512,-0.6830912648049392,0.6018908066668427
FIST,0.0,0.0,0.0,-0.09855690874663094,-0.46978052987188346,0.029094402913483416,-0.31700036393748715,-0.73951833664745,0.05769992854931913,-0.49361105104091396,-0.8837225003032813,0.07648602560986462,-0.5695629585480476,-1.0,0.09301079017131994,-0.7518750692272395,-0.44768161271776913,0.08663445870074876,-0.7696233510730881,-0.4980305180043567,0.10902559721852105,-0.637289878845738,-0.4963142099128132,0.08436175315518538,-0.5284200893492903,-0.4807999240478288,0.06242434974366702,-0.7539711381749327,-0.1557520583565849,0.07778213259957414,-0.6946822931226364,-0.20409192322501357,0.14567524771985813,-0.5692736546180502,-0.21610766220271846,0.12787783925804783,-0.46974202634063494,-0.21760771758450997,0.09265957731008562,-0.6820228067491944,0.10982789448977547,0.07216174610060003,-0.6234655287906199,0.03760740111712985,0.11890073105785055,-0.5287296999361791,0.00047311873328656647,0.10255628697236217,-0.433751509813126,-0.0023492428517930515,0.07206668226649222,-0.5868349569868085,0.3381881187596589,0.06891256973992216,-0.5218053936590485,0.2600649813020523,0.10022121922197054,-0.42842536380562574,0.21297252535694883,0.11432114313793791,-0.3499396074749595,0.19381200782729321,0.1222719575139961
FIST,0.0,0.0,0.0,-0.08410781075701568,-0.4425577987270063,-0.02963189790652971,-0.281323957216912,-0.7668775563769986,-0.051806599360657096,-0.4637606903038124,-0.9246292569828737,-0.0743225690272618,-0.5904684048207529,-1.0,-0.09196063901730969,-0.7268326625691726,-0.5135430564972987,-0.03177481382018158,-0.8122295981976858,-0.5136830420612875,-0.08379532994176123,-0.6617910496730025,-0.5085555239615914,-0.13877119986181635,-0.5229852468339202,-0.5113929657254096,-0.16809370698412873,-0.7559942255954855,-0.21651939018788688,-0.03356414101456466,-0.7580770576784269,-0.22927994925523307,-0.04400838926884625,-0.6182052319604541,-0.22625385507119578,-0.07028314733578779,-0.4923844572278484,-0.23143605503182485,-0.09377738403852626,-0.720995373914565,0.06473457424703077,-0.03667428719968464,-0.6860886611693169,0.016520483825105535,-0.04169406067324049,-0.5740687679083094,0.001885977383582318,-0.03357588479860412,-0.4601995341105449,-0.004108248211903148,-0.033059470158356086,-0.6529189177366084,0.31048141910365495,-0.04427781277849213,-0.6018288348389073,0.23619665784465976,-0.040364642105467786,-0.48996806579321506,0.21437586123930968,-0.011834630008814866,-0.39939795271112666,0.201735055447407,0.016245570381408565
FIST,0.0,0.0,0.0,-0.10807536391857729,-0.4676408548262347,-0.030520793418404493,-0.3326354884257319,-0.8332273749167833,-0.05149438067460528,-0.5184517559761935,-1.0,-0.07251225487623869,-0.6213164643832582,-0.9919406825350732,-0.09009219199940383,-0.802502302860433,-0.4987293318623159,-0.022515449244877365,-0.8073523295952685,-0.5706191099381962,-0.0797301095334026,-0.6381727364644832,-0.5825645564377095,-0.1514216840625169,-0.5174756429825083,-0.5661610830745449,-0.19472283449330033,-0.8052871121436119,-0.18897225518192182,-0.030399720600541736,-0.7432073251783294,-0.29151908833933643,-0.04210325787537084,-0.5916080378851774,-0.3029431639053626,-0.08325461209333943,-0.48155351880960856,-0.2795408826437893,-0.1204247957003046,-0.7464149501865887,0.09521043896767445,-0.03980348596821374,-0.6625436349714967,-0.04103561257753241,-0.04476868608942276,-0.546357593831499,-0.06760831772644517,-0.044430635651643305,-0.4495630534013762,-0.047602998521394255,-0.05200293335805539,-0.6597554942446534,0.34196214258467833,-0.054470860751739306,-0.5839212868700587,0.17942045095531922,-0.043418206451761684,-0.46104154254725516,0.14804824596714863,-0.01035320731377273,-0.3779950372594212,0.16042789062426258,0.016609149862726047
FIST,0.0,0.0,0.0,-0.07007483527295495,-0.3395220227839661,-0.020944957157804645,-0.20245322004895056,-0.6248108338129308,-0.045499739360891654,-0.29490839161534144,-0.7925021977158211,-0.07922988100514448,-0.34220490752427424,-0.9008150295754275,-0.11823305481849088,-0.6078800647976068,-0.4947765286660746,-0.02066267956190247,-0.5891606306653862,-0.6825879470307572,-0.0761117587489012,-0.5418058402773324,-0.8485870923383967,-0.13727203863806225,-0.47874133449460665,-1.0,-0.1774898146580689,-0.6292821578000616,-0.2869728983015474,-0.03417851363288982,-0.4785631230061319,-0.4932681683111514,-0.08385025100743028,-0.319918307311595,-0.5429302215062642,-0.129226716000731,-0.18773507427963257,-0.5544527574670388,-0.15686050788043077,-0.5888462195222216,-0.09173532364019439,-0.04868228046811579,-0.43455934103761096,-0.29413252791076505,-0.10746635071009492,-0.29221308402095714,-0.33381293079069885,-0.11705389303814681,-0.1656531123540992,-0.33432520411878597,-0.10962097475613267,-0.526380269435894,0.08360129053125545,-0.0653200818804362,-0.43997389845423557,-0.08175954594694222,-0.10681201216383086,-0.3277259581634414,-0.13578269853301905,-0.09390686901189528,-0.23046562664038142,-0.15249572879689854,-0.06747813632822451
FIST,0.0,0.0,0.0,0.052037273221009206,-0.35246179413481743,-0.02636972421547529,-0.05439644598495158,-0.7070254448112642,-0.07133873439217933,-0.2586282299288261,-0.8761662120407719,-0.11486681822031243,-0.4252955068315931,-0.8833608956638657,-0.16044466603963373,-0.032636647118770255,-0.8091100113300502,-0.10942693207002756,-0.3117431801030485,-1.0,-0.17443388367627066,-0.35588806642623366,-0.8762184889333683,-0.2078370127635812,-0.3088917502181594,-0.7822813880023515,-0.22718332785288928,-0.10219664654921656,-0.6275434132132389,-0.134028053785686,-0.41456592889122135,-0.7358011281231375,-0.1743339956545951,-0.41048060161143013,-0.6394039620595875,-0.18059675975969403,-0.3311934387414491,-0.5975798036260229,-0.19262066118215437,-0.19864812362569745,-0.41901983877562227,-0.15647263926247365,-0.466223838669848,-0.5034443759623932,-0.19143699384626212,-0.43532778832130153,-0.4334956561360257,-0.1677868233869781,-0.3387298545807373,-0.41914819176872864,-0.15650460037822933,-0.29913977051054386,-0.22638701580308088,-0.178112285183147,-0.5026815808369591,-0.30352065547493656,-0.20057516502969297,-0.4590692272173437,-0.24841430149324772,-0.16159876235116333,-0.37406781350371127,-0.21627621726846116,-0.13101829305926097
FIST,0.0,0.0,0.0,-0.07697796063484423,-0.35637342926204335,-0.001953306256577164,-0.22123558748781083,-0.7125406297419508,-0.050317883068980815,-0.37481269696382546,-0.8805650351964448,-0.1075222985419978,-0.47861504508236385,-0.8812981171628858,-0.16692381994436936,-0.0996773766432248,-0.8884464580008752,-0.10129152858426678,-0.39680594762224347,-1.0,-0.2098879475164648,-0.46960945770736534,-0.8591572209464318,-0.26951728294718313,-0.4517799701185974,-0.7581110551887617,-0.301046635616411,-0.10406201430103583,-0.7074583371349755,-0.15388492107939952,-0.490639251828895,-0.6527851474110272,-0.2561976892930921,-0.4718292869016421,-0.5301801572682484,-0.2672827832073441,-0.3584568941272495,-0.5168130884422621,-0.27118279807085804,-0.1378190138582971,-0.4729772014279265,-0.20876608372285668,-0.49686728188288065,-0.4283086805494394,-0.30429414518615877,-0.45588396246636165,-0.3425464029603528,-0.2614103840006718,-0.3399944702186441,-0.34705018622934025,-0.22307966250274625,-0.19277007806412527,-0.2277116066627334,-0.26134858463673516,-0.471685599669559,-0.21974705901329622,-0.32788361552454215,-0.4238551680200513,-0.1505276151620509,-0.28737833818542385,-0.3182505940952464,-0.14454876172678802,-0.24682791119090755
FIST,0.0,0.0,0.0,-0.06945705952952144,-0.4033403075919257,-0.01705889255920466,-0.20170351940873793,-0.7739374369394797,-0.07241731606912273,-0.3643439062000918,-0.9354482709100441,-0.13267377129081187,-0.46826510715922637,-0.9371181125131389,-0.18802817653705692,-0.06859540721364549,-0.9474862327823195,-0.12931927111842287,-0.45794010852994815,-1.0,-0.23588640419473042,-0.44850485957467234,-0.8309875616507745,-0.2806016667382008,-0.3477742697272234,-0.7743475803199079,-0.30232599770400653,-0.049054865359996425,-0.7153386404820101,-0.1772002425143367,-0.5094121271709843,-0.6635407705349249,-0.2807558119668109,-0.44261299967200235,-0.5534016632465287,-0.283710034541204,-0.3193974989839098,-0.545756450148555,-0.2823546053023517,-0.06374744221358793,-0.4553824684582765,-0.2257425018190012,-0.4825284188192202,-0.41559231669937213,-0.31054435300563654,-0.4069675984778256,-0.3427284524970259,-0.2611703679983088,-0.2774017046120838,-0.3558690405552194,-0.22227991706107655,-0.09661861953386873,-0.19326182425609806,-0.2739023980304822,-0.4327106321378753,-0.22245673543430028,-0.3293335832102185,-0.357850294544215,-0.16776113030988848,-0.2851009269386638,-0.22898761511380308,-0.15600862979135566,-0.24256196575652986
FIST,0.0,0.0,0.0,-0.12648391667185105,-0.3380212358910389,-0.02523028649892028,-0.23624814548859455,-0.6551550759923503,-0.07781521881562461,-0.3199284802689828,-0.8749796579298573,-0.13173303452367452,-0.32959039242709104,-1.0,-0.17993124115271142,-0.0795750150522532,-0.8263201959587204,-0.1386071494459142,-0.4733173549228161,-0.7950598381983832,-0.250284235821771,-0.4405605589139742,-0.6340543301105871,-0.2948715272913876,-0.326581699201677,-0.6086512583613377,-0.3152934499447738,-0.053214855493097055,-0.613000155706904,-0.17961934405564348,-0.48419574923666714,-0.5429150019560021,-0.28022727978278594,-0.4072125687456526,-0.43601237079050953,-0.27474346627115237,-0.29002221020150865,-0.44046653725068,-0.2693110351591555,-0.057517357102009815,-0.37525978976404606,-0.2237985309809031,-0.45299004706003926,-0.3265859169959182,-0.3108158659394931,-0.37569826462370776,-0.24832298743554243,-0.2599660067610984,-0.2560411994141484,-0.2522492266498517,-0.22125397086345158,-0.08160342259943362,-0.12908945906437375,-0.26947704490436913,-0.40906277448614087,-0.14861644046987635,-0.33654777186581036,-0.34174115467038113,-0.10448601080669181,-0.3089232625798091,-0.22018256722373183,-0.09623178747659564,-0.2775267711168004
FIST,0.0,0.0,0.0,-0.1283089935574365,-0.3870298624623951,-0.02509693889186669,-0.24437163129362544,-0.7829922487076441,-0.08242283418053459,-0.3410953880608487,-1.0,-0.1377326794940691,-0.3934749942717889,-0.9798838434361121,-0.19023896906068977,-0.10242316629826946,-0.8908717539296261,-0.18914951971926436,-0.5310573608108908,-0.840294906102283,-0.2892995745431519,-0.49423023757996337,-0.6639896490445674,-0.30956141295311423,-0.38061004668606707,-0.6495154823135405,-0.31485179885934844,-0.07563183223321716,-0.6552469955097062,-0.23322765701324827,-0.5380574274030648,-0.5737504657324561,-0.330025779627602,-0.4578426593869007,-0.455060830941916,-0.30551139801115124,-0.3362204006500717,-0.4579222764763971,-0.2888246925424662,-0.08595600403662312,-0.4020409859237353,-0.27574499436828415,-0.5134898683584626,-0.35387613231919995,-0.3578076722799169,-0.4344150556283137,-0.25865867951938426,-0.30055638074946917,-0.3090093340947711,-0.2584724782616911,-0.25986374692625835,-0.11719745643578505,-0.1476509931681566,-0.31871948791462196,-0.4727402275984752,-0.1677119314280389,-0.37887879822516346,-0.40628967669040933,-0.1045427419942173,-0.3468708249588944,-0.27917273808123916,-0.0857483391856786,-0.31621939206225036
FIST,0.0,0.0,0.0,-0.13338672168287805,-0.3351601943639423,-0.028226270718085138,-0.2517122726640959,-0.6705036956257077,-0.08160742885123803,-0.33609414559499556,-0.8824625134807307,-0.1333238573913805,-0.35213893110868083,-1.0,-0.17758789269873773,-0.0931978483253544,-0.8673675439531314,-0.15483152903509675,-0.4988972270822405,-0.8048731699056634,-0.2613983003401694,-0.4625041688092708,-0.635106323174027,-0.2985726977984977,-0.3487749132697984,-0.6229870298729888,-0.3148859770468118,-0.06811946436448378,-0.6605170047756361,-0.19209745061009445,-0.5007199494811018,-0.5556490771368532,-0.2910597447433425,-0.42763171281758394,-0.4450277615968773,-0.2805733787758632,-0.3135020446565263,-0.45418344968061836,-0.27288533142025917,-0.0774786351758177,-0.4258869346499701,-0.23097890433208668,-0.47547429582043027,-0.3500113295044092,-0.31557395990873777,-0.4070844408484333,-0.25904006505929106,-0.2608462672200791,-0.29334897736133947,-0.2602721702191647,-0.22103993707935526,-0.10780376953477296,-0.180255174238121,-0.271519949384887,-0.43359548116594915,-0.1677478842107405,-0.338673539009889,-0.3720012595235952,-0.11075357931291126,-0.3117968117777956,-0.25500007070162567,-0.10463375005906173,-0.28143445128848515
FIST,0.0,0.0,0.0,-0.09690563032433024,-0.43238285567990303,-0.03749636376426723,-0.26459653733429006,-0.8243916078589966,-0.11841730331342487,-0.43574874407844344,-0.9933830893445407,-0.20175369801915127,-0.5019025351474871,-0.991258169207554,-0.2828675104967601,-0.08838608103837337,-0.970660910803647,-0.18518339042004198,-0.5075837524222786,-1.0,-0.33519403106059353,-0.4758691072375811,-0.8569233548943636,-0.4080185698212934,-0.3521406805994812,-0.827024215645348,-0.4471958664352672,-0.07121245455284887,-0.7277838016387983,-0.24058812954868605,-0.5823109039427234,-0.7054056006247063,-0.37801367093557775,-0.49903108857297135,-0.5790667115644955,-0.38578798732163644,-0.3562050793186927,-0.562533437947758,-0.386279867941152,-0.08616036844918912,-0.44456984285690926,-0.2987840512418502,-0.570107359484042,-0.44513072077365556,-0.41463121180257084,-0.4761936299584143,-0.3511151639657256,-0.3562747362186628,-0.32820340454965125,-0.33868540564615723,-0.3090412872396158,-0.12180115905111047,-0.1522013630368207,-0.3589301102673176,-0.5120438701735265,-0.19332985768395503,-0.44837934988450495,-0.43209372414865044,-0.12787685356181278,-0.4089475109355281,-0.29087915233340733,-0.10010159961967924,-0.3659542265689755
FIST,0.0,0.0,0.0,-0.036990089817858285,-0.29975409083969223,-0.032619951599762324,-0.14177889927853066,-0.6216577592571932,-0.07100653982833993,-0.25483843418711033,-0.8429892716779511,-0.10806697066365555,-0.33144458503693497,-1.0,-0.1564553420326458,-0.14861479644705272,-0.6500633600583648,-0.13806964251274703,-0.28612060593183203,-0.7793612341840456,-0.22575360719481707,-0.3385480875839514,-0.805655705124288,-0.28787012747274543,-0.36335465766974395,-0.834299571887457,-0.33129260404466077,-0.14599742149510303,-0.4823452397170484,-0.1676779257962127,-0.30739598102319066,-0.602849698280542,-0.237795148444822,-0.3535328675280495,-0.6030126535110218,-0.27353693485648617,-0.37238447044128536,-0.594737443056771,-0.3091576728156924,-0.14317560500399631,-0.2855896933059225,-0.19605821667877413,-0.29851865846732756,-0.40052283961449126,-0.2740040762984493,-0.3489140584953215,-0.4002320617032223,-0.27603734925238477,-0.37172592200985094,-0.38348093676084993,-0.27906905002472154,-0.1482660872038471,-0.08899971837897669,-0.22315935805682596,-0.28931355669786174,-0.19101978392360688,-0.29396291515273204,-0.31517559827648683,-0.19874184359549504,-0.2910716511415255,-0.3205202308358015,-0.19278818454978852,-0.28461001840860367
FIST,0.0,0.0,0.0,-0.012702835139128526,-0.3222964232676288,-0.09498196598936665,-0.08732814280645167,-0.6719893661161354,-0.16395247263836024,-0.20111933643363117,-0.8873867192853669,-0.2181557222248516,-0.2837343256288992,-1.0,-0.2712683251795844,0.12141589863265226,-0.817253589217422,-0.16769774146121708,-0.2071621010181418,-0.8806416001892471,-0.29256840853841976,-0.30897891059013927,-0.813982036546466,-0.36493751263745905,-0.31101894911543887,-0.758945867448187,-0.40102925992501137,0.11144775898031868,-0.621973032290284,-0.17485480856320212,-0.25649814038453955,-0.6734591288250722,-0.278380509462689,-0.3476983386433913,-0.5791537200757739,-0.3100578291006413,-0.32888439969435096,-0.5136271043881668,-0.32879406503618464,0.05197310738833389,-0.4032461132065553,-0.18997719726319853,-0.2964108764505658,-0.45069522019686953,-0.30093651383339554,-0.3682237621494564,-0.36313248985706964,-0.28555307727153445,-0.33510777508885037,-0.2985078017486581,-0.2624202025369591,-0.03151602310766995,-0.20169289778967664,-0.2109534672181585,-0.3199443523450305,-0.2609047062070416,-0.3060741591715902,-0.3718265910929958,-0.19712149174766305,-0.29081998512810464,-0.3369758390798987,-0.1439109562422438,-0.26078264262279616
FIST,0.0,0.0,0.0,-0.0047146245793846,-0.30982787050374505,-0.036586053175775936,-0.04199421547227063,-0.653500010309501,-0.08442301853634217,-0.12114245809949489,-0.8823240912147655,-0.1233353052473192,-0.17839103561957081,-1.0,-0.15176530479631253,0.09421262695715268,-0.7171124061488584,-0.13812708624109307,-0.2456881940109905,-0.835037538280483,-0.22009424294545407,-0.2506791893827046,-0.7312302205150584,-0.2482367597465405,-0.16219679526304814,-0.7019855119684603,-0.26002772789464346,0.07355706564508126,-0.5388307763685346,-0.16008848594599653,-0.297410226143665,-0.6493530883320767,-0.22578121124109987,-0.2557161014766089,-0.5553040532986513,-0.2202164880577305,-0.16081211230903825,-0.5373801561310004,-0.2185801335908631,0.024943008044729417,-0.3521171716408966,-0.1824802869168088,-0.3091081095623043,-0.4447605782960903,-0.23111754769490245,-0.2627600748442572,-0.3644213298842839,-0.1915732124066447,-0.16945141975429875,-0.33844791577523936,-0.1671868766138471,-0.04014274877846014,-0.17114598617939306,-0.20766355529847227,-0.2903812681970173,-0.25585298118399097,-0.2453929967797588,-0.249061223366193,-0.19830224551812806,-0.22368124204991477,-0.16259046043101982,-0.16346657760418404,-0.20173552421132804
FIST,0.0,0.0,0.0,-0.05373094878409485,-0.36818720179519165,-0.05110276949097948,-0.06886895048957417,-0.670037063391134,-0.10861296610548034,-0.08484339370030558,-0.8762618883531562,-0.15849547711297482,-0.09857980813773919,-1.0,-0.19803770421205247,0.15740823852459151,-0.754047935734485,-0.16106749715116192,-0.22846194673114542,-0.8161535563974686,-0.25668179365275984,-0.24075918343740565,-0.691894360380683,-0.2903260099612802,-0.14564263836827962,-0.6550039390777809,-0.30630509827924096,0.16441681927275933,-0.533813574770076,-0.18953884955318848,-0.2714549112195154,-0.5937834664201305,-0.2715111508056302,-0.225840280431299,-0.4872138590452683,-0.2657068879450803,-0.11887285855522291,-0.471054578157272,-0.26405690826675315,0.12992187708299832,-0.2975667505265148,-0.22124031017627885,-0.2748197946760573,-0.3630314012739247,-0.28720256467934113,-0.2191923533265103,-0.2854800204137695,-0.24290137152313604,-0.11571590406043859,-0.25962862931558317,-0.21457462157766233,0.06794443989928012,-0.0612812618065939,-0.25828089195421056,-0.2426707121881089,-0.14954205821049688,-0.3155952858876039,-0.19451969175068426,-0.11617193007883875,-0.2986610776022308,-0.08922107163482991,-0.09499636298844075,-0.27823425883667424
FIST,0.0,0.0,0.0,-0.044173740074556815,-0.3897987524616541,-0.044021715992754354,-0.05071142477743765,-0.6838455810944969,-0.12860698485695213,-0.08318206060038233,-0.8875186256898487,-0.20441670969673065,-0.13778776352986327,-1.0,-0.2721748354072996,0.1725916780327668,-0.7561345972977209,-0.23816704527445587,-0.2693105837160571,-0.7906051299699286,-0.32915841056680034,-0.2850521068875864,-0.6411074492849717,-0.3454788053143108,-0.1810101745364523,-0.6034944789581506,-0.3551855599308693,0.1762582588155593,-0.500663666887082,-0.28408913966683946,-0.3062842672153625,-0.5483913214645423,-0.3490094095524097,-0.2563548061036408,-0.42404592324864465,-0.31528474904896203,-0.14736028705633922,-0.3977198507061997,-0.30772876049554077,0.13579096345491007,-0.22777968714246333,-0.32651004917706716,-0.3069860525789486,-0.28405415729000943,-0.3570856843423696,-0.25526834506579127,-0.2002678315643057,-0.27377212344379603,-0.15219080453971348,-0.16489489885822495,-0.23904362947158278,0.07439240161942152,0.03749135155392756,-0.37617017538131825,-0.2673189636999494,-0.05688943322048312,-0.41131940837225717,-0.21852956597413034,-0.023651923468459297,-0.37267549372521286,-0.11086497073041532,0.005524870588616843,-0.34831255087522556
FIST,0.0,0.0,0.0,-0.05483843405542446,-0.41621160636799265,-0.05402476870345063,-0.06298063204576171,-0.7509706620243254,-0.14415091836662508,-0.0880741877867341,-0.9676096586551632,-0.22096653810141867,-0.14970182839859172,-1.0,-0.28853172918425585,0.17840149595918683,-0.7603876627202517,-0.26939523223514483,-0.25508075175379286,-0.8240386245063785,-0.35695331741857766,-0.2769963942508849,-0.684023130806219,-0.36153064827301573,-0.17529052760396316,-0.6418978005443365,-0.36328973921531527,0.18284970400980713,-0.5025268845646798,-0.3113329924529582,-0.2996040769437192,-0.587798351010601,-0.3758273717507799,-0.25451016575233176,-0.4721339051145325,-0.3327265477224147,-0.14156253204429534,-0.4457843554873072,-0.3175397214816557,0.13627823829447636,-0.23434638601490188,-0.3489580147528084,-0.309443110238801,-0.328913191702751,-0.38208480168779835,-0.2540865268903679,-0.25066238910244987,-0.3027809642793158,-0.14796996620163977,-0.2088085690701039,-0.2676565563749898,0.0676586911227606,0.020263057141970367,-0.39371901502343776,-0.26456226203669875,-0.107418358972483,-0.4295968638147276,-0.2156786069162464,-0.0781943243273632,-0.39706193290967673,-0.10977345113906573,-0.0405122278828881,-0.37638008160163217
FIST,0.0,0.0,0.0,-0.06375305371690024,-0.43072031280200507,-0.06128978536780086,-0.07973958514866439,-0.758788209088115,-0.14955497711428928,-0.10001763841668278,-0.967306983439956,-0.22571232657779625,-0.11837954704123482,-1.0,-0.29082815922196387,0.1848605350460553,-0.7867579850802231,-0.2503171785154344,-0.27317365813368655,-0.7996667712297356,-0.3512301778172911,-0.297524601366502,-0.6669417520334349,-0.36736531555008917,-0.18852552342265555,-0.6418949891053731,-0.3711380883831252,0.19788951591523843,-0.5103203749061309,-0.28944599916019775,-0.30905019766644803,-0.5357059644253204,-0.36069065350532137,-0.2683760087959721,-0.4326571588207398,-0.31731395818414904,-0.14363395743754998,-0.42451000584074516,-0.29510521121938255,0.1566475178945434,-0.22299817173058217,-0.32913816654137873,-0.3105717487486758,-0.262541178309606,-0.37573014982818675,-0.2602281164811464,-0.2055858858868374,-0.29353916802321695,-0.1448703365135293,-0.18511993595247977,-0.24626881862413774,0.0879052214994344,0.044979863687781015,-0.3776527636514245,-0.26041569628970096,-0.034656003346018205,-0.41929548115052934,-0.22033698881597638,-0.030589767394700238,-0.385320642827214,-0.11288502181565847,-0.019387999750738544,-0.3566343985742221
FIST,0.0,0.0,0.0,-0.05891618326486281,-0.39040055878552876,-0.06181225674834182,-0.06578939646368416,-0.6864617454826215,-0.14393865844944667,-0.07254145458310865,-0.8932514332954251,-0.21288197876109574,-0.0868970383750259,-1.0,-0.26919103999722965,0.20035210570611578,-0.7508745198434215,-0.2243329242332529,-0.2322857198844829,-0.7552324222928927,-0.3238674669091349,-0.24404512340361023,-0.6316934824237104,-0.35212728706048724,-0.13540482656769748,-0.610373620182407,-0.3653389600042404,0.22207885206258565,-0.503506086749623,-0.2588803995673022,-0.2644986472508192,-0.5098981610986557,-0.3247343772586534,-0.2114374970594031,-0.4140700636442155,-0.2963337566024683,-0.09397297247024365,-0.40768166970399866,-0.2876817620347517,0.1885696250290081,-0.2335927623666461,-0.29524249052094687,-0.2671031830463261,-0.24058414652960824,-0.3397315209630008,-0.20876253614385265,-0.181136392867129,-0.270303443561815,-0.10483893188170051,-0.15935563402452405,-0.23454004073142148,0.12203479657435505,0.027726807431362115,-0.34070814728343446,-0.2203938216479856,-0.013182030732209376,-0.3888752987196245,-0.1706452383318358,-0.004208000393107449,-0.3653562430050985,-0.06514184345311473,0.0028263550295422437,-0.3446315128163661
FIST,0.0,0.0,0.0,-0.057702022893836705,-0.3278916374376374,-0.11062061051151076,-0.11299614440917057,-0.6407153828114535,-0.202984031422154,-0.1981220660264759,-0.8522018212100877,-0.2709791512375744,-0.296854932055964,-1.0,-0.32946603309650563,0.0833455043615768,-0.5943869339053239,-0.25927404268313936,-0.33933314644573626,-0.638126003181756,-0.37378726996571626,-0.32811098111003384,-0.568313409439648,-0.4272270995310159,-0.21205611676635241,-0.545025326875635,-0.45689659274000644,0.07599070313753728,-0.35140134408456736,-0.2632926298319972,-0.39020475646965724,-0.43732615184330886,-0.3491346799019634,-0.3334914771512942,-0.39459454672174016,-0.35160558425019717,-0.2167690358859188,-0.38075447010843194,-0.3644527542130116,0.026524462387916496,-0.1303866611045863,-0.27036877019370426,-0.4030705144298544,-0.24748669592592462,-0.34447824071738303,-0.3411267158365601,-0.20856804326034217,-0.2993783232046045,-0.22313127517268275,-0.17880264022748102,-0.27323034068379204,-0.042584492126590996,0.06215349029558045,-0.28809198817750953,-0.3667313772926478,-0.05790492639736397,-0.3592566267106986,-0.3267179154459841,-0.042369603209630076,-0.34212286833005734,-0.22269067864698894,-0.021776753749710838,-0.3235967337118028
FIST,0.0,0.0,0.0,-0.0830058934132347,-0.3602814642992911,-0.0548402765844439,-0.13613598323007095,-0.6416442650356826,-0.12595494836656074,-0.1939173923043305,-0.837866526368617,-0.18519214160955794,-0.23648730105814048,-1.0,-0.231309807454659,0.047725400063844466,-0.7474666870337545,-0.1960514041178832,-0.3571725476873562,-0.7644920228344316,-0.28816527683349796,-0.35754186959760226,-0.6922683656437065,-0.3167400977997209,-0.2659969590859759,-0.6787232896735543,-0.32949769369600296,0.05617880031595937,-0.5233877647607125,-0.2252915603823437,-0.3976213820926807,-0.5163131855574054,-0.29444461558268636,-0.32725703981991877,-0.46067999411510513,-0.28307885290767537,-0.21294570029454793,-0.4631282316569516,-0.2854569041267625,0.030028267997188073,-0.2765834171574716,-0.25577557926887134,-0.3963024783983499,-0.26815340633047785,-0.306682067480962,-0.3139376284884353,-0.22307592019701403,-0.2592467793066409,-0.20510475647060505,-0.21187902700569014,-0.23597677380435084,-0.02281190845148001,-0.03783167323760321,-0.29363638100350037,-0.34767543043400234,-0.06097709756581055,-0.3416310662619687,-0.27936242737186456,-0.054450581682008635,-0.32563934092081154,-0.16578771035864218,-0.05692004296146506,-0.31185921566610864
FIST,0.0,0.0,0.0,-0.1176780968161736,-0.32619590657556896,-0.02584228608233809,-0.1992619179989777,-0.6407641594050544,-0.074307641782858,-0.2553012699278874,-0.851467375089328,-0.12214167354956633,-0.28182014182349563,-1.0,-0.16444848547025642,-0.038578815702567014,-0.8092633273361319,-0.1622225474910468,-0.41395561116854585,-0.8248869030267149,-0.26925856406646953,-0.394667136653126,-0.6617040161753327,-0.30653343178944426,-0.28994016383777754,-0.6141096426972535,-0.32187255393106423,-0.01585706521248791,-0.5977225982701553,-0.20235529935095184,-0.4370482071084726,-0.5643647078332079,-0.30349007631634717,-0.37362741294543067,-0.4500291978569364,-0.2935614243986686,-0.2546109125006961,-0.43441308885326313,-0.28484817022051284,-0.024451844069443923,-0.3572554574481291,-0.24389026195685046,-0.4123137178283017,-0.335491309554217,-0.3304828689412516,-0.35035250540012575,-0.25346882051546893,-0.2766526646682534,-0.23229951867869508,-0.24992463312900537,-0.23581397061668283,-0.05118289431806904,-0.11039434373577635,-0.28658429159399745,-0.37452621538218395,-0.14445239162648396,-0.3526508012632015,-0.3259622614976867,-0.10222547714462693,-0.323585808575888,-0.2130286219887085,-0.09027442252176772,-0.29173992223815165
FIST,0.0,0.0,0.0,-0.11591080901649349,-0.32038222782411835,-0.022186242359416013,-0.1894303490778659,-0.6371435761950995,-0.06739825825285366,-0.24150884199386083,-0.8550180554751325,-0.11354126835471275,-0.2875780929575066,-1.0,-0.15598528900338174,-0.0456862147213275,-0.7754113188492808,-0.15571182630923505,-0.39948675068334594,-0.8157491414165636,-0.2630318987236161,-0.39740170540952074,-0.6587949083127045,-0.29967636089052657,-0.2993322369428832,-0.604407451113556,-0.3129164946195785,-0.01730143268065861,-0.5719839464827152,-0.1967308996053373,-0.42261328561527284,-0.5550426127819579,-0.29954511323337546,-0.38100942240284025,-0.4371141266749615,-0.29079727442875647,-0.2665377261024603,-0.41306657243675693,-0.28025704094667314,-0.020487306150057494,-0.3415400077986692,-0.23916880498736542,-0.3973855049654361,-0.32885650368431785,-0.3279044517548074,-0.354701505213736,-0.24235896430721368,-0.27683507808482777,-0.24292293224188322,-0.23200992814541646,-0.235681699498254,-0.04121649615832935,-0.11016783178870386,-0.2823241213716124,-0.3563218704230738,-0.1459457907476858,-0.345714213468731,-0.32574409361482753,-0.09982777805134964,-0.3160957916710816,-0.2218039691729609,-0.08297771219895043,-0.2832773009654047
FIST,0.0,0.0,0.0,-0.090638025115611,-0.34399292574719276,-0.031941638080166965,-0.16842493841909914,-0.6699733540952139,-0.08615543864110689,-0.2421471766751012,-0.882904168708177,-0.13934422709980573,-0.2971562040660174,-1.0,-0.1933108047789944,-0.04337543878489305,-0.7337718385674302,-0.18669024967835074,-0.39385432677141574,-0.807127611734937,-0.29613138202862693,-0.4179572927223792,-0.6656541334711492,-0.33293723355657157,-0.3415555301998107,-0.6107538374801162,-0.3477998133432701,-0.022565792564651556,-0.5132090193367385,-0.2267334192322164,-0.4213264559604271,-0.552945647723688,-0.32918650364671126,-0.4206151713861911,-0.44228594344624844,-0.3192750198993708,-0.327366753696532,-0.4094708740796424,-0.3093142672364583,-0.031071675470330424,-0.27346383338590924,-0.26699684118387795,-0.4088750327200972,-0.31532105966132185,-0.3572050584587469,-0.41112483304360664,-0.234913518266204,-0.30306869283934706,-0.32090193367384606,-0.20992140464860293,-0.2588700919171437,-0.06013383358726366,-0.04876703961984281,-0.3083937208611739,-0.36985556174534034,-0.11874106489653738,-0.3727475241110346,-0.38239323180594803,-0.09169110885892437,-0.3406737327410861,-0.3088300635608862,-0.07701371223765194,-0.30631320509176496
FIST,0.0,0.0,0.0,-0.12639046004982377,-0.3371116266724766,-0.01979355117579335,-0.2103674990144852,-0.6584633576168408,-0.06507678236605668,-0.2669846783518222,-0.8794428867684774,-0.11212664816421357,-0.2986672903672788,-1.0,-0.15330351508292958,-0.04397356234534341,-0.7996559748388852,-0.13980303613023945,-0.4193006423237697,-0.8241731476533904,-0.24894396332993105,-0.40173754226703273,-0.6510016383818773,-0.2921076977529165,-0.29339130368052874,-0.6030282955773699,-0.3112947910872997,-0.017624324590792398,-0.5952394338048512,-0.1828338115514751,-0.43075680363890606,-0.572509783830684,-0.28227728137103286,-0.37306193904271856,-0.44873412854049216,-0.27374269393013667,-0.25658985350987573,-0.43070325302465046,-0.2645787825065228,-0.02085904861077862,-0.36389794420693294,-0.2281773771115236,-0.40035356751356155,-0.34156083191296305,-0.31102347214568005,-0.3424907108034944,-0.25088479461170715,-0.2563145547672712,-0.22545842912526157,-0.24506562786260147,-0.21441174129140095,-0.04029341732827811,-0.12422040898989695,-0.27505065934211187,-0.35896294647824634,-0.150190955484759,-0.3322964745117497,-0.3112351691073346,-0.09967153955013147,-0.29864767078409316,-0.19781596906008997,-0.08450820767428681,-0.2643045441388923
FIST,0.0,0.0,0.0,-0.007248371410221121,-0.3739225450208109,0.04309220079508058,-0.12989306775433943,-0.69829654930811,0.04530131779601478,-0.27146151857134515,-0.8786446212746791,0.0307688518274939,-0.4039077813644288,-0.9443149496617704,0.011151766407595076,-0.24353276781022445,-0.8384855991792408,0.03759526391492477,-0.4633934305899624,-1.0,-0.0074291595556917975,-0.4855082618088398,-0.9422586726054935,-0.05465633509019663,-0.44261796328270314,-0.859407243366781,-0.08004855336084699,-0.3485642969747016,-0.687036759002077,-0.004818977803586725,-0.5593636613867827,-0.8384167855266121,-0.022697324763456896,-0.550403081183428,-0.7824890106682014,-0.047465165028723104,-0.4848063625520273,-0.7064382470451834,-0.06778148366512844,-0.43637969288258305,-0.49740009508795635,-0.04612287523357926,-0.6188176146268631,-0.6550974234500246,-0.05694963477782435,-0.5976424025556973,-0.6143357605785351,-0.044106967550222156,-0.5279114430848535,-0.5553270108183403,-0.03836366997392241,-0.49244155010050966,-0.2965388817989974,-0.08388824439797299,-0.6389199592956818,-0.4344664648132856,-0.08669328046258276,-0.6119095580078239,-0.41506226592931794,-0.05121866957250944,-0.553001526411931,-0.3760962223389969,-0.02103155541118104
FIST,0.0,0.0,0.0,-0.11676056626114466,-0.40979252697103924,-0.000871115074540824,-0.3069696301666557,-0.7889129540532126,-0.07529168556464727,-0.5142590265199121,-0.9801385880743348,-0.15710026788909973,-0.689272264885491,-1.0,-0.24476211116957808,-0.22427336713567222,-0.8490485421889098,-0.2065154361015681,-0.7472926690135884,-0.8627532618650983,-0.364249326203816,-0.6879813821990005,-0.8188414327888748,-0.44205097344284977,-0.5508162333043187,-0.7926424232231614,-0.47250449825711494,-0.20821460470126749,-0.592776965925697,-0.27789873451137337,-0.7858111993163777,-0.604359910820006,-0.4228438379069857,-0.682324225186303,-0.5829035315186735,-0.4426019848994336,-0.5126481503787422,-0.5510260017408735,-0.4463662260854094,-0.22318066221372745,-0.30357697228920316,-0.3435163980137108,-0.7495685315527637,-0.3218156901336109,-0.4650403611599192,-0.6370951503264706,-0.29615030601646786,-0.4084008662859507,-0.47783136254031167,-0.2718826205827608,-0.35468031738808725,-0.26956948607869385,-0.008868454963421203,-0.4055578562566104,-0.6810733416816475,-0.06387596617341917,-0.4979760227032058,-0.5831948891954483,-0.044122733853171184,-0.4497459580908911,-0.43665947741978006,-0.020082316498071632,-0.3981889444843512
FIST,0.0,0.0,0.0,-0.051198276995077834,-0.4872449609813895,-0.05014990420512506,-0.2188614490989206,-0.841564776229726,-0.09807990703751945,-0.3913561202941243,-1.0,-0.1512756211665353,-0.5314263607104283,-0.9880621926117122,-0.20971978803989802,-0.7401346702860706,-0.7718560051702006,-0.10715122754351133,-0.5937032154655404,-0.8332111273942564,-0.21420332136605053,-0.45399341669030085,-0.8646201948114192,-0.30272064875180854,-0.3523513443806185,-0.8922311609333635,-0.36002234655793197,-0.7510944184166656,-0.4679945610122209,-0.13346723480867087,-0.4541878427160155,-0.54109084117543,-0.23587658892393118,-0.23636497940121726,-0.5879922288881005,-0.2967616887012924,-0.07278648316670834,-0.613400029448008,-0.336173721671203,-0.6911971208148995,-0.15808441696402897,-0.16222230668453863,-0.3701824590667748,-0.2569862434322543,-0.27217590630823657,-0.17586167539401534,-0.3259667197982515,-0.2945941596757349,-0.030279568319872562,-0.3532120562911519,-0.29562243124565957,-0.5905891874424998,0.11937016837738512,-0.1959945798286471,-0.33678243950064873,0.007364472460677522,-0.2845112432754673,-0.17272985998361584,-0.0659230221166398,-0.29072330302527777,-0.058557808514822327,-0.11344103925775209,-0.2751428795767579
FIST,0.0,0.0,0.0,-0.04546666463971523,-0.5028720342679528,-0.052969488891970576,-0.27558987210326225,-0.8810304241512823,-0.07677306892916903,-0.5250694913014549,-1.0,-0.09964653680237855,-0.7352317097842115,-0.9337958680594941,-0.11857880529431498,-0.7824755625667286,-0.7271742854703833,-0.02962587624107476,-0.7883694598447277,-0.7545217583491883,-0.11423516956613852,-0.6107843951245581,-0.7302158820220712,-0.19278611258093253,-0.45996342132251566,-0.7194235350111035,-0.23489051061728436,-0.8399444595816138,-0.43548564392154293,-0.029510366503229746,-0.6853201745205187,-0.45324758549154937,-0.06941667411420827,-0.48172820218372836,-0.4468539179996796,-0.10953104953884484,-0.33558422392512127,-0.45827072197281626,-0.13392462135958125,-0.8128149327071612,-0.11614607147576488,-0.037707264017739016,-0.5954252680545827,-0.15673226583156266,-0.08176636756460194,-0.43544646918702484,-0.18483516791928367,-0.08659113627287646,-0.3149020105409271,-0.19565031813392614,-0.08428127954423575,-0.7467236473899687,0.1911177428804305,-0.052534962700152364,-0.5239562272041051,0.1439162806688472,-0.08849641885426927,-0.37109085848799556,0.1048561468666644,-0.08088827977694538,-0.281024050948204,0.07925341141773949,-0.05749570555982613
FIST,0.0,0.0,0.0,-0.051118425930044634,-0.47284907255015346,-0.12014629267780845,-0.14787628071111902,-0.8392266061711371,-0.24111018996885422,-0.2045255993950447,-1.0,-0.3574291370797479,-0.21473303382115266,-0.9856803522974956,-0.48058676648531995,-0.6640328870305295,-0.8048408285515176,-0.25630018374137326,-0.26077250418872233,-0.9378384710051451,-0.47011058660008354,-0.0035499607075604586,-0.9133709947659505,-0.6306312855606874,0.14329789600106757,-0.8811488219681806,-0.7314903072530794,-0.6794267752027638,-0.4354871521136367,-0.2871703259355224,-0.1924508103138947,-0.6022638376110196,-0.47197015690389565,0.09652565870438741,-0.6316492445472474,-0.5469993667551775,0.2602316029832599,-0.6432578621947422,-0.5933385717134385,-0.6019978352089913,-0.04785552244117255,-0.32872508328617406,-0.13818068591254837,-0.21172545705262222,-0.505728701156079,0.12766395326423796,-0.3272493809587355,-0.4986474251155707,0.28086176474949215,-0.39113621873285587,-0.4732993163422362,-0.4636036356627078,0.29588897291045774,-0.38141094393887337,-0.11940008599854691,0.12760345773467965,-0.5058459112445982,0.09437006064380292,0.0015438221905905729,-0.48373320125245667,0.2160241982118233,-0.08192399507732455,-0.4463128240450371
FIST,0.0,0.0,0.0,-0.06723351913555257,-0.491764083081618,-0.16711743862237746,-0.24679133061377012,-0.8730563946065456,-0.2852248445016164,-0.4528776507956279,-1.0,-0.3805058638707193,-0.6634036060162551,-0.982035935602404,-0.4673514949235639,-0.8262220907420671,-0.7507040762308099,-0.3032369618684149,-0.2691436489895058,-0.8051362376607605,-0.5536203735708407,-0.06549372528259584,-0.8041073708466976,-0.7315738114308974,-0.04210350948214119,-0.8268383520692555,-0.8396582320705137,-0.8046744309158285,-0.30434216672375675,-0.3097355761367797,-0.10013950736461869,-0.47140659545978264,-0.4917530612674122,0.03274094603431632,-0.49895867717123904,-0.549803617117068,-0.018767477345623267,-0.5030436271914801,-0.6005761625036716,-0.6808695855261109,0.1055011988914147,-0.336117337417258,-0.03174695606140815,-0.0949204372061159,-0.4965464471236075,0.051234079656213995,-0.16074736088188585,-0.4625132674144554,-0.02777846977859434,-0.1690231370473017,-0.4356301126173328,-0.5047740790334133,0.4663724971195466,-0.38331461733504835,-0.05694267119235201,0.26253542179179773,-0.5056783796742879,0.016240151963379315,0.20016068258960545,-0.48887256894343123,-0.05429607946937377,0.2025709214336873,-0.4600119439628938
FIST,0.0,0.0,0.0,-0.06089955173116872,-0.49005505107664304,-0.14251295953172402,-0.2148868394535671,-0.8804626299817088,-0.2451976783516275,-0.41604518738937335,-1.0,-0.33378536558586497,-0.5988298321872978,-0.9323684373827247,-0.421951341774723,-0.7116626725332655,-0.7838020407017461,-0.2631962666150808,-0.2663857475924388,-0.8534494833236311,-0.49194732301657834,-0.0658059826306909,-0.8170637652808846,-0.6633760949609185,0.010858329910493982,-0.8026884309999911,-0.7648445669167832,-0.7072076131827087,-0.37032974501570565,-0.2758180482842247,-0.11825934582891319,-0.5042861828594055,-0.4610785325150314,0.04168190938291378,-0.5027708746413406,-0.5432664582152852,0.0726198461643022,-0.4880994524442028,-0.6015777524031563,-0.6169890045595176,0.014208083022815317,-0.30244725209731693,-0.06691439158661162,-0.13523593951768992,-0.4652666473333156,0.06496381640185217,-0.17938199773649358,-0.46343445560309243,0.08121998859381879,-0.18441490131880275,-0.4511500944822135,-0.4736836350849406,0.3546760910485117,-0.34580045513620733,-0.09379929258036777,0.20215535455198233,-0.46296930651012025,0.03357642880149403,0.13567209297515168,-0.45257948697009076,0.05498281685396247,0.11467526365712902,-0.42612689797380515
FIST,0.0,0.0,0.0,0.05128574913556554,-0.37445332378932966,-0.02145777709560189,-0.004540375583898231,-0.728297937036794,-0.05777310123389434,-0.09396503587837164,-0.9330493152671627,-0.09304481233576568,-0.18241349409454616,-1.0,-0.1279730131908667,-0.22874673405968238,-0.7849749378498896,-0.09216582295272499,-0.23433277928550378,-0.9213820145227832,-0.15325043403897629,-0.1978992765014185,-0.8382061850099967,-0.20050403035646416,-0.1677353228951887,-0.7505182138061298,-0.23431706226827856,-0.2931393062302858,-0.5928768122756903,-0.11674357899198513,-0.29524202031987173,-0.7299964392795605,-0.15908055517456376,-0.24234632992908417,-0.6732995325564206,-0.1808853468521059,-0.19698116718100422,-0.6023780250127916,-0.2047516697288105,-0.32678882530959275,-0.3741051734850841,-0.13792647601688438,-0.3202440464571441,-0.5153656360212473,-0.18254486245600346,-0.2664133876588639,-0.47928962713183665,-0.16432592750750188,-0.22183857078815825,-0.42149748911319374,-0.15296751113639398,-0.33147382342360937,-0.17303638861292572,-0.15790530669091676,-0.32770916896684876,-0.31784782175516907,-0.18652293416643503,-0.2797850811704106,-0.3133864604468552,-0.1533654262157505,-0.2467477703857339,-0.2771085487555658,-0.1253197508864245
FIST,0.0,0.0,0.0,-0.029618368738985802,-0.3901473393048514,-0.12321965320648526,-0.06816005858790215,-0.7160085890378493,-0.21998907909047175,-0.13533126278082833,-0.9409025280945923,-0.29700309845320444,-0.20455680624350275,-1.0,-0.3577935533239318,0.2297948482750915,-0.6370736884658968,-0.19254033948978996,-0.310824927115007,-0.7364230406286085,-0.33223929584689627,-0.3085893361116088,-0.6350555995428785,-0.4198649876147867,-0.15919018560865825,-0.5697260506233798,-0.46857974648459266,0.2073132091904265,-0.29945769022426805,-0.20444616934855817,-0.3737325857808244,-0.4303976135341358,-0.30036419962861044,-0.28874433617011414,-0.3502939834290029,-0.31050104698184183,-0.11705672881000895,-0.32937615677036025,-0.3208580348900569,0.13705866063228406,0.01686512966726082,-0.2303452066265334,-0.38984173511596326,-0.12115232969277372,-0.31017668668000953,-0.3029898047046985,-0.0818156559741145,-0.24889573364462805,-0.15455518874385435,-0.06447697747362156,-0.20188953047611832,0.04023191962334513,0.30809215572322995,-0.27452682235496234,-0.33908276068874743,0.17921116033459528,-0.33406474744476794,-0.2730247633460355,0.1752956640226092,-0.2978723611188576,-0.13621182500076287,0.1870765678447035,-0.2601170514181501
FIST,0.0,0.0,0.0,-0.05300488676252383,-0.41230678240381335,-0.07120253722038462,-0.08169961056360234,-0.7337806863236276,-0.14813279491187353,-0.11705941105948149,-0.9328902487238875,-0.2146192958906666,-0.13454063151761747,-1.0,-0.2677169699165554,0.19329042543485464,-0.7961425308403856,-0.17227954224560277,-0.28722875106642826,-0.8445975903923015,-0.28133518899333665,-0.2875798920846612,-0.7171199953901487,-0.33892396664644214,-0.16235180048307402,-0.6714180414854606,-0.3714776151916979,0.18802150943819038,-0.5180772598275467,-0.20226425910789464,-0.3312602341100186,-0.569462296058097,-0.2757499709697784,-0.25014185696975905,-0.47124605241464973,-0.27880969975685926,-0.11275388195899473,-0.45087587175009486,-0.2902532454848236,0.1403935820625563,-0.23023726328493524,-0.23758952073296327,-0.33860558400253543,-0.3008396171902636,-0.2929124634267491,-0.25114866130237906,-0.23183950674590917,-0.24510606437689067,-0.1265814351043379,-0.20372421564500304,-0.218130831123216,0.05815335438712187,0.04795125722490152,-0.28339324050682446,-0.29832140587660005,-0.03703967513353363,-0.3316807577737589,-0.2205515735119224,-0.009627466390502425,-0.3053992531214905,-0.09354676838218229,0.013519829563552722,-0.2797835158413988
FIST,0.0,0.0,0.0,-0.04006189327359412,-0.4246535767503624,-0.049322869879019404,-0.10350841180863178,-0.7607664899494176,-0.14065275838221925,-0.21713646254641783,-0.9565458873537352,-0.22630576958670104,-0.26708632789665926,-1.0,-0.30262806569452894,0.17076085560882978,-0.8616938331424246,-0.20866316142763522,-0.34253010613171686,-0.9115890023077988,-0.3085093046497009,-0.3455916142090129,-0.7322982872280396,-0.34749026193007987,-0.2130034160829591,-0.6662147367994242,-0.3735934882024948,0.1653199578987204,-0.5603009599497217,-0.254691532064189,-0.3970151088179542,-0.6162321382111349,-0.31591638765781366,-0.31794554371809036,-0.484899629333036,-0.30416372971888417,-0.17994601338726082,-0.45591022898906247,-0.3163218046497009,0.10902850283659905,-0.2514030944102611,-0.2985415321064254,-0.40903390910043147,-0.31146077248752335,-0.3243111433284776,-0.3203502752126182,-0.2172409977259903,-0.25853180083152705,-0.18886191388497497,-0.18149461232019948,-0.2382384075393489,0.025156232577470072,0.04199104249661264,-0.3508312432260965,-0.362979932624437,-0.03969633691836204,-0.3758733582325333,-0.2843937635367778,0.014292810006994354,-0.33448991326829913,-0.15598992914415466,0.05263504678107672,-0.3097057308981255
FIST,0.0,0.0,0.0,-0.04487054212436316,-0.4768141157353499,-0.06115967720945206,-0.11467496876309077,-0.8201052600150371,-0.18280947769811404,-0.23676943858611027,-1.0,-0.29614570966281384,-0.29825774498920166,-0.9987912379225578,-0.40039798943694904,0.17993907332462952,-0.8925237703605386,-0.29209752158450125,-0.38737273391039057,-0.9400083961916756,-0.3965690930566305,-0.3841886501221881,-0.7685401574104986,-0.4198752823979909,-0.2405429748394726,-0.7112981254235418,-0.4366466865796201,0.1884501697785957,-0.5515931502275929,-0.3448294562009681,-0.4367700266814324,-0.5883350840478692,-0.4040909735954706,-0.33470291686232145,-0.4791334732095438,-0.3663606438006616,-0.17900038271434038,-0.4690322574807987,-0.36575154103507546,0.14117680588240084,-0.2013009573287082,-0.3923169942349021,-0.4309089782250921,-0.24367096338156619,-0.4096553166522815,-0.31786800969542994,-0.17463038209005458,-0.3154066514024722,-0.1635800709876292,-0.14917535464409828,-0.28358325846341603,0.06318722331246047,0.12964968518805026,-0.45017279416668304,-0.36272226610318087,0.052197983647331,-0.4842841323730647,-0.25618992945570424,0.08371355957812755,-0.4350995435014568,-0.09973847853406836,0.1100941585848798,-0.4061221643618312
FIST,0.0,0.0,0.0,-0.010349023981819524,-0.45448713105590777,-0.052600466590914954,-0.07719402936655607,-0.7921363638109848,-0.15004376585399787,-0.20555052581749605,-0.9696965040403666,-0.24136632587257445,-0.28214610883954766,-1.0,-0.32580504552180467,0.15499376155968264,-0.8623475231705875,-0.2450278079962309,-0.38532367965107417,-0.9264768968550834,-0.35220268665291093,-0.3837112466508134,-0.773647274358623,-0.3903450240426177,-0.25590581598500556,-0.7084541857736242,-0.41567476178908735,0.13939275196960133,-0.5282787240372676,-0.29353352226243196,-0.44664137996092595,-0.6046527709303621,-0.36703093425944566,-0.3523619635698989,-0.4888410245640455,-0.35768210428180847,-0.2072331759530429,-0.457209165534442,-0.37283561302565593,0.07982429068954934,-0.19877126416027777,-0.33789733260701665,-0.4577250160389596,-0.27712248899042274,-0.3799693218179084,-0.3490167253374584,-0.19585330466596065,-0.31637047167151955,-0.2033535191590335,-0.16067131849852287,-0.29632043822767423,-0.005196494863050975,0.11132809415328165,-0.3893949851350683,-0.399593551633925,0.014019096499686478,-0.4337289692041022,-0.30426536015841327,0.05676404438747395,-0.39579146736330345,-0.16337862658698196,0.09153497218846535,-0.37256106722807675
FIST,0.0,0.0,0.0,0.03693637320417226,-0.3860772896554909,-0.06148155893618919,-0.06204969962726076,-0.7841483919350756,-0.13948918851721182,-0.2616156598248874,-0.9693369827068735,-0.20641305381998085,-0.42516575034272586,-0.9712193875357653,-0.2706062827353749,0.08580008375089364,-0.9200127218562765,-0.2003084610348178,-0.3410504368261914,-1.0,-0.3045382817067993,-0.35041966999600355,-0.8379185355376059,-0.34924989939670764,-0.2481166000321629,-0.7694099860998992,-0.37344496135803895,0.04854486802865363,-0.6884458795674887,-0.22492166794171897,-0.41393381609513846,-0.7494825277484544,-0.310756133743172,-0.38984289542443074,-0.6181934486420732,-0.3168782285345352,-0.28184623749906457,-0.5752329023187533,-0.32497077307297384,-0.03229106460760477,-0.42843119927776796,-0.24712784520701347,-0.4532010037369458,-0.4890455104903567,-0.31433776319960327,-0.4201629878370138,-0.38573177741368964,-0.2707885175547293,-0.3000638481147292,-0.35186401466118306,-0.2442771701843641,-0.13430972386088436,-0.18686878336700882,-0.27336291712769534,-0.4544606506138813,-0.24082521698009562,-0.3299189273290637,-0.42265461672820603,-0.16147841026155435,-0.2971463647427851,-0.32000344716130646,-0.11985891318089396,-0.2656523815518761
FIST,0.0,0.0,0.0,0.104077184504721,-0.404786477899331,-0.006544670778445962,0.03325850195806103,-0.7995432570512198,-0.032691511064059514,-0.16034753241615887,-0.9752803780458424,-0.0548560311027633,-0.35494708290511867,-0.9456021064894181,-0.0873498288426176,0.06462625191525771,-0.9469047213471564,-0.08730947609974202,-0.27400764926811777,-1.0,-0.10459445915050086,-0.32401194049097687,-0.8616766787939093,-0.11458703174078319,-0.2694498042374628,-0.7544675550877566,-0.12426546830235047,-0.02958329829923808,-0.7430367829682454,-0.1092844852812163,-0.3702140339978121,-0.7347571189644604,-0.10793571118774258,-0.3827217505749585,-0.613119030680283,-0.1174946483563981,-0.30574047991119563,-0.5292650507562354,-0.14118496223865654,-0.14661910452416874,-0.49545195725506375,-0.11996067200038256,-0.4452392040892522,-0.4732438987306258,-0.12735189494661855,-0.43969808088671913,-0.37902171445898136,-0.11240141473264119,-0.35578790119121734,-0.312185373856999,-0.11519493682677537,-0.2685793612656363,-0.2630902990916984,-0.12663847914629242,-0.5010778157719213,-0.2721049166958194,-0.14104719928145068,-0.478375939875829,-0.18421021676992466,-0.10223920133513846,-0.40784217710072784,-0.11519036256694416,-0.07311753623611142
FIST,0.0,0.0,0.0,-0.0304590443262851,-0.41048396524178776,-0.09592185757662398,-0.15827216757057383,-0.7418342821111399,-0.23251631849577536,-0.3506542847325297,-0.9466950119202389,-0.3491629631167897,-0.47788667271239454,-1.0,-0.46230042689555856,0.022838858916090728,-0.6566825071822538,-0.36650290889121556,-0.5164844239850085,-0.6992619370653895,-0.5036689861141719,-0.4927794436985685,-0.6132830073717733,-0.570919923083916,-0.3447811759413092,-0.5770356509017227,-0.6181544232309264,0.009809400162242776,-0.30437701253661975,-0.4033809542642854,-0.6064306412132076,-0.3796365832663226,-0.5065849502011311,-0.4939778882225206,-0.3165195382102992,-0.5061462437861651,-0.3089655517494235,-0.3132804391182211,-0.5312443355737759,-0.04975149932871166,0.0037438937557785707,-0.431964066491652,-0.6275992497157209,-0.07860715639424286,-0.503263268473281,-0.4830450985323759,-0.021668532340511453,-0.4299940665713564,-0.2979749763543552,0.03110642134236414,-0.4005534952943499,-0.13252188329147374,0.27918155958525365,-0.4698344595761422,-0.561715797061918,0.18368680767854675,-0.5435701260645072,-0.4557259655747751,0.21596399839882674,-0.49792976967947455,-0.2994351170592257,0.24828325534108178,-0.46707259070231255
FIST,0.0,0.0,0.0,-0.0949271049494459,-0.4041276877566338,-0.07175229837362948,-0.16593262395690758,-0.73313400150117,-0.166105465180111,-0.2361877345578171,-0.9345217890414588,-0.2499648187939571,-0.26964616539361563,-1.0,-0.33123876024832594,0.028168307651551944,-0.7817305841317498,-0.2807787620144083,-0.4101219479888737,-0.8208705020089188,-0.39192408851888977,-0.4148930195593624,-0.6733574109232195,-0.40949753547019,-0.30123926001147955,-0.6258557993730407,-0.4147147636038825,0.04437317320853018,-0.4927694820963398,-0.3128320977025182,-0.43212203629299306,-0.5252816459887854,-0.42092916600575453,-0.38466475341074663,-0.42529347874078327,-0.3989368484641412,-0.2641343988697073,-0.40304649211885735,-0.3899507563629447,0.017935626296966753,-0.21049865336217935,-0.342024777291021,-0.43028036557905425,-0.26300110380149233,-0.42846300855950964,-0.3726716411320588,-0.20090670669786745,-0.358616414890915,-0.24968978762859287,-0.1756792794383858,-0.3166898618422153,-0.034220671994348535,0.045012495032893285,-0.3761687792337116,-0.3863372334319396,-0.03810287429908605,-0.44476116741862043,-0.3303105655878847,-0.006594198419356263,-0.4064898088597437,-0.20738222438076737,0.021419047198551814,-0.37427567137022977
FIST,0.0,0.0,0.0,-0.08325255695967122,-0.3997303384083908,-0.04907378741067807,-0.15669888563826603,-0.6999926737707609,-0.1349024891641124,-0.23883683430816796,-0.8976314441758944,-0.2163384142449651,-0.2767615178538093,-1.0,-0.29382772957362047,0.03667446957043641,-0.7987791261640075,-0.2355204988671395,-0.41643819163302354,-0.8198247763210635,-0.3440136986822931,-0.39696116464502657,-0.670804694704052,-0.36930583207320306,-0.27073463763695294,-0.6158424776180175,-0.3796179179915565,0.051524172682040945,-0.5194127463708749,-0.27746668348670744,-0.438027321199501,-0.5382939888993538,-0.3697208603179301,-0.36227164530906475,-0.4335229229963996,-0.35044799033102575,-0.23631351189138583,-0.41239555720552257,-0.34604214840287495,0.02844972058184349,-0.23490673498845063,-0.31665285212946004,-0.42677856542569265,-0.26521689512995955,-0.3862353433573572,-0.34102857440736795,-0.19871340143439115,-0.31784794327409177,-0.21012065736000737,-0.17865784889229527,-0.28211738613549153,-0.015329782460302756,0.042327289429026096,-0.360481292093477,-0.3693421609699364,-0.011120018428284317,-0.4223350737662101,-0.2939004914913596,0.020784301017852752,-0.38537142947436415,-0.1653140733341458,0.04592629954274467,-0.35529309781878426
FIST,0.0,0.0,0.0,-0.08940525254038295,-0.3928021847328064,-0.043860675061950405,-0.16140316933274249,-0.6928721566538859,-0.12334194177476802,-0.23559698392587552,-0.8959419059685563,-0.20108478126861237,-0.258679222777698,-1.0,-0.2781966642206369,0.03281329424891835,-0.7580091497475394,-0.21988722120128953,-0.3895858341880449,-0.8204873485357561,-0.326604174551724,-0.38517808859457686,-0.6963617374950329,-0.35444176479920547,-0.27811654173662126,-0.6393120837832271,-0.3666539107874011,0.04031637849192133,-0.4923259734522787,-0.26417848504397545,-0.4310311947168079,-0.5507272156099103,-0.36418248554466653,-0.3635067305498517,-0.45036466535876735,-0.35235352944389864,-0.24229684738007512,-0.4147445192707109,-0.3497145642724397,0.014700344727868866,-0.22224025264787203,-0.3058371117011276,-0.42725538086847015,-0.2802375439231571,-0.3900860959293595,-0.34558882169087946,-0.20953088299848752,-0.3284725774096852,-0.21768583647652195,-0.18031015106029305,-0.2915096847191504,-0.031625366589759965,0.040085103609067085,-0.3501811015361284,-0.3807308147602612,-0.02964895454737737,-0.42003519638448905,-0.3094428459778628,0.008724298841822542,-0.384364643120878,-0.1859744786259706,0.03860764892264739,-0.35352095616235424
FIST,0.0,0.0,0.0,-0.09180090066315369,-0.3920203628191267,-0.03561561300771007,-0.16037882334913892,-0.696654606747312,-0.10021089186851591,-0.230394742442687,-0.8997120942546544,-0.16553096567522235,-0.246122125837455,-1.0,-0.22838020675159143,0.030142761068877748,-0.7665835241638219,-0.1717346981493219,-0.38809626369510253,-0.7975721254118108,-0.2747641676263754,-0.3759160289097549,-0.6658631638985605,-0.30875181543132824,-0.26175399467093446,-0.614775983450953,-0.32423513443463975,0.039193319088440357,-0.4961935489363151,-0.21608713368550592,-0.41994943346755315,-0.5329017868544041,-0.30846099402312693,-0.3486291702491721,-0.43762081910972256,-0.3023887536873788,-0.22668312490955062,-0.41351505503579666,-0.301728749771452,0.015172343341647583,-0.21972128816964476,-0.26015275951019157,-0.4136250415003107,-0.27375324553712044,-0.34184799399758825,-0.33401169670295994,-0.20868348245068913,-0.28813216258674795,-0.20990576237134903,-0.18798014795392828,-0.25222094345659446,-0.030305186900373714,0.049279043832841006,-0.3067346875082166,-0.36668142233270057,-0.03705624462624182,-0.37471838959131937,-0.3061560071167712,-0.008551362487124263,-0.34325598248816874,-0.19299440703504755,0.017994194212941288,-0.3118418434387174
FIST,0.0,0.0,0.0,-0.07801035948443497,-0.36884410868854434,-0.04167927737688235,-0.15393643200082602,-0.6814971347937567,-0.10448198200681472,-0.2223067921735988,-0.8912164650410421,-0.16589210659596307,-0.20772487136686685,-1.0,-0.22102177223585914,0.07260793997694068,-0.7955657276591351,-0.1577369918156289,-0.3621006349916539,-0.8132381132659909,-0.25694702735106967,-0.3627399287570339,-0.6565951368931872,-0.29234572553213695,-0.2480478738965084,-0.6055428404260811,-0.3100194878146652,0.09076525958940648,-0.5440174837810398,-0.19435007926895098,-0.37572972414861217,-0.5506038443668152,-0.2727275164151023,-0.3104345132591076,-0.4358527645368347,-0.2612184217514414,-0.19506978024814578,-0.4249766825557984,-0.25844136577236687,0.06614375935709246,-0.2744729913441517,-0.23284107064751958,-0.3610046290719485,-0.2798148371220595,-0.296324834478808,-0.2842129717265234,-0.2045801999621414,-0.24373208095537868,-0.16724234654368364,-0.1891999793498649,-0.21311816964770888,0.017223933506565023,-0.0038591660787114317,-0.2754727797903669,-0.3124719932542892,-0.04350054206604601,-0.33097240550666845,-0.2495145497410129,-0.008731909621242106,-0.3040672799710556,-0.13966443530484762,0.015376090585259246,-0.27815725433047117
FIST,0.0,0.0,0.0,-0.05931360582964912,-0.36389962799683706,-0.04198396861312724,-0.12148938966861883,-0.6662194839525388,-0.11457681031670561,-0.19705318414260886,-0.8697912428688962,-0.18234642046100724,-0.24268129503557642,-1.0,-0.2450911147737194,0.07423076575345419,-0.788005836325563,-0.20954658723303654,-0.3650680058502348,-0.8014606114093489,-0.2934697383967896,-0.38095829238794876,-0.6637196421703732,-0.302536706963948,-0.2799440291371182,-0.6161391927482681,-0.3064467955937537,0.08442173294081401,-0.5356817728186629,-0.2492676526684555,-0.3962244008760052,-0.5439421346958845,-0.32082184210284237,-0.3371604662662191,-0.437307139414601,-0.29451610595872574,-0.22526081601456577,-0.4193252478804026,-0.2875796883164984,0.05320309397582988,-0.26653098183381074,-0.2857933698472959,-0.39092705914426057,-0.284045869958154,-0.33805582837162074,-0.31437275148116234,-0.21262494862267028,-0.27271942596003323,-0.19757582459310197,-0.1898753104373002,-0.2431339080035261,0.0004751751001988329,0.0006537352274963819,-0.32658081913934933,-0.3401130544665764,-0.048737352135871215,-0.386931534179641,-0.2714847648396158,-0.016509248614811553,-0.36140804178696306,-0.15311574382202822,0.00864843023567155,-0.340651187651288
FIST,0.0,0.0,0.0,-0.09456828942919906,-0.36330406020948075,-0.07246888999390112,-0.13966461094169746,-0.6651119101587677,-0.14057981899228064,-0.1648522659329788,-0.8751366088365641,-0.19600671015654933,-0.14350681253820136,-1.0,-0.23866191378324123,0.1230174023253064,-0.7518840444542891,-0.16965052083110801,-0.28568592541765414,-0.7444684454822071,-0.2629790569639579,-0.28948216049310754,-0.6490242939725567,-0.3060129222987058,-0.18470797102776812,-0.629804958721731,-0.33348936862030154,0.1518992000826065,-0.5091032031670267,-0.19269612136871647,-0.32125335380731035,-0.49518234219410195,-0.26206241208697667,-0.25505323622628184,-0.4303149206328058,-0.2621189542387761,-0.1378963987895483,-0.4410084655009601,-0.2740543238112708,0.1356793468756922,-0.25113042667257346,-0.220698517956535,-0.31278668702961343,-0.251310961849453,-0.27351099037245874,-0.2396108167884391,-0.1996689078121435,-0.2216514905415023,-0.13446439842981028,-0.18590360021117952,-0.19591804556725853,0.08489483492856037,0.00384619868529088,-0.2588839978653348,-0.25365908496644946,-0.030012141157190513,-0.3172249853461196,-0.19483259692523944,-0.01390154171045422,-0.29733101645346305,-0.08822557570569435,-0.007497539292215503,-0.277461966911213
FIST,0.0,0.0,0.0,-0.06766983971572281,-0.2043361228779205,-0.13254799255912766,-0.12699131478201245,-0.43712992462206796,-0.28330814217219996,-0.18317493826607592,-0.6049924560295397,-0.4237036909979814,-0.275041522723798,-0.7245136571346502,-0.5807132904494413,-0.17782775347200236,-0.35330737857450617,-0.4380330652267899,-0.17535121545178114,-0.5747032215919708,-0.6677952255357761,-0.12207924025962995,-0.7384785734251479,-0.8135716058816096,-0.025646797017004435,-0.8978847540758289,-0.887015980488775,-0.04294086669950906,-0.16533757916536043,-0.45174405780327587,0.13108054057142682,-0.543183787181273,-0.6720050235859262,0.3117745395243824,-0.8036736124731096,-0.7311064340072612,0.4631461213799366,-1.0,-0.7590913213573276,0.11451322472692681,-0.020604845746266236,-0.46207064917952156,0.3496540738212643,-0.36311284142836625,-0.6726244476497248,0.5304293808693558,-0.6087219726440343,-0.655776838941651,0.6644211064387054,-0.7850155280702107,-0.615636043898279,0.27483610975125744,0.10006903080441736,-0.47863240549614905,0.484008635799962,-0.1705972013954415,-0.6206956003406136,0.6430681953309232,-0.3717436995878228,-0.5846658059041566,0.7643896024474277,-0.5111927194893883,-0.5381874193409177
FIST,0.0,0.0,0.0,-0.058525887080123455,-0.2735173769296155,-0.09163923476430272,-0.03463076538396566,-0.5613575483258566,-0.18352248599038112,0.06996087811078011,-0.7403254437076503,-0.25323543767525014,0.1942282644253587,-0.8660212716893202,-0.3262648635568334,-0.11607347554680818,-0.4573533867650568,-0.2997551288362237,-0.10189346659087192,-0.6731659770953271,-0.41048388882115416,-0.03283413150210357,-0.8573757095702491,-0.47100118966553267,0.04514066719043699,-1.0,-0.5096825721778605,-0.002309622670853254,-0.2839665278585927,-0.3107505977425001,0.24760867787320648,-0.5569875072733464,-0.4305280752386992,0.4414233335657229,-0.7646549551264691,-0.474007310672566,0.5971783605541955,-0.9357780268517203,-0.50070803358287,0.13084264232296608,-0.1283628334008157,-0.31592780847112184,0.3832913635547023,-0.38752892579711856,-0.4342432218318235,0.5678753214349876,-0.609615363989092,-0.46424598536829215,0.716489732179966,-0.7870923909400247,-0.4735225186701635,0.2683327713528022,0.00770505474114931,-0.32097096924626617,0.47980833559019354,-0.19431130459031953,-0.408160188705585,0.6127215354067845,-0.34790494104902436,-0.4167442876954948,0.719172658518731,-0.4619818494812797,-0.4161392089556541
FIST,0.0,0.0,0.0,-0.06937874662822552,-0.2533008344112942,-0.08807864856642508,-0.12981128076007017,-0.5053916146128387,-0.16397194287197447,-0.12699531659804036,-0.7046931434900271,-0.21978300970871625,-0.07743506862687528,-0.8781256480917972,-0.2789824298670314,-0.17121155447331415,-0.3942370192410499,-0.24037357556264966,-0.16291547033093032,-0.6213799777268563,-0.3393262464900196,-0.10587206383655409,-0.806111639295908,-0.39752024397622954,-0.03337496677866598,-0.9775754722520823,-0.4347193129981969,0.015858456242369277,-0.27993560407162027,-0.24962215311252917,0.2476254171123049,-0.5831198625731421,-0.3366714673189729,0.41240484612285394,-0.8014957831392777,-0.37831377308830094,0.5611402800740899,-1.0,-0.40696800103128683,0.1997802470275604,-0.15283952033654782,-0.25664874104138136,0.4262023492362403,-0.464114679875322,-0.35736417922865565,0.5903397536920231,-0.721873537285453,-0.3932398257081786,0.7351894371262282,-0.9399161413764205,-0.40924028936429374,0.36171435151446857,-0.03188840754490014,-0.26174685810878023,0.5600463096062012,-0.23904052374812002,-0.3432398087368713,0.7036312063646476,-0.4297752761316553,-0.352794824453999,0.82936720953353,-0.6098377916391873,-0.3537497150586493
FIST,0.0,0.0,0.0,-0.07611319878048596,-0.2892867110080602,-0.07487941200123725,-0.10627588110794148,-0.566180057837912,-0.13871357133005197,-0.08982715002707853,-0.7519230276050066,-0.182775964317092,-0.049123983424022494,-0.887629414968162,-0.2302819117862685,-0.15155652471688236,-0.4814259443917289,-0.24736250018217912,-0.11679667877028815,-0.6864014530379989,-0.33740446811939917,-0.05552790294575093,-0.8481638650328035,-0.3860213892537705,0.007030534616005443,-1.0,-0.41688909370415195,0.0032774816823983575,-0.35153170902431335,-0.2527499757247678,0.26193823381662334,-0.6084147071823705,-0.34263088680010945,0.4569840711916209,-0.8087490024695009,-0.38243635138155396,0.6182008396604549,-0.9881047599364597,-0.409901967693233,0.16730913413598397,-0.2191631454531466,-0.25117783748702893,0.440890453425697,-0.4748664553687129,-0.3462266731105968,0.6107875852143729,-0.6908124612490515,-0.3808875579974629,0.7490205721337121,-0.8755477177859876,-0.3960132506117395,0.3167066935993616,-0.09399611095103691,-0.24772295000243505,0.5383439409733484,-0.2990560985507334,-0.31958201119989404,0.6684464320464876,-0.4637873423373818,-0.3296018184973671,0.7782398055777229,-0.6080782999214044,-0.3308219359532834
FIST,0.0,0.0,0.0,-0.06832280528910939,-0.2568069251447881,-0.07230523352178862,-0.10477502667391683,-0.5074578847465279,-0.13738860170833675,-0.09814208192096503,-0.7024730927028707,-0.18293288080584855,-0.05049588037638308,-0.8571675702131857,-0.23207017803529487,-0.1644210626107897,-0.44062277992053994,-0.2477283308922652,-0.16670759611971644,-0.6531441467431979,-0.3383849542512853,-0.11814369580500905,-0.8079657308073059,-0.38470434928737884,-0.05623344252542263,-0.9523540291986433,-0.4115914069394307,-0.029297137676439454,-0.3500664804195255,-0.25011245230381246,0.12791718770684482,-0.6369217113288859,-0.33385945330115063,0.26013628617855994,-0.8375892053308805,-0.3692830873144425,0.38033405817471827,-1.0,-0.3937865674496923,0.12335677860306206,-0.24969475967631605,-0.24611017809858446,0.3402475650656339,-0.5070122206886222,-0.3347716801605059,0.48214878112198695,-0.7067931332925819,-0.3672723249230039,0.6022927569833448,-0.8615414069376972,-0.38167439407002396,0.26592787520562516,-0.15440809220446539,-0.24006932046161658,0.45228803663622263,-0.3567577702451469,-0.309949213998011,0.5651286597853323,-0.5090591108764709,-0.3229605277998313,0.6632963871676176,-0.6302842176380649,-0.3257342591472082
FIST,0.0,0.0,0.0,-0.0743865535869812,-0.28416731085093155,-0.08220127858216501,-0.10614689033337835,-0.5585948523618688,-0.14984377931289994,-0.08988926212834525,-0.7539985667209216,-0.1972268116477353,-0.025346079032136017,-0.9027512726657656,-0.2476802196916061,-0.1823684417467013,-0.4661436038808331,-0.24932515224885196,-0.18441001129115298,-0.661957123293159,-0.3401874788198579,-0.12914975837526094,-0.8241238970353676,-0.38925733114463357,-0.06055722804419722,-0.9781378945041315,-0.41936353623410966,-0.0308973647546882,-0.33796423924187546,-0.25199239039722154,0.16258396033110825,-0.6058574525319038,-0.34177621526416846,0.32533383829466495,-0.8158705241557972,-0.38100169558328817,0.4698784754421132,-1.0,-0.4069622967296147,0.13791954200353423,-0.20851688257349266,-0.2491409476964846,0.3781024705517531,-0.45227551600272414,-0.34743061992662827,0.543884267907457,-0.667779263152116,-0.38370912415302105,0.6869168401389361,-0.8411229429997077,-0.39751126042136176,0.2952776347631009,-0.09132866157550903,-0.24540160641137038,0.49910356999253686,-0.29436436446832914,-0.3220299397867426,0.62678692511191,-0.4619238878362679,-0.3363587986977769,0.7410008694632919,-0.5993139252113197,-0.3386742640164293
FIST,0.0,0.0,0.0,-0.09313272630274795,-0.25379923370449553,-0.12412294692335323,-0.1551435729276996,-0.5199012752918554,-0.21541618783743616,-0.16292772727331944,-0.7122477002666792,-0.2757650529201823,-0.13149179606534225,-0.872623565475795,-0.3405988824500479,-0.18137066190370107,-0.41349602456522955,-0.318069206738176,-0.1632693814658626,-0.641348755649182,-0.42647990487871734,-0.10871935534511308,-0.8297291910123777,-0.4813305476054891,-0.039607255640713976,-1.0,-0.5166235641156267,0.011906029789379472,-0.2926618281397988,-0.30581934467006405,0.22771085014245904,-0.5757993535603038,-0.4139666165173677,0.39849943296477675,-0.788947275169394,-0.46339826222880964,0.5474353381171434,-0.9771010267213314,-0.4991648801714847,0.1911560499824776,-0.17013531981307706,-0.28928722266206236,0.4149137347590963,-0.42238815303502264,-0.4102198197289823,0.5845212656121961,-0.64910648797729,-0.45921092206369524,0.7331396180117224,-0.8433624635058605,-0.4831981649111045,0.33988399879362524,-0.05664619998462719,-0.2713052077100503,0.5379873294823141,-0.24663589499067862,-0.36615705469456933,0.6732853209855795,-0.41146661820323116,-0.38945191040511234,0.7917639273751969,-0.5546607624653298,-0.4018191652120468
FIST,0.0,0.0,0.0,-0.11668727028880903,-0.2759475959881378,-0.09512407028298898,-0.17839008500807083,-0.5513583887029018,-0.17340841775817079,-0.1697482518914381,-0.7433848295914084,-0.23043085096489635,-0.10604338790093881,-0.8927082800113298,-0.29138265725842843,-0.1769920247345844,-0.48562336408093343,-0.25364170578913,-0.13486529582194376,-0.7030088966696356,-0.35003790619113523,-0.07562740802167689,-0.8588620316621791,-0.404109872979632,-0.012481785203613269,-1.0,-0.44022358620451263,0.010272036064443693,-0.34955380147492926,-0.2574523307741998,0.2796583808539028,-0.5973548873668656,-0.3569639652087818,0.4800523664731718,-0.7931164279547215,-0.4025116632339054,0.6482526592749572,-0.9853844815053697,-0.43587971985590107,0.1848353928423955,-0.20608809306865145,-0.25775302421619056,0.45420510116677076,-0.4529732349137122,-0.3743332025932224,0.6348725049568135,-0.6586197364783931,-0.4156101920585008,0.7870737225754272,-0.8403844644423286,-0.4334863723943697,0.33603876381679754,-0.06154365920329249,-0.25652542372341,0.5652633168504356,-0.25433964324593644,-0.35178488432655436,0.7160198920933281,-0.4140892943067457,-0.3675668536403812,0.842601209428354,-0.5629325907497842,-0.3707403233415391
FIST,0.0,0.0,0.0,-0.1135836740008382,-0.20215320851355248,-0.07722400303964568,-0.19082295576805042,-0.4507794011367303,-0.1470993169331521,-0.21861264469305183,-0.6485910747356847,-0.20139757265084185,-0.21576088130247925,-0.817026103357389,-0.2614459520792716,-0.138104105130811,-0.43941147178064904,-0.21445243996813884,-0.12854586593292608,-0.6482693172638221,-0.3071917932544,-0.08272312613049394,-0.8091962542171982,-0.3612588444754978,-0.02604517969434918,-0.9494753130953726,-0.39742659091809024,0.05404281377535131,-0.37068557816030473,-0.23005116317314372,0.21694536664545613,-0.6453556593790268,-0.3089243891642616,0.3470975942369105,-0.834039812166251,-0.35109801425358217,0.4667543622707439,-1.0,-0.38631030845634506,0.22690732852721152,-0.27238960948721314,-0.2454611707694996,0.41902314368943766,-0.5202558535289877,-0.3451448359126175,0.5792107113938765,-0.7104874469201894,-0.3948678287078167,0.7173365304591335,-0.8810752458643366,-0.4253791147893334,0.3720014034635251,-0.1558965030158503,-0.2581872773820226,0.5565160895950582,-0.32551496062696383,-0.34625991491377967,0.6931551105759616,-0.45068018214978434,-0.37319724388231224,0.8111033245246487,-0.5771102110109289,-0.3906325942614884
FIST,0.0,0.0,0.0,-0.12058676494268859,-0.2416290202163634,-0.08194931273595737,-0.2305127651476336,-0.4977151556850288,-0.14447259778521737,-0.2895114988801218,-0.6794513328746469,-0.19312894522560034,-0.2746046390771618,-0.832956624848121,-0.24384477064171195,-0.17315421381622287,-0.4678877486788365,-0.202240252335729,-0.14871649514719446,-0.6690992665895683,-0.2904183459077745,-0.1057987000629474,-0.8307151117682364,-0.34268551371383793,-0.053476197098563924,-0.9839847169562735,-0.3801763277847782,0.014876557216260924,-0.3940123845354335,-0.2145494338731095,0.15651135981027944,-0.6537509332318368,-0.2997911958148173,0.2805676611380305,-0.8365592657112324,-0.3467047053520807,0.4006847725842104,-1.0,-0.3857098070194549,0.19767310535638477,-0.2990007465854694,-0.22708806235168544,0.38556905183645385,-0.5293627673434732,-0.33034624917371996,0.5334620705303684,-0.7249040418087863,-0.3801882585133578,0.658105685760712,-0.8973992475589583,-0.4097447355082781,0.3571382720206116,-0.19167279061937317,-0.2389505003192163,0.522102406640219,-0.37245860842324074,-0.3234823473131119,0.6430057750581898,-0.5088665075902856,-0.3503191305544639,0.7480895829368623,-0.6432434015019542,-0.36851744414963894
FIST,0.0,0.0,0.0,-0.09498665040737916,-0.2341956968894268,-0.10144506120971375,-0.15737853774049285,-0.4999654774546777,-0.17817137716844947,-0.17263254754069526,-0.7087074260226484,-0.2328455230636138,-0.1273143231809047,-0.8733237860337271,-0.2890004137794119,-0.13760935967897972,-0.49735279022237505,-0.24172257554707122,-0.0793287071372409,-0.7343942999733534,-0.33763969387276715,-0.008531269156402881,-0.8591136238040169,-0.3891159264785892,0.05862003672778776,-0.9728616039725867,-0.4220117445250857,0.02486689786708426,-0.41861854687649724,-0.2381246339046119,0.18009722756395533,-0.6833733908621579,-0.3350392470486444,0.3094295772891532,-0.8538892994548588,-0.3841284031627447,0.42270021435481564,-1.0,-0.4191893295483392,0.18485805720766427,-0.32023270558307004,-0.23381486166152593,0.37358099868604305,-0.5585073133977667,-0.3390706402499345,0.5067368187540118,-0.7368255797621751,-0.37943514188483296,0.6197258279832139,-0.8833374244080958,-0.3993522877760594,0.31916933242848383,-0.21690239570712805,-0.22959147782201506,0.48678278755770715,-0.3992880217268886,-0.31606028086104915,0.5972281546452514,-0.5374398972987092,-0.33772255454476224,0.693812654153666,-0.656036523015249,-0.3471067799730453
FIST,0.0,0.0,0.0,-0.1920865421334308,-0.2102025434408104,-0.1692894348899139,-0.4003176977030501,-0.39815955459852925,-0.32748828013089976,-0.5346046571121859,-0.4491514489194225,-0.4594562303671837,-0.580289458526952,-0.4899851227936575,-0.6052126941061777,-0.3435023680452035,-0.3370172484121622,-0.5075409155456414,-0.3621644122797004,-0.5734179535642269,-0.6864666053687175,-0.34103104505960363,-0.7285160832602983,-0.7819074536929774,-0.30512495774999826,-0.8740118891226092,-0.8484858338139658,-0.0903068921140395,-0.25304376635386483,-0.521891553934337,0.05181058687436997,-0.5803285479125245,-0.7094081239295291,0.20626664668661449,-0.8030471314805181,-0.8029161624920214,0.35485576620959197,-1.0,-0.8790553136397526,0.15276578086369602,-0.1591797866323783,-0.5275107576895952,0.34423851274044387,-0.44048987319979666,-0.7095188384556096,0.5216807115774115,-0.6584812904535633,-0.7883488824551054,0.677609990373135,-0.8496346141761445,-0.8416501646613196,0.3577318339865893,-0.058264658101272834,-0.5343865852597618,0.54063948189692,-0.2504568949585941,-0.6621243295986333,0.6782456460652745,-0.4177245125121358,-0.7030305117267246,0.8028947711881202,-0.5898475802136502,-0.7404594118062606
FIST,0.0,0.0,0.0,-0.2723249159837892,0.1734059857290405,-0.03764750553343541,-0.5472330683087183,0.1860497045670216,-0.08163857496084069,-0.7340021862564683,0.16466292591369266,-0.13293250529750844,-0.8797804699664984,0.18244067747736412,-0.17494059021941663,-0.8041522816758154,-0.4420409385698632,0.013429074278114655,-1.0,-0.14198313646539476,-0.10755460847492028,-0.9531627646969387,0.08461094334083057,-0.20333654987197486,-0.8901270138987192,0.2006516171482198,-0.2558545458559738,-0.7239533362693132,-0.597072146463455,-0.0312043060337644,-0.9030746525320206,-0.14552761131820255,-0.13920179314543518,-0.754501125895867,0.08391889093358919,-0.18375962998359452,-0.64674673110094,0.16551717810388125,-0.18967869327493286,-0.6050563079004073,-0.6672984266293378,-0.09053375851201324,-0.7346998091613058,-0.17762154170402178,-0.16766648290804023,-0.5540842888375093,-0.0012087979783681195,-0.13460342929888208,-0.44277935717768446,0.003156506079051259,-0.09661181650220392,-0.4538428569181648,-0.6759159864106072,-0.16229149544165983,-0.5698497800636478,-0.259144463318601,-0.20901171957554576,-0.4562619274183824,-0.10297752926804972,-0.1702655808314898,-0.37360999701159187,-0.10429216670074501,-0.12204606341352685
FIST,0.0,0.0,0.0,-0.3039158411014097,0.20102311464876393,-0.01797585852134789,-0.6235780376809519,0.1556976744528614,-0.037592962585141124,-0.8251741648820787,0.02591637080658661,-0.07649712459700145,-0.9526894911265544,-0.13048895205284325,-0.10232317963979179,-0.7777559767860683,-0.3971271595870892,0.0695061653273167,-1.0,-0.14188026482901983,-0.0630566797138857,-0.9775299535314808,0.03295396661678953,-0.14819190459995343,-0.9431956011490891,0.04950828452415358,-0.1948193464215029,-0.6936490765070451,-0.5727671439021595,0.013470620844970936,-0.9069471806162079,-0.22123823151533686,-0.14652048296023013,-0.7433291174929095,0.014485875166932255,-0.18499210749648032,-0.6152263429042633,-0.010679834465659167,-0.17157013545536837,-0.5736063347789748,-0.6715309392898356,-0.0652150607516188,-0.751146687972717,-0.26526945878448865,-0.20829788319786094,-0.5816665149435487,-0.04836314324341603,-0.16617886436622323,-0.47319008314132255,-0.09772058847357999,-0.10333109803985825,-0.4374336579618842,-0.6923544216683003,-0.1521703646309285,-0.5518261129332616,-0.29844791669428616,-0.24509572923041925,-0.4408393263964935,-0.1446940657995175,-0.2222032148955307,-0.3625675793916993,-0.2110757286907827,-0.17951066794753695
FIST,0.0,0.0,0.0,-0.32370611246069336,0.18366345566635797,-0.0376297548979414,-0.6374358075393933,0.14542162870706887,-0.06915745146897889,-0.8460069133051592,0.049558990954397,-0.11374796155146928,-1.0,-0.07752731481657091,-0.14208019170741693,-0.8025641220162054,-0.36073927605914513,0.028054575459612704,-0.9884639164811179,-0.08944569468204377,-0.11421341954574378,-0.8880700780903281,0.13011378938316173,-0.2044592847303325,-0.7969033724986141,0.1867684281198877,-0.24759706530902784,-0.7227034718794079,-0.5044249921562869,-0.014037518521211245,-0.9005432076153649,-0.1522579869049277,-0.16189049509519657,-0.731448602410174,0.08708526536134997,-0.1950479973968319,-0.6159688245593026,0.07420992539937911,-0.18459552149288122,-0.5952369018118842,-0.5794130572490811,-0.07849296026992306,-0.7587738501712612,-0.23992496045630632,-0.21051916274230478,-0.6029069424041157,-0.025652599642250817,-0.16485098879123547,-0.5030327669422849,-0.06041528600155953,-0.10337857956020113,-0.4509020134635507,-0.5882798398419444,-0.15119380064453555,-0.5652805556654368,-0.2771334222377802,-0.2286116048979685,-0.47719985672692555,-0.10871576063425971,-0.19376424978720008,-0.41170905161786403,-0.14598924801685464,-0.14442473717033688
FIST,0.0,0.0,0.0,-0.30375193836927467,0.17689420983596194,-0.0364211722552844,-0.6449517603281086,0.16356859969559273,-0.07103377760529439,-0.8630795183079412,0.06619580007802965,-0.12033570706660168,-1.0,-0.048550047339272866,-0.15347903330753843,-0.7800788303410392,-0.45996341381083583,0.014912015908095112,-0.98308047558205,-0.2661626795756853,-0.14261251336381078,-0.8347263296618621,-0.03708698534144476,-0.23660677614530365,-0.7195557657225256,-0.003651823452063391,-0.27987852041248,-0.6768613404703436,-0.6042302356504538,-0.030357762226272195,-0.858933694142945,-0.3183683912816556,-0.1841012145747773,-0.6970382559529376,-0.07595408688828449,-0.21857340494941568,-0.5945243920977022,-0.07782283958523441,-0.21023322814029688,-0.5464488454432201,-0.6980655528900593,-0.09924157008983582,-0.7132027451903254,-0.3966571633574971,-0.2464723869740829,-0.5577562026708834,-0.16813840174519343,-0.20142412735898096,-0.45808609291970226,-0.1740835466887549,-0.1358687351654036,-0.39544033205593376,-0.7503179464815819,-0.1740103377958983,-0.5470468463062441,-0.4856697690915986,-0.2632993970539725,-0.4454404723970454,-0.28925750836026776,-0.2219715249103388,-0.3565467872891135,-0.2845420470095451,-0.16306120125566717
FIST,0.0,0.0,0.0,-0.3186788206094738,0.08376170737424105,-0.06077706564139855,-0.6529563427720109,-0.003128281034776159,-0.10614837844060485,-0.8702261044344339,-0.14412183054047373,-0.15574553359281273,-1.0,-0.2706799508105661,-0.1863865655113612,-0.7703543758368143,-0.655167940818561,0.004821938805356777,-0.9909845592697359,-0.36146399571037313,-0.11623779115344066,-0.8861621003759845,-0.14940487848732859,-0.19690648610831288,-0.7886740686276084,-0.09568725537728488,-0.24056134613354976,-0.6618404618412645,-0.7883708087038327,-0.029895524843386676,-0.8824300286724311,-0.4190930136234183,-0.14894022598225692,-0.7030788347369874,-0.17134458611201192,-0.17904270664522262,-0.5780665534325042,-0.1506805287543065,-0.17419863506367955,-0.5084222456967272,-0.8479234160328015,-0.08387546016184973,-0.7064545078006351,-0.48438588661385973,-0.1856843237318082,-0.5395220405266994,-0.2540309970492761,-0.15395700842496826,-0.42166871622641267,-0.2566233958047706,-0.11414503278850771,-0.32331007644911364,-0.8421449418684921,-0.1507961678860678,-0.49847840256350157,-0.5591859341336783,-0.22005604269703205,-0.4115335094991475,-0.37004324945657235,-0.19293787888851124,-0.31803280793966265,-0.3629281198526886,-0.15096014938865734
FIST,0.0,0.0,0.0,-0.278177566616422,0.12679672922269006,-0.08131958508680648,-0.640422175806167,0.06607118681365454,-0.115981186839166,-0.8941784878941182,-0.0639925766510137,-0.15112267103504257,-1.0,-0.2752854428917253,-0.15800800116684535,-0.7425185806346644,-0.569547938512864,0.021119322723693466,-0.9221503744350873,-0.2851387674529977,-0.11779166957268024,-0.7516506099616018,-0.0993075173331969,-0.1977155754912706,-0.6288760185710506,-0.08022994511726594,-0.23229210923223614,-0.6280255271198103,-0.7157274207348759,0.005102805172251562,-0.8059333966334424,-0.3687471332702747,-0.12876432993257925,-0.6142293030603656,-0.13980268296470905,-0.1444498883009699,-0.505976909798552,-0.13482591187097404,-0.12113476318213125,-0.4710300877764531,-0.7833888077136179,-0.039517515200407076,-0.6284054183323696,-0.45705365310604457,-0.17412739884683748,-0.46667937498613327,-0.23862662006547047,-0.12152453088703138,-0.3728820159318858,-0.2391108040185457,-0.04936361869684007,-0.29646034061012916,-0.788589861025018,-0.09642225117752365,-0.42230756819666077,-0.5241569003533426,-0.18104105668303327,-0.3315334911760946,-0.3636553533946683,-0.1502806316727587,-0.2599841432773971,-0.3740764772176206,-0.09680927384013996
FIST,0.0,0.0,0.0,-0.28597838906065726,0.1734463064881053,-0.08608908576146719,-0.6464095021111947,0.16331302295051633,-0.12289884855281953,-0.8810521081060345,0.04802083071825754,-0.1567279362018859,-1.0,-0.12723640106523026,-0.1633202014353077,-0.7410830969304816,-0.4485379881071289,-0.002538608581241473,-0.8967529996623556,-0.16698677545005866,-0.13520853920333945,-0.7200123323448464,0.0018715715474864386,-0.2164319676826502,-0.6083199888072406,0.006972062387222653,-0.2561757485505347,-0.6357253249440291,-0.5988010659072439,-0.014211007831949977,-0.7761546834843895,-0.24906456682074576,-0.14250209724561072,-0.5944201499006107,-0.06908962077475446,-0.1611577570641402,-0.49573910715741426,-0.07463861180446858,-0.14856755986791517,-0.49744284372814795,-0.6709086134320448,-0.052674248155205786,-0.6314779717298201,-0.3486409174903509,-0.1766255836632479,-0.4723039849664993,-0.18062315575452542,-0.13204289299213648,-0.3838919041202499,-0.18253675656509782,-0.07592166226248308,-0.3430053292541442,-0.6843531823345084,-0.1034357032802231,-0.44761249809246384,-0.42375708327068906,-0.19078528470825334,-0.3484668768505922,-0.30053518201914786,-0.1691949368836626,-0.2802031734068159,-0.32025988188366694,-0.12727756084389671
FIST,0.0,0.0,0.0,-0.2843269463060833,0.19321531040735282,-0.059184955477140824,-0.6184539756733795,0.2163527441416058,-0.08571816520263166,-0.8539213850050081,0.1104336826790227,-0.11782549739048029,-1.0,-0.05071999956569301,-0.12768476665538855,-0.7498619718080471,-0.3395767678330524,0.02637460624941949,-0.8872313743373426,-0.07970564843391612,-0.09774086011825395,-0.7090232707116935,0.07358843440471441,-0.17704603848270808,-0.5677926075520557,0.09224001976096828,-0.2120395612010356,-0.6539056413764275,-0.5004112344362016,0.006156768421348059,-0.771653596740526,-0.18197951699633283,-0.11104154578042283,-0.5823193622201773,-0.01864887093753308,-0.1357845666705893,-0.4644416576412244,-0.020728115677668205,-0.1257869468765051,-0.515139941857151,-0.6049282986294899,-0.03732873162038613,-0.6312901903621849,-0.3129939224164841,-0.149669412206592,-0.47094079038444314,-0.14852946365800496,-0.10703539456829915,-0.3702027399342568,-0.13954148038968195,-0.04978698894999528,-0.34865622701226645,-0.6617071522218875,-0.09014081003722856,-0.44426931919664064,-0.42493899343924996,-0.15734935102359404,-0.3571395998403922,-0.27334793690605125,-0.12507430168903377,-0.2878068311061528,-0.25717054421380936,-0.07718147949431767
FIST,0.0,0.0,0.0,-0.251320122309773,0.20639382178838842,-0.10313527430593876,-0.6018310064235032,0.23008742012622996,-0.14770638681244908,-0.8637798704098834,0.12419818215419767,-0.18708483797534395,-1.0,-0.07934342500966046,-0.19645980297369187,-0.7575491563201783,-0.3350652150781517,-0.005532945444766509,-0.8877090998695139,-0.099642703135588,-0.15304854896250256,-0.6866855115561454,0.05325067343178598,-0.23603417588409326,-0.5430265508532003,0.07887692299076517,-0.270105186535796,-0.6564949065595896,-0.5291656166171044,-0.01103492076300153,-0.7661650229890851,-0.2370927907797248,-0.1477471637371199,-0.5482860391010456,-0.04979391027256486,-0.1667071386479357,-0.43900290093692423,-0.05375889741995822,-0.14536627260905866,-0.503492184831124,-0.6509909667736317,-0.0464992235843447,-0.6057464312315541,-0.3598998672737353,-0.18683527619602797,-0.4175933704070832,-0.1778571148558212,-0.1350319385784924,-0.3305628825680572,-0.19890878849481697,-0.06265771439011072,-0.3255678668033131,-0.7169682409009706,-0.09421631958127576,-0.41204700861880683,-0.4373952050536785,-0.18120625800636941,-0.29785649882674464,-0.29516137161674033,-0.14645875292412955,-0.2312631956228334,-0.32044152483997246,-0.09153888570639686
FIST,0.0,0.0,0.0,-0.25083903668299873,0.20128061320265428,-0.10314566120526746,-0.6129067254380803,0.21181758408109963,-0.146467706126819,-0.8869509795398937,0.12130283166393906,-0.188690341772191,-1.0,-0.08597307047460184,-0.19690793178866584,-0.7898313023571139,-0.34658727822309426,0.01408606538944119,-0.9301367138095044,-0.10583278004157283,-0.1476872402586563,-0.7114510326643018,0.06055538594007595,-0.2306092093921853,-0.5702733730247554,0.0849755354751359,-0.26241848114824023,-0.6887634807560156,-0.5480439928893085,0.0005106606402560262,-0.8144748683753548,-0.23118958498428455,-0.15741789600983191,-0.5744327552081868,-0.013312598715859169,-0.17356957088453462,-0.46757066351195875,-0.040347673003939606,-0.14268960880934264,-0.5327846190909945,-0.6782711651771535,-0.047796677239319706,-0.6397799767596463,-0.34773515739733235,-0.20590093518512834,-0.43358266108909377,-0.13105280538170552,-0.14198251698782777,-0.35342905805734887,-0.18307496952870742,-0.0552216750590492,-0.3517810115307263,-0.7492971689799932,-0.11010177400483417,-0.4305077447547871,-0.42235066336917376,-0.20383330032437377,-0.3077886821633155,-0.24899235106512688,-0.163900823616872,-0.24296290572454343,-0.29455223543169845,-0.1028531794918926
